,V1,V2,V3,V4
0,0.06745229083426829,0.048798947472495614,0.08593583848377226,-0.03469889858643629
1,-0.06549894860252992,0.05379023219195198,0.04187248308700636,-0.034355371936516214
2,0.0236425665967422,0.05801181746039856,0.03339083248826283,-0.021385101131959763
3,0.06125489840722745,-0.07020605027999186,0.098844414734342,0.0906611406799478
4,0.06688791994629782,0.046538136002545596,0.008135542242016156,-0.08222566806955918
5,0.06449824431294733,0.03794767722518404,0.002010853466547141,0.01622381038989714
6,0.021294398060633313,0.01931678995896197,0.017243508487594726,-0.07363989433466982
7,-0.024119400811309234,0.018378710348129823,-0.06829145833679047,-0.005696141591794558
8,-0.010891932787335046,-0.03488094491555292,0.0751499549681771,0.02842974932010464
9,-0.08254555477919912,-0.06001317103059128,-0.01613339414279889,0.072867525583874
10,0.014567142795645683,-0.0622959437774895,0.016731478029312095,0.03376366114682004
11,-0.09101979122029867,0.09369437786059216,-0.026769453812887565,-0.06537927356275448
12,-0.08798182737996939,-0.07612926853574276,-0.10299325951217456,0.05361055912695024
13,0.05408421754630584,-0.039281821772029775,0.011364821378430024,-0.04182425817245762
14,-0.028581719460087963,0.08398337865322421,0.06579998489908477,0.011340400520632295
15,-0.07121206592716493,0.07322345186273424,0.02679592960712536,0.041687126930404904
16,-0.08139584146423957,0.05296892600614823,0.04782091133394509,0.021133201190912235
17,-0.05860243104118006,0.04502590666345996,0.03369132958423765,0.016289476990746295
18,-0.09871819128557638,0.0916331557201471,0.019569633574920593,0.04176635692940514
19,-0.01929902564585606,-0.010012298993497638,-0.06828035468490062,-0.045821128683335974
20,-0.087598767552123,0.03559380754925766,-0.08440076950113791,0.07751793152417163
21,-0.040874663629564226,0.03604618585104287,-0.10984829327180301,0.05565609720351395
22,0.024430098431695524,0.05188056317672784,0.040509315969017426,0.012227148961585416
23,-0.03656093216197807,-0.036524887934327746,0.055560650205476146,-0.04121910915630953
24,0.08173889043234897,-0.016868022993245926,0.09155854098908986,0.0850200989035042
25,0.016727908707887585,0.008390296803564722,-0.008867203616919788,-0.05918786357247645
26,-0.0032083734047061666,-0.02076817754481476,-0.08144186590460865,-0.04173817867685517
27,0.051321550003871376,0.028153992646086222,0.07884572348964136,-0.10085614659145649
28,-0.04940469786361408,0.003215485317068701,0.05286996892657586,-0.0817319339049948
29,-0.021969608156159427,-0.09176609868452697,0.01284364986687634,0.09144978746582128
30,-0.04267947661808058,0.021095127387136467,-0.058207418337996225,-0.01171248171171547
31,-0.06333667133448398,-0.04580603116158816,-0.027086931558336906,-0.026246025278145083
32,-0.09736393064952593,0.023105309157485356,-0.04109155811461428,0.04607285667945195
33,-0.006259821377886943,0.011171323557360365,0.03409038498846648,0.08972098313460461
34,0.048180170178684326,0.06470694153559722,0.08132999976274072,-0.01836190563906242
35,-0.036846659944492856,-0.0395799852196804,-0.11773281919572233,-0.05652882856707142
36,0.07231819426466522,-0.11360664419364196,0.014941252185490271,0.0906233560098735
37,0.0058038223015239206,-0.0022848731895921,-0.09617856767097695,0.014105737920235978
38,0.06368996027616036,-0.0697362832437045,-0.027808469459055844,-0.012802615072494215
39,0.06033507865507548,0.05926258589679303,0.09003070303979063,0.018510485513225913
40,0.05443611202099108,-0.041536109840873664,0.01453664157867799,0.035265324165280165
41,-0.0731366511668327,0.07568583570183332,-0.03454520915561207,-0.06007441121619571
42,0.06498575123480348,-0.06190830814125046,0.1237927752934713,-0.02619982639385349
43,-0.09679939533251813,0.08348018246484043,-0.12583547601883155,0.04002544735511231
44,-0.07950916466964507,-0.06637372983426613,-0.09142818147706869,0.08712019861061077
45,0.01323309127199408,0.028781736709430336,-0.03200905213699348,0.020611474806375298
46,0.09590464958036425,-0.11727387206968372,0.045522094661544873,0.11436821506837594
47,0.062472799848274946,-0.01596412030403601,-0.04706984665791554,0.045956561727579226
48,0.02388356373988554,0.09275091424833944,0.02699852655540523,-0.0949260392294789
49,-0.024745422963960807,-0.0728981475393031,-0.10080044402799665,0.09045871292553026
50,0.07738421242287806,-0.08339534555572325,-0.05444903042053503,0.06282189827551603
51,-0.073989513320916,-0.033955401783307436,-0.11782253031717035,-0.053624018141901264
52,0.024736745705644173,-0.030437146940839977,0.0015848166065822577,0.06235588349059195
53,-0.05321909279418387,0.04084565382053495,-0.02263887039638763,-0.05646347633145007
54,-0.08711810686021876,0.025609294819766183,0.03874168119125419,-0.051938842904448675
55,0.07984720335475609,-0.10878628601513324,-0.027787964000577738,0.12096961751213783
56,-0.029174423820476816,-0.04160883325704113,-0.0485117722348851,-0.031966357143602395
57,-0.018535165828459665,-0.08116647028841607,0.06214839204205356,0.060825022552131305
58,0.047989819406150394,0.03521839995268167,-0.05011304479391414,-0.03310287826644104
59,-0.05428163701157203,0.08161293401973894,-0.02169167089550192,-0.0740461150152357
60,0.045590025509560844,0.05343515843108243,-0.06840965078330291,0.029682403799837054
61,0.06732533518649235,0.025151414449023718,0.01683936071177774,0.06757384378704112
62,-0.09655704136029652,0.07751531420399302,0.045088596382717165,-0.0006286916184685479
63,-0.09754162162124734,-0.06462294235618364,-0.05691903336305979,-0.04535711824892147
64,0.014735150654100006,-0.09962746709337968,0.025516582642904823,0.10184374464391065
65,0.005537405019288988,0.07313703667279678,0.042555512522898346,-0.027645674245396146
66,-0.025848499524739468,0.07712996905076129,-0.05680282638812288,-0.031082063456148563
67,-0.0035823104540275708,0.031061723594710454,-0.10079636360105003,-0.03019300033184996
68,0.04299827774534357,-0.07356603086362515,0.11661937501303088,-0.012999609288114422
69,-0.08796390596011627,0.035491850778512316,-0.04989148299081957,-0.1040263292335926
70,-0.0846528065527378,-0.018105948389045497,0.01613129890640712,-0.007114595086691706
71,0.07298613037121829,0.08324362106999883,0.12696145830523814,0.02650138922295596
72,0.09646226883711731,-0.0471003478344372,0.13355248706786507,0.08950051796185737
73,0.0057098778955201775,0.06537489293701822,-0.08962414030867681,0.0777687850838415
74,0.02035111203314941,0.05809917929770515,0.03191538710358926,0.05787463168203181
75,-0.08546102889715111,0.09512324954852325,-0.11541026891430883,-0.03687246097771449
76,0.08518930332564634,-0.08257550828341531,-0.04568829682259883,0.006559521550308686
77,0.043900928135621325,-0.051661955714051536,0.06998620299749757,0.08184180148715176
78,0.05537645738047947,0.024891528084348684,0.1031319290968429,0.06802776378131395
79,-0.0523939884709087,0.08037695522474708,0.026689865402156135,0.009794006225637142
80,-0.02728224286662766,-0.06376009997769115,-0.0761584567433593,0.12339901748123255
81,-0.09433740257517492,-0.015500009567294127,-0.01687030569023576,-0.08428023488060198
82,0.036470817576540075,0.07009511665366269,0.06228030857940173,0.040087346190845405
83,0.038876982561795975,-0.016086773926146988,-0.018223743865895484,-0.06629375711739877
84,0.07604317390921084,0.038851621616178084,0.0903398703190396,-0.06332253494046855
85,0.040163528068470726,-0.08912078531452022,-0.0008667653849659743,-0.05945482639196375
86,0.08301602703508495,0.017649498685499226,0.035479499044080404,-0.040519385966653776
87,0.05261650900062756,-0.0048642579355001785,0.06388901339252887,-0.05325880827629438
88,-0.06102586337063112,0.0774240524626903,0.044737890159247846,-0.12368471305927818
89,0.02214587502892054,-0.0051438352892486895,-0.06245724248131614,-0.015574226197667542
90,-0.07040125971439562,-0.04463071397868344,0.0510429983408832,0.09552114040838977
91,0.09577953076592882,-0.014105208690830161,0.05140892356545295,0.07664160119776539
92,0.07911347064580931,0.08320504814849194,0.13241866248436857,0.03953325420215012
93,-0.019435051963893724,0.04821933554616192,0.07684679392666914,-0.0375122992644379
94,-0.0013773678572432946,0.01822972713453493,0.028469175226299225,-0.08079472617775095
95,-0.03545754051859997,0.039793575280047074,0.02051840266257249,-0.001037735020191933
96,-0.07701821748444493,-0.015838022215070337,-0.07070624472361611,0.1037358732420993
97,0.08109426383593268,-0.01009885519100727,-0.04683849714601654,0.07262432306254334
98,-0.057341346224541526,-0.026169793690680534,-0.005753419985555855,0.10554849904996794
99,-0.01797566558847823,0.033217353673087015,-0.0479575679085715,-0.07875862554307923
100,0.02165853184797686,0.023489955481359803,0.10464813963596074,0.07610388424327061
101,0.04633808110596425,-0.0005017690350078187,-0.024094417108567974,-0.036102453776933476
102,-0.03127476624586021,-0.04902101288503814,-0.007038087283260695,0.11787991987700898
103,0.006966375516998347,0.076559200020662,0.039629205213949394,0.006787557382907192
104,0.09299089840999775,-0.11580450349541678,0.1383690249052546,-0.03949309700386763
105,0.09062839111355739,0.0074328002446422715,0.07998029736498712,-0.02347675604350319
106,0.03505720513645501,0.019079132260493563,0.05891096727471665,-0.06123193527938825
107,0.03604048862279601,-0.0021956252668336,0.07044016972887632,-0.03405042340307994
108,-0.0926068417091383,0.0899604499118701,-9.783693965514928e-05,-0.0028213698540932863
109,-0.01935720436094577,0.08930741271081812,-0.024020119147789815,-0.06025872953741494
110,-0.04185365999317386,-0.038081554670971074,-0.061023787746321695,-0.02623579394624483
111,-0.042515334928594564,0.020121242582854873,-0.04549447300700103,-0.047320022424963165
112,0.05695765953607077,0.06357322321205772,0.053233178385290354,-0.06480098498446657
113,-0.08111076762108844,0.019957498924603516,-0.08223754801181266,0.060358236121862724
114,0.02472029317938207,0.08162729301491245,-0.06895849567767641,0.06355576071876945
115,0.08559008870816916,-0.11570380543207605,-0.038504020065326806,0.07275447388241543
116,-0.027472417369494975,0.03714251850365296,-0.0466180122544025,-0.07705272609645952
117,0.026412137688424167,0.01864150479428618,-0.06776096984406424,0.0887415597275781
118,0.0711790271241324,-0.025260256643025017,0.11305439011435908,-0.09438728908100338
119,0.02267868043892969,-0.04273821415105514,0.006407778836069499,-0.052792338614305476
120,-0.07906209579767881,0.09500279330441605,-0.10180806340445364,-0.0789499852950811
121,0.05115676464504888,0.023492329390676477,-0.062230377468932445,0.0882950605179757
122,-0.03624568569601294,0.010544650155639039,0.053833127394767984,-0.028359828468187867
123,0.020570060083132027,-0.013783420569766962,0.049472521113195465,0.051346335233183514
124,0.0682512688453717,0.07332991470667749,0.13155087143522431,-0.09045069089729084
125,-0.05904761779911463,0.03685587724445892,-0.07625041383802222,-0.02361743808245601
126,0.05925774495360501,0.06807477722585534,0.07369606076627733,-0.05345693788320098
127,0.004518324101793159,0.09099619154279018,-0.0023192979182023125,-0.07062684156150037
128,0.07622007608151121,-0.11331471298078537,0.13444469469797907,0.08077992642411555
129,-0.001825128672924259,-0.016887115648380822,0.052992854601774365,0.054229799968512835
130,0.060260393792447076,-0.06161228984562824,0.08547987148419456,0.05574536470182631
131,0.02090398814358705,-0.019184722468148188,-0.056252413622791056,0.10556657470144691
132,-0.0517911631857237,-0.04332192905657744,0.06864821791998439,-0.08065909788091064
133,-0.0682253989150453,0.02256577929357996,0.010783895908090216,-0.010218901644370818
134,0.053642608702583194,-0.05820548250644008,0.08809702591514315,-0.039866879116393
135,-0.06711359633751617,0.08079733476775067,-0.1223802451993642,-0.11043300128811322
136,-0.0917339938403905,0.07000369741112336,0.04016093969855113,0.009636789327822574
137,0.056092833004920566,0.03133644945172364,0.013084011355373543,-0.04388341564511266
138,-0.00862332388376299,0.0598225645908122,-0.04995937955537441,0.01151821847218333
139,0.08178017723631761,-0.1137770119462796,-0.04341412477266551,0.12759091535319517
140,0.03923932412818041,0.023203136088309016,0.09806401835274757,-0.012102162776399337
141,-0.017061599907668867,-0.003264306150920221,-0.01655549233032695,0.06574918913412676
142,-0.059200656981718836,-0.07692595393395274,0.03958711197033871,0.028213323452821577
143,-0.05297073132023853,-0.04382063776244177,-0.08287999888475392,-0.07028399766294705
144,-0.024834366262004238,-0.015472798216549268,-0.032496381833435804,0.06971416864537068
145,-0.053978918934252884,0.007814597806586611,-0.11150258466001356,0.007721115523610454
146,-0.00038352842431867986,-0.09475363126308171,-0.02292537589516129,0.0727680059203531
147,-0.09544696873938883,-0.04445197447721092,0.021538601782851746,0.05804562866421044
148,0.05346427140433441,0.07151725331279929,-0.005987020788012564,-0.0662842069313621
149,0.060126996088726736,0.04114668316473682,0.004057654081133295,-0.0485604974706212
150,-0.06309533326866226,0.1019411205393544,0.05312108909259501,-0.0073339086263106285
151,0.04025619333215933,-0.09212439066426345,0.05759224976804675,0.10500770718723842
152,-0.04779713950198568,-0.005995209857031725,-0.109747608644437,0.07566307386948094
153,0.09575558677376672,0.017641959104325217,0.08745928819067592,-0.004171609749036874
154,0.02847841783556724,0.015139012874704729,0.06342688089944337,-0.02510491073571396
155,0.09239064557503096,0.051191884473578114,-0.03191300050709997,-0.030275909648502214
156,-0.049764589406258324,0.056779916980329276,-0.03908565586798267,-0.04022153195164068
157,-0.044263679532741906,0.07712358916270232,-0.047838881615740556,-0.05243541545140776
158,-0.03361878535077532,0.04988876239990877,0.08026779515028835,-0.10913215319659123
159,0.041873333687978215,8.947890708716974e-05,0.04479112328758528,0.0806044765062122
160,0.0009501541792010571,-0.07896791597722631,0.0019909567946563345,0.046371255633877895
161,0.023887237248867012,0.010554551852592582,0.024881573135461688,-0.06251663812642178
162,-0.060756968432906615,-0.06523240100742969,-0.05909325048583987,0.02828948701357422
163,0.059358311904388165,0.0517312734052907,-0.058360162982092206,0.044673117421877254
164,0.058623672547778366,-0.10443323822819309,0.13166307268529623,0.01906613244136393
165,0.09049244552411113,-0.07827089972777722,-0.020023487009695633,-0.015532835411028824
166,-0.08685357798632028,-0.033718940940064515,-0.03420142247754694,0.006355258324428769
167,0.023079393092125013,-0.08170416769599827,-0.0614975756955726,0.011785269975323358
168,-0.09770010784586314,-0.0014490645227980686,-0.03549582096375349,-0.04519834492188662
169,-0.05665397170330027,-0.020525726457575118,-0.02227118903690275,-0.010641723790428364
170,0.0626335737912499,0.04860950381919263,0.05212127071744986,0.009286497370524307
171,0.023538829345729928,-0.03399537286027191,0.08734441074683265,-0.01066197788065799
172,0.06497395536766291,-0.05287134882529542,0.10281254369881646,0.03341661697601324
173,-0.013673626421373864,0.09992008999179432,0.05209264159547121,-0.12281544330458774
174,0.029362850179854696,0.08257281861782935,-0.0318531403046214,-0.1238951296087765
175,-0.020869296735339063,-0.028154021722388366,0.06168509531429232,0.07867227617146436
176,-0.09858442146239906,0.09216183605407643,-0.010557200766148196,0.008497228670471223
177,0.00038148576503249654,-0.06070053360942081,-0.07768056417602809,0.09660156870119713
178,0.004559584002509754,-0.03177663695609404,0.06925681092462195,0.0068733471326423235
179,0.04214705878386471,0.03976902595818824,0.025078474641635887,-0.08436786469305081
180,-0.060987530022698945,-0.07856386658129315,-0.10337927060294588,0.06631432553384978
181,-0.03827235387643535,0.033199242733094686,0.06919567615145987,-0.014847294815023272
182,-0.019143556523374874,0.03479005812553499,-0.020166367835969874,0.07375706415787468
183,0.0012585113886991685,-0.09075308509888295,-0.02951330407688175,0.04941731813877542
184,-0.02586623250873692,-0.02493140250980279,0.08042530137124114,0.07198208148038697
185,0.0869278111246411,-0.02247586632064849,0.06291199840408408,-0.013610478914837531
186,0.01886634915160741,-0.024608012794698833,0.010577153485381614,0.007017448089314355
187,0.011455308807597065,-0.047377718243966124,0.08095155272559687,0.07513130398613205
188,-0.07152605468607601,-0.06137385378151076,-0.10270443226150497,0.005760667161347988
189,-0.03516548858255213,0.010757373301919523,-0.052222171321612665,-0.04777862690959412
190,-0.08136400325545422,-0.04843559768441322,-0.09171958047556136,0.017143026958483264
191,-0.06698160849842882,-0.013509084866127424,-0.07838894417184863,-0.017046776007497495
192,0.09457575810064976,-0.03184266372902819,-0.027677159895362756,0.06934075839190751
193,0.000572007417352105,0.08226733094659575,-0.01387718705288329,0.04728140936211174
194,-0.09541982984054068,0.0584877089407122,-0.07009927628063817,0.01844791007189471
195,0.009927185977649767,-0.08372880893519455,-0.0460487722285938,-0.03656359145682795
196,0.036043359422267864,0.07897382041763895,-0.030767657821741887,-0.07382060974370666
197,-0.023250775303219708,0.04482478811706207,0.05747019291099992,0.03085371774180281
198,0.08495045835794793,-0.0885623093775887,0.11312963789036898,0.00707092439656592
199,0.060965159714547794,0.013260390468864326,0.13319962050481357,-0.04208797014383629
200,0.00910688836947442,0.08743793436849938,-0.060424861065128024,-0.0015464868280361706
201,-0.001821148297707187,-0.004363459483678726,0.09103265526623448,-0.012141825921238372
202,0.09944057500427204,0.013672393117962103,0.14681041063394512,-0.057087148787749335
203,0.03412314479121903,0.062091819656339184,-0.004705782013957049,-0.10792267413438843
204,0.07569018992978374,-0.07997215993711543,-0.032265063979846374,0.027030494316716135
205,0.0752077723853827,-0.03155811041656362,-0.040428686463203606,-0.02321634150781745
206,0.012657618062812093,-0.033893197540871195,0.09456306864227751,0.05015265219996652
207,-0.059499231718229975,0.06710429053180379,-0.07585976609433809,0.06424417162099991
208,0.08371256804052807,0.07468656970378938,0.01946554978565046,-0.125258663587157
209,-8.727239826342715e-05,-0.07808388841827887,0.08702420889034543,-0.05833365894106624
210,-0.08027463931331741,-0.0695117260546735,-0.1301135688012366,0.057016065870517184
211,-0.044928713047158245,-0.014819169168601747,-0.075247945784754,-0.025218914381442206
212,-0.002339144575549179,0.01736253849365606,-0.02980989321799634,-0.04084287996628734
213,0.0497662222376504,-0.02201934463234871,0.07466723215782023,0.05346693227382936
214,0.0015780530104619662,0.06876595585124065,0.05733987732896466,0.02852606940172183
215,-0.014437185367416162,0.03491853384715318,0.07057622274601955,0.0325965578750511
216,0.09265258521095816,-0.02729246290003216,0.12279578382779066,-0.015463064338457977
217,-0.0853665937428624,0.032304120554331156,-0.12837538811650476,0.03263731640288679
218,-0.025825193847612306,-0.08350083063117326,0.03694367493352776,-0.051834654326516946
219,0.06398237935897692,0.012191628715973266,0.01183588984628367,0.08193306204055734
220,-0.06229809965062121,-0.04732397559074982,0.03575036649457758,-0.04732115969301544
221,0.08009284210689474,0.04607688539100094,-0.0349533876144849,0.021658088739145372
222,-0.05119450637936743,0.04471059874383783,-0.10870864699631622,-0.0718864963769328
223,-0.07234473717951087,0.10968084825344238,-0.053801644151889635,-0.07229876591022386
224,0.017089721473047725,0.03071103458263151,0.09864301196149519,0.046739898618502904
225,-0.06960725726805109,-0.07521978377571675,-0.10770393214527449,0.09204091982571785
226,-0.03466791577454527,0.004952518738292474,-0.009701852166730043,0.05969409425768773
227,-0.018149441572836513,0.010243071020788905,-0.05342636843168731,0.043059474512793336
228,0.06170784314932185,-0.01402681446150838,-0.0040911052356236155,-0.028238459100804844
229,0.031053660351751323,0.052093571452051894,-0.023025351458425613,0.04747091617746992
230,-0.051552124922269196,0.030621232544538655,-0.08275639673514604,0.06996644145099065
231,0.015748557525952746,0.06200851169762474,-0.00951625882723023,-0.08663214281515993
232,-0.043885020761579366,-0.006919510375739724,0.03211042091700516,-0.022108613178487085
233,0.004697205811302863,-0.04935219492892051,-0.04675263955251342,0.08489931450187854
234,-0.0825113758752723,-0.053390471235691184,-0.05765774795001175,0.07143962265467337
235,-0.002925530198803728,0.09401949137836431,0.06835673079239223,0.0102659183994104
236,-0.060462860510221206,0.08985127695326581,-0.09156421963876009,-0.05277017759518493
237,0.018611269016029875,-0.03378875516183342,-0.0175302750127756,0.030738068503947485
238,0.03880293626783604,-0.07626075057754822,-0.028974573174115996,-0.041272736218885296
239,-0.08470831253102587,0.06102555846850052,-0.12129811384613391,0.02153945263618568
240,-0.07869441513054796,0.03299648474451485,-0.10253693048562501,0.061730641214535184
241,-0.05643663481078956,-0.02041491118652996,-0.12679790688103754,0.030125573380233958
242,0.045603525562907435,-0.06024155566956631,0.05286143384762719,0.08692812736696531
243,-0.09606591377379775,-0.016454751921766188,-0.141902321704082,-0.05468933942617109
244,-0.026923827395598267,-0.01715460818309178,-0.0739714707654279,0.04840623727827144
245,0.01846957748569744,-0.005411704631796631,0.02459354068755154,0.054194198623028995
246,-0.04257880046979499,0.03492129815775859,-0.10880684285287325,0.026373540566809947
247,0.0012579463015059524,-0.09118167006971542,-0.016691511907361057,0.04228895703837237
248,-0.064515408221882,-0.08513341122641964,0.003399650439453908,0.13186387994884152
249,-0.05588350783969831,0.0059775341369543,-0.015601250822368119,-0.09734503998428055
250,0.07190516609030227,0.06360663255478681,-0.04170784222564883,0.05151361446675657
251,0.06356495364829343,0.019197908848357724,0.10824176112901145,0.019455727961314312
252,0.02352186629682558,0.0729692902842688,-0.015444087681458022,-0.0882725130855536
253,0.03564642977421606,0.050817084528338906,0.07022355619807895,-0.1114464637266904
254,-0.07062351076233124,-0.018244096622840024,-0.04615849186105166,0.07715341575675506
255,-0.023607457726190263,-0.004054807403427666,0.08422340346880534,-0.10429343455577939
256,-0.035687695987178185,-0.07447504288844882,-0.025861497134719684,-0.003033752054296783
257,0.04087505413223602,0.08788301559645346,-0.021870460731107776,-0.05094026421921276
258,0.08133676988405376,0.032318823040829364,0.10849295922239166,-0.04767611098032831
259,-0.06105768154875666,0.03164743956544386,0.008004751950182083,-0.09349987710734062
260,-0.014829203348456077,0.03407199261784405,-0.09687813725976,-0.08180706201089817
261,0.04038925768558648,0.06049949692416703,0.05271480291263296,-0.03514075530264526
262,0.09681646181258963,-0.10960025850861212,0.09370053019904642,0.09930205944073739
263,-0.03601793890184884,0.10613525210822558,-0.024481698907647082,-0.06192644869899781
264,-0.056482654049476326,-0.08075624358719397,-0.039363929487899935,0.02431237593826683
265,-0.025879618717194998,-0.08512933199362405,-0.08318090573526812,0.04024127969108446
266,-0.03684155683171193,-0.02416855218875299,-0.01740662505166752,0.06317722671041956
267,-0.07835347094807127,-0.08359186677545385,-0.03576599394495074,-0.018776339484264264
268,0.08921709656217572,-0.042525880870657784,0.14751597558453164,-0.049498255085425345
269,0.05633882578745158,-0.10120158700508133,-0.0004476885623829058,0.07287902695831298
270,0.09886164088638404,-0.07077400121968427,0.0897948164567246,0.10549566532455588
271,-0.08035025215577635,0.06803398681931698,0.03444385050297812,-0.10226184959677344
272,0.027673166273852613,0.053504513622189574,0.00695055371785718,-0.035267725313700156
273,-0.05223169526796108,0.08381969578144749,-2.8176773290287255e-05,-0.01891342595819748
274,0.08292244893251666,-0.033091301582871824,0.1392599147554264,0.08474081145052619
275,0.03678903852100155,-0.09801135870168537,0.025936764720298218,0.12332293468930083
276,-0.05409876051215332,0.04651345993942535,0.06867399045581231,0.045605219297649095
277,-0.08678686260473263,0.11180321612751737,-0.10221574825103814,-0.06850567938891476
278,0.02398168493000241,0.002449639388543646,0.06247283522324931,0.05422764287494064
279,0.032892110200588756,-0.011288960594445254,-0.02825094334025571,0.10485335805645024
280,0.017904969350051037,0.03485704248083539,0.06305944455706897,-0.06469373948836177
281,0.030400275865324258,0.09286304391767912,0.09710928625896736,0.008778680889190635
282,-0.08930651991609083,0.06812839856766792,-0.034935180965969696,0.06209555655689475
283,-0.0615088083119985,0.10956069624073908,0.022209423041505513,-0.0876035315076718
284,0.014382258692487528,-0.024985159675064858,-0.022494239627332963,0.0021855659251918663
285,-0.03696167344256116,0.07079069613670151,-0.01096719538503533,-0.02163316217631669
286,-0.07149929456835517,-0.08518956856626976,-0.11416005297579848,0.07623395796832926
287,-0.05155738546499129,0.005388780361488957,0.002564024972220743,-0.05954188580407253
288,0.005107398714182066,0.006585124107098723,-0.015592681315445474,0.08800082452102327
289,0.004722812263351895,0.09059171833669236,-0.043667460350269624,0.03432074592213877
290,-0.024703547796848094,-0.04689450833527776,-0.08117238374475774,-0.044683070620293724
291,0.0022401789363834415,0.013579346192655476,0.0014659445246275036,0.04907198468254492
292,-0.08236855547208677,0.05918643768712459,-0.04678341414370011,-0.03425477500908139
293,0.09921855577272726,0.05528660789698654,-0.04234652221478827,-0.015919937845040838
294,0.039774745918574196,0.08600242389934196,-0.01498255859090607,0.006810027623301455
295,0.05591025472383409,0.04890149462598566,-0.04802167341002648,0.02109139387825182
296,0.03892554468678455,-0.07113001019512001,-0.06122753650465726,0.0433116643851227
297,-0.02533921300701927,0.10301191228487182,0.06621410213787221,-0.08419268249616434
298,-0.03406321272588891,0.04275097794295965,0.006836419836619475,-0.0072292869734989565
299,-0.023650608246495966,0.007195514409498908,-0.09671245982528107,-0.06708240202914911
300,-0.025085568308683227,0.04795126920369348,0.04648895708319545,0.014772732077414821
301,-0.08129034730675805,-0.044760997020658944,-0.06235887483227401,0.07780231117129785
302,0.0976798043273137,0.041132774736812046,0.10383573653639085,0.04889580612625849
303,0.00022707143246032403,0.06127769798046825,-0.040782703494995416,0.023808731381911735
304,-0.08997239195729119,0.03133841204034336,0.004507641040466935,-0.004871728728127604
305,-0.08471604957931572,-0.03479645031317592,-0.14386822677998962,0.0063002450525324015
306,0.053727196296940206,0.06222819255912468,0.00850802419865735,0.020719640617452264
307,-0.06944993285120252,0.015654846006865834,-0.025823927826943788,-0.013967387727163723
308,-0.048723932630719106,-0.08646284089309114,-0.058418299477888375,0.10004019731292962
309,-0.05560596480837452,-0.00762939373118857,-0.027742196071517677,-0.05946259390441761
310,-0.017996045846814048,-0.08197271876456094,0.015333886594674094,-0.009770966052356344
311,-0.04669783666130896,0.047186972138767005,-0.0402402661376492,-0.012555332964857235
312,-0.04618802952360022,-0.08634463028336822,-0.023102018033974298,-0.032568182772271345
313,0.05743202216810431,-0.028266658747305013,0.07734583056285499,0.04911271882491233
314,0.04757182506247948,-0.09636216589153634,0.07437857477275876,0.02825208042875165
315,-0.0017544795456922114,0.010714584403085562,-0.0399440267194896,0.04469475634624259
316,0.04815738658226359,0.044009216017770206,0.06360644862726401,0.0035577132597517935
317,-0.084222975101637,0.06806227435530499,-0.057400993895585416,-0.07519310079258458
318,0.012932633387035632,0.04191714405773295,0.05079994481915437,0.020339435363416633
319,0.032868900639781075,0.08164272679703517,0.10429341397589809,0.017680773416610285
320,-0.06822905928317412,0.1046192247927766,0.0010793342935980499,-0.00805937668880917
321,-0.07158860302312135,0.07225526455155332,0.05516685776137442,-0.04476232053373956
322,0.01024472961801659,0.015338378879261982,0.008877946789394298,0.027843300583574995
323,0.012198338054658975,0.008980525760476261,-0.03918198856941863,-0.0628237242100724
324,0.008037798034419818,-0.004140196622013462,-0.05465261505193864,0.08759881544827852
325,-0.02189581882880931,-0.05719861874433953,-0.06660580174783029,0.1220176501376023
326,-0.08339870378889135,0.09450714547385591,-0.10941771905946543,0.019641198415881078
327,-0.04968274062712239,0.0632993995028659,-0.02877221373939888,0.07101187046165221
328,-0.029275604651154443,-0.03328953471446376,0.01012621159975716,0.026496689750960124
329,0.035988764849799626,-0.029857436318631282,0.11980936328576726,0.02825954031429183
330,0.006721357960116037,-0.06503415248357855,-0.08952194283178314,0.1147988005850889
331,-0.011575220355444893,-0.004390511958785389,0.02518146749890323,0.058760581669131895
332,-0.03140721759879233,0.012640618821036863,-0.09863841357650474,-0.018940523370058138
333,-0.07367312547983847,0.005827091603633533,-0.11130641750377251,0.04701662554832728
334,-0.04454844983929873,-0.07448668216328364,-0.10432916759629596,0.09358866997118326
335,0.044979885359953856,-0.037767090061307164,-0.010786028927502193,-0.06059953430738982
336,0.002391364304370991,0.004105349703988071,-0.008439655575360552,-0.08027075877120386
337,0.019603637739565416,-0.09866384807405117,0.10182952053520145,-0.054195493356868636
338,-0.010026882502755963,-0.04791113705315546,0.04982840924903905,0.007641014076044229
339,-0.022306183596314245,0.05896869340249606,0.009290610134055763,0.02134111742782364
340,-0.017551587165033643,-0.01489658918988937,0.021801655459163245,0.04079097005898456
341,-0.062070106523513906,-0.03378038459880887,0.04512850728283725,0.059955957311857655
342,0.09125401808100711,-0.0769930255833114,0.07836764814187348,0.011631595485228682
343,0.043457635603135404,0.05164506700902351,0.027610110685909302,0.04446216443340065
344,0.013651386509391773,-0.09590910154675032,0.10127291938315458,0.0311814659633919
345,-0.033214045717569494,0.032282977877219544,-0.08036527911240475,0.054416764144223743
346,-0.03499736081746461,0.10515582550266205,-0.11122646307618782,-0.1146927417113002
347,-0.01861719768300858,0.042083541449655336,-0.054404484853433285,-0.0013701696370053366
348,0.06416548705766799,0.01806577292767264,0.085359066167601,0.042061732267941576
349,-0.05957821814252376,-0.04819985624758594,0.017492442365476667,0.030962643404322553
350,-0.05544295876193675,0.06098799367980258,-0.05969293634890812,0.07045232163420725
351,0.048449604606768615,0.06366687731371591,-0.03436948232334793,-0.07117658838455095
352,0.06407840199640023,0.0014999214250212209,0.11990485749361995,-0.09188785171911742
353,-0.04419533291519404,-0.04234956906113825,-0.11920754216478124,0.008425311361483893
354,0.03545273693734894,0.014020771377114194,-0.024817475131626594,0.041507128237465385
355,0.06618555261538543,0.07382366049740831,0.10082917787059746,-0.04102486732142998
356,0.05764523017101253,-0.0849404374811449,0.06974436400407379,0.032160294306065505
357,-0.06812691383897847,0.034953396251538225,0.05785811697614361,0.069582557516181
358,0.06305907723365599,-0.09010562223274146,-0.05486877145459222,0.047532773783598034
359,-0.025511652818149513,0.011800989213937815,-0.09753686283699665,0.017420285822472348
360,-0.07091120134896818,0.017487656714516197,-0.044671465028971374,0.09717645457637901
361,0.041827277999393966,-0.09905617949832583,0.100899773040491,-0.016233624160628336
362,0.0750016291575296,0.029753103679585512,0.036768926239631995,0.05639706989054572
363,0.08477138058598765,-0.05696971205177407,0.13349633574067887,0.04806160734884487
364,0.029312664888575958,0.05585054497755291,-0.04103535635861141,0.019904101150406403
365,-0.03242842033884213,0.07749495591790144,-0.10980656330709865,-0.042583097745103216
366,0.059708117788117826,0.05453996222648351,0.0569523139455407,-0.10593651894938949
367,0.019379592089253373,0.08082504261209296,0.09090077361777221,0.04697101356026956
368,-0.07972060455149206,-0.028913357288108395,-0.012532052197529016,0.08067292949848105
369,0.08539579496883948,0.07557248573028677,-0.01826843711671236,-0.03334955301292238
370,0.0869389822169378,0.036369880063953586,0.07712000674127481,-0.0949124593071986
371,0.0896914425583239,-0.005080798002032422,-0.011334646930783045,-0.0033234503702376577
372,0.061913047151567806,0.06698153059611833,-0.0039280197064542124,0.019681615452603912
373,0.07965087650178189,-0.03432764703627567,0.12853969664466192,-0.03450472427495232
374,0.0009776199183406443,-0.027220217922205466,0.06796784869097851,-0.07536214272433911
375,-0.013126924418843444,-0.05240128740597118,-0.027917605294357852,0.11216428624928133
376,-0.027716723675155097,0.08777218756991872,-0.02320140473506873,-0.010130800693877198
377,-0.004011339008061321,-0.0897602192283104,0.08674868357680497,-0.011633847197615753
378,0.009038475308856509,-0.05692733125151053,0.06741699628646777,0.005306292839887825
379,0.008636760213891037,-0.015366600771513585,0.06376473048726693,0.06625448670736445
380,0.016280952433534137,-0.052916935076504155,-0.015846823692915162,0.10236792877712889
381,0.014492241699590826,0.0935194160797136,0.027204989312097003,-0.039848147064378066
382,0.06984140969094942,0.015210423037793536,0.12990856026472403,-0.1024419530715439
383,-0.0696269141159787,0.089129956399155,-0.05937239953574162,-0.05067900185059824
384,-0.06313990231437128,-0.08210809528078523,-0.08577812557488824,0.09956723229316461
385,-0.04544973357474513,-0.06824505963012793,-0.028004840480960982,-0.013390233358153057
386,0.0771362449539351,-0.05059297171070523,-0.005224193160128156,0.05467821904636348
387,0.014306581403816977,0.01750140949932008,-0.08448902162458856,0.010298223519057969
388,-0.08592117018616832,-0.011776238797126928,0.005346134568169222,0.003590999451999265
389,0.09082859471593974,-0.044875899552175025,0.12935842617232854,0.07650979865614153
390,-0.08676879562823384,-0.004445044254166284,-0.034386742092765224,0.0033832576337599713
391,-0.023498385550342383,0.05322766109244698,0.013458612211261675,-0.11760857994053
392,-0.027820132244709517,-0.08221094642038358,-0.033983446423811306,-0.03300034771518905
393,0.017199930441363698,-0.017055399074691124,-0.016967759956119325,-0.09001485893269205
394,0.020438534646668362,0.04580321100694416,0.08835042631329242,-0.11172502613374277
395,-0.024981150391669506,-0.08098376181233718,-0.10161515978799976,-0.00312032907824341
396,0.0970545650946046,0.07325791832024964,-0.03768619338960534,0.03811942013298829
397,-0.02941501107388569,-0.020609357080786452,-0.09546446134142533,0.031290026883790616
398,0.09621894174847821,-0.05872650701171722,0.061073598879747115,0.1084223148593798
399,-0.050920957071137286,0.0017250541895372316,-0.10881864781482063,-0.0035468007088604193
400,0.09045562402860458,-0.08970575390425414,0.1498821095098404,-0.06713416608750045
401,0.011435941582401288,0.06298195509796484,-0.022245125227367338,-0.001509680587922252
402,0.06262163030291155,-0.08123426092027533,0.018210842090954815,0.03320366861400616
403,0.01815876908412295,-0.016461050440226985,0.10634109637791483,0.006994021326745945
404,0.07622989754557319,0.0014187418639771809,0.13515408167022575,0.041126923514433304
405,-0.033917604885738875,-0.0304998430324274,0.06798627856783922,-0.06805735117297045
406,-0.06222197251954984,-0.026574099239814658,-0.09905318506512734,0.0950022152497405
407,-0.03133961331148316,0.06522517899388099,-0.0903671185602014,-0.04465742088754821
408,-0.0983982964605491,0.03799130767754519,0.028567424822970068,-0.03199423168271265
409,0.010417767391453659,-0.012483796109287489,0.04736699973468833,0.092901434188312
410,-0.019751153978049076,-0.037103405713005716,-0.05232211038551442,0.04239052432904958
411,-0.08326082401860768,0.0755544774850363,-0.010835185948455138,-0.0660888470527744
412,-0.012832515730278216,-0.060842448659057184,-0.020972648661662655,0.11217549973831495
413,0.08570339350754425,0.05674306491765306,-0.03225035306656527,0.02702201697034303
414,0.013420064730073667,0.05103265753422171,0.07248128618787125,0.02337926391522917
415,0.032731530229241246,-0.030499026819075375,0.07677284165731675,0.021613527011250085
416,-0.005299476303926754,0.049274402457874816,-0.034219647575499904,-0.006629971769921849
417,0.005086273817278442,-0.09068766486891505,0.05210701969653947,-0.06567907519556361
418,-0.03258971216705431,-0.020810322475248725,0.030716119511989968,0.07069787220536883
419,0.024647310411402404,0.08940051448677964,0.09896329879653398,-0.03581323499150078
420,0.07717610385836063,-0.06878769204700944,-0.020254545557117934,0.11747309798938772
421,-0.05739597293815033,0.09721370480040131,0.0044971114616406405,-0.12265730173228277
422,-0.05118886337732098,0.09831510022198439,-0.11165872462371934,0.01702332055577305
423,0.021171847263831922,0.042591852688102824,-0.05191503796005716,-0.09629575258711216
424,0.009063921901913564,0.0294620940349309,0.07746555209482946,-0.0477194562693187
425,-0.08905716031392144,0.0506754235615785,-0.005795194707065562,-0.09241967337521068
426,0.05828496134209729,0.011775812476254328,0.043351892677076606,-0.08575736694023424
427,0.011909505553258138,-0.015002713314575174,0.03874289585296041,-0.09180927062662005
428,-0.06311987394596223,0.07230878826274459,-0.12214153436427672,-0.01897762240748406
429,-0.02428437853919392,-0.05879012007701615,-0.009534648592169776,0.055458977540519164
430,0.05664506947995347,0.0063948043707687755,0.028735347751158744,-0.0776892389308159
431,-0.07542525964769145,-0.029709286934018024,0.00575615435825174,0.08987120638703888
432,-0.002935268996751894,-0.02153643372031916,0.04683684320200136,0.044676386892691634
433,0.04134916701745035,-0.1053643003936896,0.006061121157540494,0.114637336702679
434,-0.020865678833858193,-0.07781590795262253,-0.04088069813048412,-0.0008878736321697375
435,-0.0939281576319505,-0.0010634087679047659,-0.008704668171063544,-0.0644329386209951
436,0.034634445704341536,0.055940040110666105,0.02233859305621902,0.002556739026184515
437,0.09483985555749824,-0.03656160214192424,0.1432550147713789,-0.07409136704590938
438,0.016705839854810358,-0.005739336836906601,0.10134314535564612,-0.009865078474889722
439,-0.02107205633498599,-0.032537316147055656,-0.01089783473017684,-0.03861895862768977
440,-0.060146958995872635,0.05575194752225014,0.03998796837693236,-0.050369899562119666
441,0.061763848868456234,0.08011106495621752,-0.058567996025102834,-0.11134405086011642
442,-0.029291310233484216,-0.021246237576021162,-0.11528029134602834,-0.025898436616514867
443,0.08638886130117174,-0.005856198739625113,0.11821657411760092,-0.04160897192420815
444,-0.03546451750042286,-0.011352816975065082,-0.04473361172312673,-0.05206290671986327
445,0.09010726346414417,-0.11353929461247073,0.09171287467186948,0.10988162055447012
446,-0.0013778887293138143,0.09902099493721278,0.06710372756581141,0.051031035275275
447,-0.032122390270386415,-0.02890272408151654,0.06970722592710941,-0.08980366130083055
448,-0.05374724472108388,0.002294525594624749,0.007091191803366707,-0.013155269520938411
449,0.02767111693803466,-0.10343125997993663,-0.005744518969236938,-6.968158227623616e-05
450,-0.010524925433066424,0.05998972747807465,0.05583052006403204,0.0646611386340693
451,0.06700392781908182,-0.0787374866126067,0.12371910290333303,0.009976144544380271
452,0.06331179137506049,0.04116467805085348,0.01000784727368054,-0.03919454290969697
453,0.08872104623522603,-0.09964983217400969,0.04930593230499821,-0.027998122722709316
454,-0.0009853636054898418,-0.08328898021737989,-0.004983412954899869,0.0984938985459084
455,-0.08999352587665635,-0.07474713611078664,-0.08811325052032537,0.09259265223333107
456,-0.050947225629667116,0.015133620862096688,-0.12075851422860354,-0.019527340343313927
457,0.06570997636343433,-0.07462010274092606,0.10134949191535522,0.03916144464668271
458,0.06844858000853023,0.0399775302416867,-0.052996854396796245,-0.048834246382520846
459,0.07231416625007055,0.07374158788123283,0.08052428594857544,-0.054510117186611126
460,0.02550201220316959,-0.05502579575358657,0.020257840389679233,0.11737029692190415
461,-0.0031620407052043165,-0.057722337464605485,-0.05501182394111654,0.07893768571042124
462,-0.09021463990916455,-0.04417715111601392,0.04103876372694303,0.10854140049412749
463,0.09169977250810901,-0.08490209174333398,0.04428395875468985,-0.02296078649598779
464,-0.08323351247753535,-0.027313129320578132,0.02698339170411119,-0.06044294259342744
465,0.013743518227346341,0.0769522009099104,0.016321211132042494,0.058935572024811485
466,-0.0734081446483598,-0.055769959849510733,-0.06703288970454595,0.1120526461998298
467,0.07507670172180564,-0.025807318926623586,-0.04962900903167055,-0.06804948296403197
468,-0.0886111467939204,-0.03226964707520777,-0.0697114612242937,-0.029739343841379468
469,0.09858879372145346,0.07264891149649806,0.14418755605458738,-0.1387307417557579
470,0.07522461888822157,-0.0007784498285195469,0.09918991134901739,0.005633738113928659
471,0.092189311841623,-0.09905627843905959,0.14508428436051343,0.02945592681104644
472,0.04094754098387701,0.009719460208684336,-0.02331432603097472,-0.0041883210568582855
473,0.0014910814834486975,0.03826275811787377,0.07020914750978137,-0.010627032499460943
474,-0.012977727250921212,0.01398387917794362,0.03466431910555953,0.019232097883141376
475,-0.08644743191531312,-0.07491960313479268,0.02380203273529906,-0.05475850993700928
476,0.08556939584401496,-0.059370874535577475,0.14787339900688265,0.09676313255291963
477,-0.004525688401591665,0.036580493267806845,-0.001783940693067499,0.009095817211428561
478,-0.05507895751949106,-0.07637885716789092,-0.028284259863331458,0.05400013639223037
479,0.0531225977181925,-0.05738967319060418,-0.04590028972676404,0.10765267908155494
480,0.042627206184129185,-0.05744686528750899,-0.06032926873950055,0.12071753760450779
481,0.004379671011562536,-0.09118394127257824,-0.06713537346600083,0.1423443856213921
482,-0.0840398831979079,0.07625801420659696,0.0413334807902255,-0.05330117105921202
483,-0.0701030625712644,0.08837378050324467,-0.06385039444139895,-0.05944600235617721
484,0.08107004187084582,-0.032568287429425954,0.13507121696927704,-0.05808751090258192
485,0.008853944692695782,-0.04779172282833203,-0.09115196668529778,-0.04538536132257548
486,0.060775667439191494,0.06328032114448738,0.01953023308219491,0.034302597642212954
487,-0.017325540469982137,0.093525274562945,-0.10602064836026054,0.029050729070850396
488,-0.0034643793807737967,-0.05870862716223173,0.07304584563018238,0.10350421985794364
489,0.043056193182293416,-0.06517772086460882,-0.03393103744352962,-0.05051381001368396
490,0.07907797816556572,0.006814236573050001,0.014204300068491417,-0.06633799411250685
491,-0.09597430652604147,-0.025490690253302032,0.02519481177910427,-0.08750689634407341
492,0.06321187692376606,-0.07769669697534576,-0.04175990820967764,0.06950300785198535
493,-0.02505578426732613,0.07142282034744209,-0.08639856612835507,0.06835684384140135
494,0.019637641680026487,-0.08918556777334735,0.042355971462522714,0.1180073208129204
495,-0.09610751007629861,0.1160484400037124,-0.08147818829600244,-0.01902303130508545
496,-0.03373946191561335,0.05310074016322393,-0.052315294090405515,0.004175893541307912
497,-0.03538781418491497,0.03628866898631281,-0.04604060588626796,-0.05246352211064724
498,-0.06009263010231523,0.027814902359893985,-0.10033758772307164,0.06238213595859359
499,-0.03625893569874113,-0.04793188636463346,-0.09547120538589508,0.1297854067066138
500,-0.029232601827944116,0.03971179098693175,-0.023261219007678264,0.08314963370988558
501,0.06259277437838455,-0.0015132348798544467,0.11701577086339433,0.041802455785498696
502,-0.045064924406333966,-0.0062267088840004346,-0.024741667755612536,-0.03256467073201543
503,-0.033419150335281755,-0.0330686711193813,0.01618103187144804,-0.07550285065328005
504,-0.07295464930796516,0.04029203562727017,-0.11746822874651625,0.09652488773041173
505,0.09548638149585381,-0.030556749776168495,0.08113805946502423,-0.005736819280611911
506,0.09576008252644863,0.003342893968734613,0.020916851985435005,0.014633521890427843
507,0.01864210851567083,0.030929480398196655,0.07678570441099013,0.002953819574743031
508,-0.05291168834178033,0.02781789086261833,0.03543803767324017,0.06537290130653137
509,-0.0032741070186841806,-0.009964954739385475,-0.0636793745573623,0.05240795155031523
510,0.06375042567811857,-0.10031119375293898,0.058434534660562226,0.03550419880814751
511,0.04147023935568777,-0.08911529908435087,-0.02106516261204877,-0.003887561568369974
512,-0.06582200790280117,0.09894000717845754,0.05656030466654225,-0.007787853870530256
513,0.01922153364077024,0.07496940701126331,0.048458473827892715,-0.10234667674539094
514,-0.07276515895120549,0.10838619759014773,-0.09022684614868577,0.06418396937700056
515,0.014360071945893305,0.09674035741324682,-0.05395660030035679,-0.013966253785878912
516,-0.06454338411220384,0.014375751808622047,-0.05248443872291574,0.0632283885065775
517,0.05657159845583584,-0.108872256190537,0.05077936477811417,-0.0112291545979663
518,0.017795071021541476,-0.03878287703048809,-0.002049486856123604,0.010292543253207505
519,-0.03789772515089747,0.052112452530740455,-0.09779128569216372,-0.05430569412933975
520,-0.05930528346288671,0.046046443242884906,0.06300345956540919,-0.0022904725715835565
521,-0.049044594355503394,-0.023447289557363967,-0.12333125724902544,0.03764475897699005
522,-0.01727554453293374,0.09047360494424095,-0.09257689557538655,0.006148536663845364
523,-0.06125953460413485,0.0949026552994573,-0.08280480917273758,0.031191528340404433
524,-0.09902701683564968,0.08057064364958079,0.0038992248650296726,0.06671490814868551
525,0.08958663619135683,-0.03678653146832564,0.05467813967645511,-0.08646866197083164
526,-0.05776787084475987,0.026399963981588222,-0.09367411109028517,-0.06586376265264089
527,0.012981903618562975,0.06770777282521825,-0.036137354857807676,-0.06591716224506067
528,-0.004963631282897563,-0.09636046572690371,-0.018633788650531547,0.06296134102974449
529,-0.055133003021583575,-0.07613012933557523,-0.02641441887725838,-0.028909363396763456
530,0.03259010773585327,-0.09929725792515481,-0.02073067667873957,0.09316303251536927
531,0.0830560784385839,0.06026971516652592,0.029056549236772724,0.05183245965766384
532,-0.054811432699292055,0.03549074576249948,0.03207847683889406,0.02539510928760961
533,0.04110789011505365,-0.022795288054367244,0.08707800672687631,0.027706164812537053
534,-0.0062097357224302875,-0.05241094926715167,0.027564514259172484,-0.009796392159033624
535,-0.06020344593647795,0.07916285016309221,-0.014470659859967868,0.04666544666689584
536,-0.08906410623827406,0.09327141570406378,-0.0608174714420328,0.01064566763832487
537,0.02387460255954295,0.019296903090824442,0.03899244949935445,0.08025642214972156
538,0.021166845089670084,0.033087966899235016,-0.07403644895098802,0.04894205321660587
539,-0.003617333991289207,-0.062423078742408156,-0.030473367643043665,0.015535002617231852
540,-0.029171174195414287,0.06531917082421769,-0.027674398157203964,-0.048627821993096274
541,-0.027610267939914612,0.015964215279128058,-0.07633151237898043,0.04938919327951238
542,-0.09661099277803326,0.010295231923196809,0.02217489078506322,-0.02935068447003796
543,-0.07136810213702287,0.004561236978550072,-0.1386278301893432,-0.048315749525947055
544,-0.09315551084711267,0.09434822918038813,0.0279702770816372,0.021041319178197744
545,-0.09370422829224281,0.11403784507767073,-0.05356618555193181,0.05960715738068677
546,0.050576091210821454,-0.012468284136278318,-0.06986930314923398,0.05835683686096435
547,-0.08846967979628043,0.06927747496444711,-0.08755492498669395,-0.08225070349162358
548,0.01598021668575469,0.029028665009313236,0.08960628576291702,-0.1189986959649441
549,0.0895625031342985,-0.023712484794772802,0.06117405347737365,-0.026608432607796113
550,0.006041611446202167,-0.03912914078392047,-0.0001626287133057341,0.009009826551304664
551,-0.08518542865576471,-0.021488332397810447,0.02625176843191026,0.008691834823899642
552,0.06966681111297815,-0.03943990941658174,0.06034590969426405,0.06608193871950609
553,-0.03796999701657105,0.10711694037367987,-0.0791682585009191,-0.10315907495888783
554,-0.0821127929253033,0.0216975973541496,0.05198116758611159,-0.007768519848760064
555,0.06894726891966987,-0.08363244360624195,0.07176286843294136,0.09558102478642141
556,-0.096342064287736,0.054829644637828356,0.04331442305062107,-0.055874102186844174
557,-0.0032087306157007056,0.03436115099590663,0.034619983901848686,0.050635197336721734
558,-0.07372619549511654,-0.025395718221986868,-0.022350366609896435,0.058564055058135965
559,-0.05962448459953287,0.06993874440548346,-0.10858201672291612,-0.07670283297631127
560,-0.06984083231382686,0.014153006590905489,-0.07937928952401657,0.06016017419448365
561,-0.07932773239225495,-0.052379170107310816,-0.030977942721697065,-0.06905296888429466
562,-0.07012704815679274,-0.0658149100064536,-0.13479883046932462,-0.011506724066377094
563,0.065085863815537,-0.061227484411899576,0.11744640020386132,0.03303416766333482
564,0.0875459849249743,-0.060181658937939975,0.13464770763652512,-0.0035114609822841873
565,0.04345767982864886,0.06628858094702744,0.041753099213986816,-0.007846588109135948
566,-0.018015092481251372,0.04828031166658775,-0.028843881610016164,0.06029918530336868
567,-0.03907683996348015,0.09535352942629305,-0.028140511728717215,-0.023583445949982913
568,0.07324373418133474,-0.01493109853947025,-0.0330022781179746,0.022152566685049342
569,-0.033268319859229026,-0.0492163993020319,-0.06992682534246725,-0.038911044433669634
570,0.03867464162779808,0.009361050991172272,0.03490809393322367,0.07539241059151276
571,0.024318698681507378,-0.09761130157486483,-0.005608875988960555,0.07454764741038242
572,-0.03929200979942511,0.07512810071901287,0.06711497010604846,0.030371416654282953
573,-0.09919547424325226,-0.0013303386597520311,-0.15233886933321117,0.044537303929709844
574,0.013441155414123319,0.04380903236074622,-0.011685737969144114,0.045692924378326616
575,-0.025816505831737138,0.05975950170729981,-0.05034023873287285,0.02383480816034177
576,-0.006751248375538999,0.04306569772074964,-0.08619786391051215,-0.07157909415817655
577,0.060819903730358706,-0.0657769118896864,0.07203439395038824,-0.017198878480485784
578,-0.07359868620173995,-0.010678336156361575,-0.009705307003639016,-0.05528278924673337
579,-0.06498663795307769,-0.0043664711378994196,0.06270323098692816,-0.03330668677429316
580,0.04335528960678008,-0.023509034233915916,-0.03338842045046972,0.0895671250025179
581,0.018406811562715755,0.02052074776940202,-0.04887977771738945,-0.07362283564484792
582,-0.041711610034141394,-0.03976669746291465,0.014483939694098003,0.016211960725755946
583,-0.023926704340961915,-0.014158868714852502,-0.005182626980714049,-0.025286465958836143
584,-0.0999336008751703,0.025850865440103267,0.011401526525825517,0.07378721018654098
585,-0.08103232978305373,-0.020044008228592012,-0.06961472862978638,0.07804419564198736
586,-0.07499466892737393,0.017052498452660395,-0.030553379424929625,-0.09776142530398091
587,0.09947505587926425,0.07542459997028822,0.06789555414875599,-0.019621170011280817
588,0.051777789823314185,-0.08840693844320044,0.12625489877011664,0.03902814054006211
589,-0.046809764556981964,0.07243827616876584,0.02132638231759272,-0.09629011380080735
590,-0.03756216211745596,-0.0526398724352069,0.03930981679447107,0.07581711486386258
591,0.034853859505100025,-0.03541972320173551,-0.03991167341431888,-0.059451415185475844
592,-0.04495678210832643,0.03226175356238749,-0.09240951482245893,-0.03984801232192559
593,0.04366045984257732,-0.012946857589325839,-0.04691490022270531,0.05811109522074165
594,0.051406754834831085,0.0695729471150852,0.11669320908901298,-0.04563893747729096
595,0.025947182126964275,0.03753829281338734,0.020712573291534232,0.0462524706691855
596,0.026459634937111055,0.06852819251691081,-0.033486233155579435,0.0076699380927813254
597,0.07751676694565734,-0.07814873031433973,-0.034421015804912414,0.08082797337894271
598,0.09159046664632137,-0.11101974205293447,0.067408694199986,-0.02022846885181462
599,0.030941906239016406,-0.08386684411671068,-0.042684045940247384,0.13313916509491963
600,-0.0032054076897257925,-0.03814526720319468,0.07696415892966608,0.07953852215921126
601,0.058220584209735,-0.10653708724286533,0.006120831370533146,-0.032350364544800246
602,-0.062195145756612696,0.016204344889090193,0.04039964117860889,-0.10543159625406431
603,-0.0829669842455282,0.032116887413562625,0.03467265901837036,0.0012859486732640646
604,0.048805056138048,0.05898860508552925,-0.05222296974924341,-0.10893207394038254
605,0.07875830691356056,-0.07214419217496087,0.0746667463011434,-0.059231646654362355
606,-0.04801870510015203,-0.08761734288918331,-0.06639838494192138,-0.0009843774068350603
607,0.045224847256463724,-0.014655099509942211,0.010718202995658484,-0.046365394754242915
608,-0.03843229620623987,-0.00228377091174912,-0.07824319863597236,-0.005771361985784446
609,0.06158967106194191,0.009690079449479722,0.004390440993977354,-0.0912283121849236
610,0.07888132258309899,-0.03284872114365655,-0.046114297861370494,-0.019978614520490517
611,0.09304067021545495,-0.0909489109310328,-0.005536829039312595,0.035570270207942206
612,0.06139921254762115,-0.026443580670182605,-0.011973720198956615,0.027754214898777052
613,0.022463273546619922,0.060186021787251166,-0.023645126939406708,-0.0015222628968085267
614,-0.014540774609908214,0.0055498627288186365,0.058711689952542716,-0.06189937310203044
615,0.09289848066799591,0.006264685176189878,-0.02579095738276744,0.08056306101614605
616,0.007175515792390974,0.017664655604981937,0.046167733416126774,0.05714979784358096
617,0.049350187066545016,-0.06325893370702097,-0.020448123654228417,-0.039581798051276144
618,-0.07266157076279885,0.02536553693458366,-0.03572273176322306,0.08697564036098185
619,-0.013738460588308677,-0.0928178866637634,0.00639064108598723,0.12785385154480683
620,0.020370355488839254,0.05895616260998679,-0.016978042987113445,-0.11013283329482736
621,-0.05383539584925728,-0.04060463953781849,-0.05881117010194076,0.11379909006600233
622,0.07540625974888826,0.05750731373368774,0.04933487892208704,0.014943232561222063
623,-0.09085141037845113,0.07449589402662438,-0.14020481549499259,0.014528993838651895
624,0.07772104166218048,0.08155517487209557,0.13034265487385988,-0.05688829296400509
625,0.09312997965460695,-0.0583521469821979,0.062145667039661186,0.0838856245710392
626,-0.017395100627097395,-0.047965832100984,-0.026386023917632874,0.09067603744700507
627,-0.048689450120609816,0.09509757190191212,-0.05329449754171847,0.018861186704285895
628,0.07481990037733972,0.059202508771269036,-0.015609398888526638,0.04627531034232442
629,0.04558714741262875,0.019675084720603864,-0.026373516985998352,0.07256617128404558
630,-0.04970467164469279,0.04505144870477424,-0.07682422618885185,-0.10495408973542993
631,0.02068003004542376,-0.07289890605202652,-0.011067821690717908,-0.04038455734063767
632,0.09197495606129423,-0.07554335434951397,0.09463487772282625,0.026893362050757895
633,0.004473712010072517,0.05284643036480137,0.015911506303490655,-0.1020590167382299
634,-0.05923762078193931,-0.04367313701826276,0.000967384234076829,0.0005374994435744657
635,0.045987407634845816,-0.0593184560914988,-0.07054149145695887,0.0633128561446954
636,-0.04741437852802373,0.025452015124348713,0.0508858240404914,0.058925058512532276
637,0.08227387150487242,4.2793482164304314e-05,-0.02574266906679075,0.043306961567996294
638,-0.04876678747759449,0.10349013794995747,-0.009500763628138464,-0.005211755043132794
639,0.0920119634014597,0.024765270403232422,0.13767710868445654,-0.07306078238871658
640,0.06766076294463762,-0.03497140573719938,0.11102171362987329,-0.07996376332547564
641,-0.07231896983445123,0.10861347494330578,0.030546037569447043,-0.14408448017708853
642,-0.0463590122267136,0.059470665258877425,-0.030188177308446293,-0.0266427959515188
643,-0.09636581578793202,-0.05713912193039415,-0.09722772863491616,0.09134848293022552
644,0.0783260633524242,-0.061664753640919334,0.11220809948696217,0.06747240238648934
645,-0.06699274584495128,0.05569329233695872,-0.07843914428054642,-0.055878701489452544
646,0.03759031204255488,-0.08062956184650016,0.11004518505986838,0.01802603423539154
647,-0.04687893999448665,0.016827421739712876,0.045728555845678726,-0.08973021676543289
648,-0.07312255131825073,-0.07900522402918067,-0.0012700801305297535,0.0592765597598876
649,-0.04612496276512528,-0.059948248637302984,-0.07934073800593486,0.0025017704112076516
650,0.0709565086048571,-0.05337286680114161,0.06870408487647867,0.10781575808725456
651,0.09570255191576199,0.038010307290675255,-0.019553611108103483,0.04772469895596914
652,0.09086358295694948,-0.04097784797358165,-0.003632868121859971,0.009638867177030228
653,0.0947860391444459,-0.04294365550412674,0.07601372407463489,0.0627270452340949
654,0.09504604985632235,0.025703160206675516,0.11124759503269852,-0.05086694047151575
655,0.09566404203784931,-0.009994359935686306,0.1473097061338695,-0.06751984103228609
656,-0.06268080669312966,0.09889623157095873,-0.10939418836721704,-0.09028217171260286
657,-0.08678686856235845,0.058738658428410126,0.002584663258600149,0.003961927009860186
658,0.06586788678193511,-0.08667942557173057,-0.0015441734298271143,0.05545544251008254
659,-0.09183001830702837,0.05207610851659551,-0.016037123285577444,-0.08166391135426539
660,-0.08222562329454111,-0.06386762315144061,-0.02065381640619671,-0.03395923425873337
661,0.09872633041999948,0.07364715444573924,0.08780476755512526,-0.08258023116177021
662,-0.07783310394658627,0.015193718011018093,-0.08724976856998251,0.04464129494619988
663,-0.06850322003466079,0.005019660577019393,-0.044113838061295395,0.060814038836396175
664,0.09063025381101693,0.054858728990140916,0.07636971362937944,-0.07780381175200429
665,0.021085497981772262,0.018738483319147004,-0.07577086975862204,-0.02823312244730926
666,0.03077879596915758,0.05528257504543909,0.07914993194320089,-0.10649202827443678
667,0.0723416028855549,0.025443428587408716,-0.010979742521461479,0.0913009521239221
668,0.00932240911196327,-0.09831329023446025,0.07825060779180648,-0.06776157122474893
669,0.029342316400134117,-0.003627738528596031,0.06950488173518998,-0.10159763263112186
670,0.0738997615855493,-0.10491908223197313,0.14130066861068213,0.09001879454686917
671,0.04296298042948665,-0.04830431927661461,0.006380402866122469,0.03263150606449981
672,0.04063976019857192,0.08542324900715488,0.08077955855148053,-0.024455582772887348
673,-0.0870592235769706,0.008494490533697687,-0.033561143723513084,-0.0016888961450930435
674,-0.035979646830203715,-0.07760614905074083,-0.11275921227883769,-0.027284217200032927
675,0.039597550119449015,-0.028722731990513155,-0.043335454201388665,0.08540430003308169
676,-0.0840920013504696,0.11206271844846022,0.04592578962122391,0.011274351906555367
677,-0.023784656253622694,0.0640728633612626,-0.036378225023117786,-0.03959971390247821
678,-0.07158372021761028,0.007589672039384227,-0.058054822296641606,-0.02650921368684787
679,-0.0773635933773989,0.09733402670926501,-0.11853509395910751,-0.011169803098352015
680,0.09897464344742615,-0.038026250892407853,0.09077697621050482,-0.021631565023696335
681,-0.08891802136870137,0.02855624505713188,-0.13472545519532425,0.03767807965528328
682,0.06352366220535077,-0.09452396035641743,-0.04186436359206277,0.1383564633715419
683,-0.06400013832070743,0.003943495942347448,-0.03599242937092375,-0.013809610942618705
684,0.07297445685596467,0.06634355983823259,-0.004529683000535696,-0.12546545593387284
685,-0.041792942068811595,-0.004383111345545454,-0.0774402970326625,-0.0029213329313004834
686,-0.05484926281553657,0.09261083474324741,-0.05814432740968231,0.020425129099836636
687,0.03266975078263208,-0.07536069774324555,-0.007551660285929691,-0.03694879419936681
688,0.06167282338057554,0.05377109284473602,0.03244335079975794,-0.038440003273498856
689,0.03027084523525572,0.04161213065693836,-0.0373031698830653,-0.0032128815275582496
690,-0.08805916068900464,0.0816132947652448,0.03132365243149643,0.06131103018729816
691,-0.0029313808391718157,0.054879873118261334,0.07992989684015529,0.026972037149856673
692,-0.07593339975121534,0.02926815337531882,-0.11044519314122825,-0.0770752944169826
693,-0.04327110463931361,0.07854360726618038,-0.11410246093918947,-0.040553179893116895
694,-0.09139467509408455,-0.0747244271126665,-0.013368432254025224,0.029789197875206237
695,-0.004374639054638508,0.06183230522045625,0.06116793027254172,-0.08920429386705879
696,0.07522901403845775,-0.07302255736831569,0.13079097624233568,-0.037768105427972445
697,-0.03329086088355522,0.021416715334848246,0.007957336399616974,0.005752165403700733
698,0.07687634510782063,0.04525812492525291,0.0389396675109713,-0.03743132011607294
699,0.08102349612891797,-0.04361732610506612,-0.0005502964740764851,0.013106170217062112
700,0.004256721106886885,-0.08511464392830155,0.057105530646212405,0.05262948229180903
701,0.08527906782080702,0.07252726269160395,0.07527240676387463,-0.060637552148144175
702,0.09646576869030438,-0.04977953356037771,0.06550413553112429,0.021740625886524596
703,-0.08862836691273371,-0.04834937239411133,-0.13208829734940894,-0.0292868812724575
704,-0.054530403460005775,-0.0849103713265138,0.05017053945080077,0.09956191309512033
705,-0.006878544651084862,-0.0011792703043987344,-0.04497800252532189,-0.0060006461391456205
706,-0.03679090267876646,-0.014659913503966858,0.05489521186413382,0.025696115584853532
707,-0.056640315254109445,-0.022473011612239534,-0.0019115350501767298,0.0006202135464570598
708,-0.08290285333700745,0.050995035110703336,-0.05296614797061948,-0.08238870249214907
709,0.08865159384348059,-0.00014070172762226107,-0.0008897335870270903,0.04370029799730494
710,-0.04843328748679121,0.07515334871311251,-0.08616880828234932,0.008070604622357098
711,0.0385255916500918,0.048794011587005255,0.05613556381143944,-0.019517960850552872
712,0.09121981560595137,-0.03103586026492792,0.0049217852868382525,-0.07908451247120014
713,0.027193641529289894,-0.09395099277362051,0.08528184273665046,0.05775905077766983
714,-0.030265469283032177,0.06351402241079482,-0.037212629008365604,0.0024035796067949436
715,-0.04817902582153902,-0.023580642551777144,-0.030136161077969223,-0.03716932094439031
716,-0.0722201014099378,0.04999485204586086,-0.03533186106116462,0.054804901362219015
717,-0.03638039735726195,0.03901021806061657,-0.002299477793289227,0.07909947541324525
718,-0.093566964151786,-0.034483244203672436,-0.022417235112648256,0.06676133129268338
719,-0.04469430719376386,-0.053542183190448636,-0.059519149621877744,0.0568533897531036
720,-0.01567272850021162,-0.006624199778836712,-0.07935370332532245,0.05287962331955709
721,-0.08868262292609704,-0.039813937623243784,0.025657125309837894,-0.01730479991719678
722,0.08141391571157051,0.05773976063582629,0.03092606227531059,-0.10108274719128763
723,-0.06888695615803352,0.09889998527492769,-0.06266064964073015,-0.04518550417749066
724,0.07281030342099089,-0.09290748021217676,-0.023441543112254597,0.004934939348332695
725,-0.08422110201272259,-0.08025993520694465,0.05002373428628511,-0.0009260093853757714
726,-0.07768765945486651,-0.08029423480678995,0.02769921579644169,-0.008183250299087397
727,-0.027236878549874534,0.05802917314987949,-0.036625852809409665,-0.025778117687114077
728,0.0689284314262366,0.0607688853438832,-0.013363455074005895,-0.07397481454666655
729,0.008276274201483514,0.0691276490514944,0.03499520782918943,-0.10022586833774833
730,-0.027545588975464597,-0.08293093226900941,0.04417868976122657,-0.03047806289498907
731,-0.06659842918092825,-0.07114143876471339,0.03577149501819984,0.07169790496605477
732,-0.09387802372374279,-0.027880987422687357,-0.055434942777271214,-0.06949835997600777
733,0.04908725977244393,0.061541236214657694,0.09909405076968142,-0.0700260604044396
734,-0.010388473496634631,-0.06282758679489679,0.03033285060662309,-0.06975715311497163
735,0.06366087260278462,-0.09905847894031468,-0.040358079524235445,-0.03494338500561666
736,-0.08672174707605909,-0.005876453506899672,0.012125753819765564,0.04094362502278174
737,0.004559718950141556,0.03607868488804276,-0.06914168194514292,-0.10003358545619562
738,-0.026406746438835296,-0.06670519492573901,-0.091187683432652,0.022319131245702797
739,0.08871118423520741,0.02747076280069267,0.06282558916552831,-0.00784089755207812
740,0.03684917739561993,-0.04538811703922665,0.08774331940102245,0.09693073853090092
741,0.09247690370802174,0.07013945069478669,0.08613889706626693,0.01239251029546052
742,0.08019502456345887,-0.07732735715948034,0.10512980446469476,0.057195935819020605
743,-0.07751297107399886,0.053341208128660236,-0.03874105981910616,-0.11119503115399534
744,0.06841252279639556,-0.03453970385237595,0.1347833298109879,-0.03192486397901437
745,-0.010317521828641187,0.012319767270564247,-0.010716215663224803,-0.02765006222146759
746,0.08238937288158409,-0.051049487173367214,0.0836823572907375,-0.061873386182439816
747,-0.03156917819647933,0.01826824048280992,-0.09329583822653649,-0.08172557012079514
748,0.04829681046315171,-0.04819891464170608,0.020592491032810047,-0.045585954373563886
749,0.048758558003344124,-0.06286850011034745,0.018154149936314864,-0.027115139640467186
750,-0.03567628793737543,-0.059324886488988794,-0.014028947680248241,0.07087863436069253
751,0.06430451745238323,-0.06936191500789063,0.08760427653338257,0.029044965394361355
752,-0.09257160290083154,0.03616589604154368,-0.13226116446758934,0.07185125098093387
753,-0.08829571627918283,-0.037151698551141435,0.024695173520618598,-0.02412161439574895
754,-0.06346316772808476,-0.019167611682018172,-0.002031215724668828,-0.07092612540405838
755,-0.012643232104767012,0.08232513604046407,-0.08691168973505735,0.03593459348118074
756,0.07437065549103399,-0.059523748589776486,0.12260133799837268,-0.08617867431087212
757,-0.01780049878062462,0.07554188893292109,-0.001397489515811385,-0.07168678344845211
758,0.07047446633870123,0.05113477676953253,-0.04670381177512174,-0.06388237326131325
759,-0.055504528103219666,-0.051084815452827316,0.004283573021835185,0.07823241468482207
760,0.06934558779813212,0.057077184827990804,-0.031204454770673462,-0.04755304127285541
761,0.0760867015638983,-0.032029110779361165,0.06797607476631039,0.0663183298790187
762,0.05633028160542413,-0.039136377093653994,0.12136714786681031,0.06826011670134294
763,0.06385856239335945,0.06883598685066435,0.11963929665271002,0.0378173058704267
764,-0.05190115065588528,0.10274438261007977,0.002035404024770586,0.03491882018743733
765,-0.034904138798643805,0.01003973315363899,-0.05159137501832892,-0.0001756511187472388
766,0.02860097487075013,-0.06366859237048118,-0.012249174725639866,-0.01070593054808518
767,0.02437363994686148,-0.024228664011804547,0.013187518747739048,-0.08197290393997873
768,-0.02687317974561143,0.06138620196636236,-0.058475507173928985,0.06537141770058633
769,0.027456586260508377,0.07390656036517412,-0.005502301584216352,-0.00687194243387677
770,-0.05228222899055133,0.1091412172055426,0.02656006535800377,-0.009609432326621363
771,0.049739578470488204,-0.023946900630175898,0.11362179498602151,-0.06378905484333104
772,0.04207543997124885,-0.030379252550723296,0.06606190519288763,-0.09641132351722198
773,-0.02708891931359443,-0.08225351543510612,-0.07705338623170338,-0.005719286134479189
774,-0.000689344166521999,0.02722863347599284,-0.015054607887184395,-0.04273492818302124
775,0.039244145619159926,0.0055351281743181305,-0.026588033406213643,0.0702416367424773
776,-0.023862000167988697,0.04322573231173155,-0.10897965575657712,-0.08214251167476161
777,0.06438234836613473,-0.10458264103923753,0.13339523900835332,0.022138846397682384
778,-0.07905192870012144,-0.04542168018643246,-0.13203606590066186,0.11184230016570476
779,0.0025318804923444072,-0.09504108082456085,0.03285496050944194,-0.037021430885496386
780,-0.06805015830711951,0.10291876946259822,0.008462504616730024,-0.00577555258344889
781,-0.054336782284596534,-0.02958212265101559,-0.10669097344405273,0.03584721554043571
782,0.012200842953112568,-0.09341725273791637,-0.03694822003730222,-0.018081842178787978
783,0.013220492904159121,0.023803515910603774,-0.06586374302080152,-0.01995668084758516
784,0.04916658217877417,-0.049920283088385614,0.012484447651606334,0.0978116780953345
785,-0.09457706829265373,-0.02428065273405023,-0.0969208910161608,0.12229719438337262
786,0.04470059890555744,0.05088313392342378,-0.06503730167310325,0.023400355894141186
787,0.05667212267870978,-0.1076678982388634,0.060024535037216865,-0.013582217753105204
788,0.034712185947198736,0.024166247494590384,0.05481209394973291,0.0680674174504152
789,0.036656559104942324,0.09189863674757544,0.05239977303340601,-0.0707900647160838
790,-0.05531905442174996,-0.029284793720250356,0.013333661146445595,-0.032382490191911174
791,-0.024004240495981044,0.06904248900176328,0.015611148175900253,-0.08231223626587253
792,-0.05288879781881253,-0.05526683521232255,-0.03506782869259592,-0.06842092022448405
793,-0.0247682602633875,-0.027037915734073024,-0.017377434624799758,0.06267351542746027
794,0.03511549058552179,-0.056904609822122657,-0.009465059978683105,-0.054978600991872816
795,0.013947916802513262,0.04866213982848384,0.09149869746327992,0.011312773173580905
796,0.05951614614714884,-0.10301974223055277,0.024066827873436523,0.07710163057243113
797,-0.008807744795230188,0.053604962950451716,-0.04646843141789876,-0.09469725611426061
798,-0.07706286611585225,-0.0763031096111083,0.0027129833546823343,-0.009666769235526312
799,0.06671070409186766,-0.08834566975364254,-0.010272852186316274,0.012989066715645235
800,-0.02962956264083194,0.05272762894888317,-0.10499028841401979,-0.0060499516865437745
801,0.07238911463798177,0.01006200259690977,0.03782212081833115,-0.09632575184375575
802,-0.06210985960025779,0.014651858163728253,-0.07390138869522367,-0.06524480181224604
803,0.07666171229994621,-0.04277125805275096,0.07865176197291397,-0.01379643370593625
804,0.08552884161492871,-0.11013536515433056,0.004099291610241404,0.07163890005065443
805,0.036570841662400856,-0.053668671415472956,0.04370514428209242,-0.012219150714990105
806,-0.08098329277941654,0.061157538547347665,-0.0946626456090542,-0.010960948989538881
807,-0.08692296391649167,0.1118056603354392,-0.07957973369989993,-0.015202775129184738
808,-0.09513077491045702,0.05585870534434095,0.0040696594426858565,-0.010693585350746472
809,0.0676025672741476,-0.02249326949642657,-0.02835938597887948,-0.08037227893173135
810,-0.0675512686657829,0.051203233905651464,-0.1286933242834276,-0.016272027626282316
811,-0.03395667065076402,-0.05414405430605056,0.05101001968110439,-0.052304915640292104
812,-0.04650588918341756,0.09692368937163887,-0.04177635468668503,-0.12571884140773742
813,0.000337050789080573,0.018323365765105123,-0.09021968115895525,-0.04448508705594707
814,-0.0014417896894146855,0.08711264658391804,-0.07193697149749141,0.060941298466261735
815,0.033913197331180325,0.01585755908782036,-0.015195920647543645,-0.0980729363632781
816,-0.018953796790429103,0.02711629723263716,-0.023150503834471405,-0.09675654974150671
817,0.019252417714521554,0.03923957749448862,0.0614887854636372,-0.03897588861158405
818,0.036126939248211885,-0.09817088537997587,0.016259913486967235,-0.046299775792743504
819,-0.020761189425741122,-0.09576321700110924,0.08419427152873325,-0.014500546062335092
820,-0.0029242020762294987,0.02184499765600549,-0.03539588137580702,-0.06745126896925313
821,-0.02595083393466198,-0.06937946555008499,-0.042980369517979025,0.07679223034640481
822,0.06629037063078205,-0.0043861491712882585,-0.039015036102980495,0.10089738652734556
823,-0.08742388512129362,0.09486386638502027,-0.09506175947889103,0.06963519818895514
824,-0.010711473695392361,-0.07410610318804417,-0.014015674262810099,-0.05965157626329243
825,-0.012193069174345574,-0.08185161475942342,-0.030606899068002635,-0.06141715314037416
826,0.00579407235297973,0.05387239844205395,0.010649565890130634,0.03774777288341766
827,-0.03860030173315776,0.01901287207595537,-0.03672410767091874,0.04811693839412489
828,-0.008550803227708782,-0.043515585913072044,-0.06919287231409443,-0.04761924619566389
829,-0.0791380056939503,0.04219046454271683,-0.1158239952244822,-0.020171319539368092
830,0.026654418017020065,0.06040272804909606,-0.012402269443621279,0.05190221408588065
831,-0.0097110660917884,0.025219432740920793,-0.07320631782834795,-0.024675183476411566
832,-0.03827303207614106,-0.06047665472298927,-0.10124663119540381,0.1312250281739289
833,0.044893408917688254,0.06005553573681051,0.10318984668950074,0.060609906683319434
834,-0.08713820014507268,0.06481058290319279,0.01796293778305503,-0.007184055603287158
835,-0.013385100275930251,0.07069296920507154,-0.06607687907798626,-0.04975803356876008
836,0.048549285871072545,-0.050389800441546555,0.08706368135434277,-0.0530158229428344
837,-0.07546639846641451,-0.07802848248546772,-0.08689755992775669,-0.004328454024468506
838,-0.027250850074845557,0.0070736970828524405,0.020544830750484397,0.07801890547584675
839,0.05282530358198694,0.0555703839370456,0.10342934720261776,0.04354981426630223
840,0.06454788980959718,0.01869876936780037,0.06623598230110764,-0.08325182476436557
841,0.008203322879826946,-0.0070092813389857934,-0.06900098861624882,0.10357185678340498
842,-0.01970093100222117,-0.0026074942274694098,-0.06351206736080689,-0.012216295368978253
843,0.046553193407699305,0.037755527320867885,0.05871283944957445,-0.08266344257740652
844,0.06797537232137267,-0.011675301494450048,0.1086499237697578,-0.022847275289258492
845,0.009666478984059168,-0.07221253583701842,-0.04701879616176846,0.0021982697330570136
846,0.0258837449980486,0.08060687213852887,0.07070562371161576,-0.06989251165241363
847,-0.07739035934868199,0.05007261706749272,0.013605063045844627,0.01875759606610766
848,0.032054445472878855,0.030930530364124516,0.014229710397025669,-0.05857941404189249
849,0.04336625057192696,-0.09608941173919475,0.02513430815705469,-0.05708644554255908
850,0.05563131382753637,-0.07000795528099267,0.06637673291464005,0.09141562548134832
851,-0.07209665811587336,0.03892195968991598,-0.04600689632488688,0.053199759871952856
852,0.002195406840591385,-0.034291715899400714,0.06889014134804507,-0.029473130079017293
853,0.004095628783909277,0.08790916336425997,0.04332175072832728,-0.00975909061723166
854,0.05520871662534319,-0.05857165047468711,0.03391633849861013,0.11669055152789556
855,0.07819451024109672,-0.000618774740501522,0.06001171436267222,0.04956701686462188
856,-0.02260957069200542,-0.07935198434479782,-0.010082365378426036,-0.031674153722545485
857,0.071738780165906,0.014773263257793559,0.015624497183861753,0.0004538946373014892
858,0.06173141610199391,0.05545133929863709,-0.053080558513496634,0.005700357758017291
859,0.03725726833758303,-0.034455018589673585,-0.06758484011525612,0.07256138922508132
860,0.03177423373710784,-0.04438846160264154,-0.07118634403729361,0.054258961197710065
861,-0.07316014409579995,-0.02829771347298518,0.024622738852215546,0.0873033612461723
862,-0.03916347867204926,-0.044741254771670035,-0.04472987063747262,-0.005570622579995653
863,-0.05256616721797387,0.040194200803195156,-0.07941875858580552,-0.0762774236765768
864,0.09259715640367386,-0.0365820468540575,-0.04489267711452252,-0.05836161426989639
865,0.0005887914739492573,0.042930921248014585,-0.07905451120414726,0.011128086983304723
866,0.06564385847818854,0.08354434396328883,0.09502242371579946,-0.052197264205176154
867,0.06549952662376542,0.08458039010714416,-0.007552001878299741,0.010128124228953053
868,-0.0920242288636539,0.08825498841663112,-0.025201568621200075,-0.12192817199775241
869,-0.06940556813841021,0.0007974084163100865,-0.017315817141972424,0.03335145660208133
870,-0.08590668615994951,0.09065868933848761,-0.14797777686627153,0.026044606579503197
871,-0.09282786257706395,0.007230853032500305,-0.0924568670067031,0.02757433587739038
872,-0.015305955341222255,0.015632361292947747,-0.012849823162462224,-0.02691618673100791
873,-0.011636273136789077,-0.08931950058516848,-0.06817799450158761,-0.015920149163227884
874,0.07899385340315015,0.0026980190552816467,0.0893214192911756,0.07301565515628643
875,-0.04892340874638626,0.0188994203374342,-0.11953429652189135,-0.030014933337413167
876,0.013200594830311642,0.033245284193754374,0.05024514915140277,-0.013070725167070685
877,0.07792515065660917,-0.07831703777990771,0.02260094732440381,0.0020173901231537346
878,-0.056589767680384664,-0.057256786044320135,-0.08518373980872598,0.1144867848779677
879,0.0028735178736793102,0.0020178335012058946,-0.06545643180774559,0.031295485616219025
880,0.020544658061126708,-0.05980799402105873,0.08162991933601126,0.0017551568137934952
881,-0.014980755886595289,-0.05687224279226182,0.009895844272624727,0.09944173356126149
882,0.04465673867193536,-0.033602495153170764,0.1241250039917093,0.06431968670458751
883,-0.016347783747905974,0.008841239122956,-0.07376959939495303,0.0820089984639587
884,-0.07373335460907485,-0.05845131366145803,-0.04351137195880224,0.1228475545193464
885,0.024912693515606835,0.05683443064903869,0.10043102101685497,-0.05183365447573372
886,0.08228827508948906,-0.05630894157094681,0.007354046018010381,-0.03970650699040218
887,0.0723642963588812,-0.0021734797962082164,0.040502907619196504,-0.10148901388720635
888,-0.07951609927942771,-0.047342666527809024,0.01944515987597191,0.09504734308736004
889,-0.09530003994044348,-0.050084129741526595,0.0056601462119677745,0.06526036893376067
890,-0.013969985857085998,-0.07567265494146852,-0.06822748953347642,0.09251377632534395
891,-0.05988102596488738,0.0023759759595066553,-0.0305335641263371,-0.08338592251135035
892,0.046150435022255513,0.05039552183039221,0.05286839810147397,-0.05554323397809357
893,-0.026709495372310113,-0.060457739810080055,0.08156213975383048,0.045095994873800026
894,-0.01387208072799564,-0.09461992441949753,-0.06945389081712404,0.1392987563732663
895,-0.06921051496312176,-0.06653040908367241,-0.03651820536346088,-0.05442726963216485
896,-0.035275458406859465,0.05815870619444514,0.00014116236561289436,-0.01625533968480029
897,0.05613478349858898,-0.06453100759347796,0.02064450629364223,0.029456023579475608
898,-0.005990112876647769,0.014113565221320134,0.0417920305510532,0.011923256756962292
899,-0.007816878966929864,0.007074476208152119,-0.022855025205358082,0.09243560484183887
900,-0.07674707339551207,-0.042968354543511576,-0.03357757161152665,-0.03658014110541012
901,0.05038547854089144,-0.03358553957714733,-0.03269427144860039,-0.009008988150683264
902,0.06796193641323019,0.08424032932924493,0.06696539859573314,0.04729568069027551
903,-0.0654091634035535,0.05254291130354513,0.005648153183478832,-0.11399964751641933
904,-0.0035999425541247687,0.09372828967628068,-0.04170950551677843,-0.05378251650777053
905,0.07032043928509848,0.03127333163303962,0.09033556632156468,-0.07176762680245344
906,0.05555399908651795,-0.06147595416568647,0.09409111066939777,0.08679409415434071
907,-0.09666651729277916,-0.07968257639358706,-0.01690304459673858,0.05531763194868364
908,-0.056837332337644764,-0.04662264951283407,-0.09566959890277904,0.003368348004770403
909,0.027514423944551725,0.07758445606985252,0.05325952659993957,0.05216879866374718
910,0.002209895157277142,0.055263150719783896,0.07993469995177478,-0.13036494504096288
911,0.005064906516096324,0.012722298631914727,0.055269550668735234,0.057970395056465465
912,-0.022363480503054478,0.07490786594878884,0.032907886541985884,-0.07849473323093684
913,-0.043072619763180914,0.02172437306146947,0.05920112439828032,0.0469988719773536
914,-0.05608719078921847,0.012382877968922717,0.034291815123047235,-0.024768331092503173
915,-0.06546917668252476,0.06423101072520296,-0.0009214244724531223,0.03818660483214593
916,-0.06740145399645228,0.04386170289820366,-0.04409728747991179,-0.025469449286980195
917,0.0625264719872151,0.0482948175201444,-0.037118295293468793,-0.007226155420812442
918,-0.007577337450139821,-0.09325441771547105,-0.023523071687397,0.02365864157834027
919,-0.0023599547239401275,0.08791897562158918,0.02992738272031242,-0.13311127860632255
920,0.056690934409646766,0.037160799779477775,0.07705734075572593,-0.095939795957803
921,-0.06587278767358294,-0.07294394861862824,-0.02750039754009454,0.0940425196848142
922,0.07856434732013713,0.0428678601013904,0.014446187038530657,0.029571940707844423
923,-0.06950575755384743,-0.05619056903106965,-0.06325341981015177,-0.04211478339668091
924,-0.03259676291982932,0.011456504184079223,0.057773437428713534,-0.05467932430842578
925,0.050669081796315754,-0.011249192868131482,-0.01350077913007889,-0.061426275406815556
926,-0.03714084834316891,-0.0034339335726780613,-0.12067586357668572,-0.07984753288717489
927,0.06406152931188643,-0.1121159417616433,0.034859991577000274,-0.007051415945002262
928,0.07596511252126766,-0.07766348731030234,0.05430693837701016,-0.07192830700798969
929,-0.0245740181687921,-0.04200246548323965,-0.1018509713711213,0.08715035728042374
930,-0.06978018254214673,0.06851750411700779,-0.11898677765216831,-0.06560341625272811
931,0.050721801512627666,-0.07725724252263391,-0.02075247308197177,0.010251918563613061
932,0.04930565528320566,0.01165075446086653,-0.02277944651509487,-0.016618577835462976
933,-0.03826876610005885,0.0718750258558923,-0.10539052232282459,-0.07117597807559245
934,0.06779616808237213,-0.08178896565924193,-0.04268862483173512,0.013216198400891263
935,-0.07744982744753855,-0.08115671487629432,0.039753317761971996,-0.067682787516614
936,0.0689861173460989,-0.08094611012430672,0.03596242220300744,0.10949889764311321
937,-0.022104227984175374,-0.07403236447007795,-0.09241737489199761,0.02840834393887521
938,0.004052166479549468,-0.016877391104218206,-0.03166720375451185,0.10715176634009267
939,-0.0486624000110065,0.07065304938885641,-0.019884866325267165,-0.027312084064343604
940,0.08191731148369633,-0.08172039437085414,0.07465669892636967,-0.043265592578907094
941,-0.0957223565711012,0.10322238329525195,-0.09368767877944348,-0.12666096810662503
942,-0.04016523350375947,-0.01935477753166319,0.06474358334470692,-0.08466867050357596
943,0.06116533878777493,-0.016536583669630872,0.001329247561029763,0.09486941699249403
944,0.05113936954727558,0.06989193396340299,0.0778502781997357,-0.13237089467995816
945,0.05633315227763911,-0.05543113207046044,-0.002078363259497208,-0.047963207241077215
946,0.04762870400856285,-0.059117272381666294,-0.01767663421617865,0.055349673400164764
947,-0.014501548399300757,-0.0028384151516312205,-0.10141006524647365,-0.012800767591539116
948,0.019159157735365674,0.036136653431018725,-0.08426436893234415,0.02258439085453861
949,-0.0649645388534541,0.011221336126384077,-0.01020177113463857,-0.032613526588822966
950,0.08915958787641341,0.008472165064582381,0.029438897978575202,0.027039347816341888
951,0.027081363569536013,-0.07929547470089654,0.07448938923449919,-0.0011027593481465932
952,-0.08842767696371033,0.05307037618159659,-0.07393165054816901,-0.022210641565317296
953,0.05675485456743006,0.06309362088812288,-0.05523340718257524,-0.04513169178387897
954,-0.07167324596538603,0.0377630275492366,-0.0023167468546811468,0.06271211520992225
955,0.058946659384646695,-0.048142752738557615,0.031070525311590356,0.10399293594692796
956,0.028174921945950393,0.08466521743846939,0.07132441933194096,0.048140533489820087
957,0.026176137828555924,-0.03590205139714264,0.03599487653422035,-0.03827559525767919
958,-0.007778598759812572,-0.07101925404494934,-0.04125635059108464,0.0555077415476343
959,0.02158589628271004,0.04418175907738502,-0.06457251859907048,0.04705009413850574
960,-0.0628985273301461,-0.08470864082033777,-0.03961849452225782,0.07403984364067304
961,0.054798372652096354,0.0829029448419917,0.0003921242362645537,0.024313275360824102
962,-0.05578648549512688,-0.03426585753478124,0.027405780389766057,0.07094310981380669
963,-0.009170117180437498,0.044352174588489515,-0.01946382501873958,0.031170863965482458
964,-0.03261434957184404,0.008691968948203394,0.0627814599558726,-0.07391820902208086
965,0.06851571889598998,-0.1002987866496708,0.09810002266158475,0.019860802165288398
966,0.01907927008076329,0.015252873341753778,0.04634712459826651,-0.0650068003068166
967,0.03733647955223638,-0.06983052756651768,0.0696385177092324,-0.03868990314286269
968,-0.0014277591708957039,0.004728078457463357,-0.09555904052585414,0.017891634558413295
969,0.08355895849231719,-0.02103722945675658,0.11048217278790208,0.010820659075461469
970,-0.01732948068125677,0.03495108149498283,-0.08645553385956171,0.07468548274800531
971,0.03902928430899349,0.023078325461650562,0.1004308849444722,-0.07874779663040056
972,-0.05736776803406474,0.02135551765257024,-0.04296034368870834,-0.05085643946184858
973,-0.04535177633250991,0.07627986208455777,-0.11760956790771314,-0.07530999404029437
974,0.0032544569713535143,0.05313244664506729,-0.013991224864391307,0.06841314066062952
975,0.05499943720556824,-0.08341375973537986,-0.061555736174815585,-0.014509422552256054
976,-0.018350704507153637,0.026926343146858718,-0.08074347264861151,-0.03786801260742482
977,0.08793231705932757,-0.05773393588355358,0.008233630799595576,0.09750213641556607
978,-0.019595891663707145,0.057862306412675715,-0.0013971257760278296,-0.04489555376985581
979,-0.022589206636137726,-0.07450116164907764,-0.03629177651760483,-0.024222488298381466
980,-0.030438648131539892,0.017299177570847268,-0.05436395002417872,0.09062722048518945
981,0.0492616781096058,-0.02270949265133227,-0.05160749516515381,-0.012500813141654805
982,-0.020397032172224085,-0.09004803987377129,-0.11085371559265657,0.05982826454722935
983,0.021043170672096313,-0.09949237601873305,0.06719672619014054,0.029563256770811334
984,-0.007845176016134792,-0.05118119782389013,0.003319533891623076,0.05243175709124158
985,-0.020517659030028248,0.09931046166858334,0.037610728276180914,-0.043847133154252246
986,0.029465795750341764,-0.07757927519950915,0.057161934858273124,0.01867501473172643
987,0.09802742839654088,-0.07811529130723667,0.08141404361536936,-0.0657677936331443
988,-0.07185257486632678,-0.03739285936403655,0.002717951091425752,0.06882575129392098
989,0.024683458507195888,-0.09776652772239552,0.1077012514373002,0.054888875312290926
990,0.08294108239272413,-0.11188691982943652,0.07691167701598307,0.13092780917656818
991,-0.06446205091415338,-0.08419237838915095,-0.09943618612733926,0.013931994497162661
992,-0.08812545860193535,-0.017509191409917916,-0.10074952888408145,0.02861144992571911
993,0.06102126405734927,-0.04243578881956153,0.012212855076020157,-0.0760284053536559
994,0.008133096633057146,0.044036724659497525,0.04420277551679037,-0.09600141556163785
995,0.06780361709722481,-0.10608070921044442,-0.054146384350756624,0.1423962057957519
996,-0.001752022590716873,0.026494059244499886,0.06732684507043747,-0.08711239532445961
997,0.0029626392719483974,-0.07426585046373485,-0.02980418998446645,-0.056493458970023
998,0.017782144666495216,0.043984982768870945,-0.059793979026352126,-0.025249812095896496
999,-0.003382851668640119,0.004062953586154525,0.08244194753003463,-0.0014887944291567118
