Metric_0,Metric_1,Metric_2,Metric_3,Metric_4
0.262,0.388,0.266,0.243,0.399
0.245,0.385,0.259,0.262,0.388
0.246,0.389,0.258,0.245,0.385
0.25,0.379,0.257,0.246,0.389
0.25,0.389,0.259,0.25,0.379
0.262,0.397,0.26,0.25,0.389
0.268,0.401,0.261,0.262,0.397
0.265,0.412,0.276,0.268,0.401
0.265,0.414,0.276,0.265,0.412
0.268,0.408,0.279,0.265,0.414
0.269,0.408,0.283,0.268,0.408
0.266,0.416,0.276,0.269,0.408
0.268,0.424,0.29,0.266,0.416
0.262,0.424,0.29,0.268,0.424
0.256,0.401,0.276,0.262,0.424
0.252,0.403,0.27,0.256,0.401
0.256,0.405,0.27,0.252,0.403
0.253,0.387,0.258,0.256,0.405
0.261,0.377,0.255,0.253,0.387
0.265,0.371,0.26,0.261,0.377
0.264,0.385,0.275,0.265,0.371
0.273,0.376,0.271,0.264,0.385
0.274,0.367,0.261,0.273,0.376
0.277,0.366,0.265,0.274,0.367
0.275,0.395,0.26,0.277,0.366
0.268,0.394,0.26,0.275,0.395
0.261,0.393,0.265,0.268,0.394
0.279,0.391,0.266,0.261,0.393
0.29,0.394,0.274,0.279,0.391
0.295,0.399,0.272,0.29,0.394
0.288,0.415,0.266,0.295,0.399
0.294,0.394,0.27,0.288,0.415
0.3,0.395,0.271,0.294,0.394
0.278,0.395,0.264,0.3,0.395
0.264,0.387,0.266,0.278,0.395
0.266,0.384,0.257,0.264,0.387
0.249,0.389,0.259,0.266,0.384
0.248,0.391,0.261,0.249,0.389
0.252,0.398,0.259,0.248,0.391
0.264,0.397,0.263,0.252,0.398
0.266,0.385,0.273,0.264,0.397
0.266,0.39,0.271,0.266,0.385
0.252,0.389,0.266,0.266,0.39
0.25,0.39,0.261,0.252,0.389
0.246,0.393,0.257,0.25,0.39
0.256,0.4,0.262,0.246,0.393
0.262,0.402,0.267,0.256,0.4
0.267,0.409,0.267,0.262,0.402
0.274,0.417,0.264,0.267,0.409
0.254,0.423,0.271,0.274,0.417
0.259,0.429,0.256,0.254,0.423
0.263,0.439,0.258,0.259,0.429
0.272,0.452,0.264,0.263,0.439
0.274,0.448,0.263,0.272,0.452
0.288,0.448,0.265,0.274,0.448
0.279,0.441,0.261,0.288,0.448
0.279,0.424,0.272,0.279,0.441
0.277,0.427,0.272,0.279,0.424
0.271,0.421,0.28,0.277,0.427
0.268,0.412,0.291,0.271,0.421
0.277,0.404,0.289,0.268,0.412
0.268,0.391,0.284,0.277,0.404
0.274,0.382,0.278,0.268,0.391
0.268,0.389,0.293,0.274,0.382
0.262,0.386,0.293,0.268,0.389
0.265,0.391,0.286,0.262,0.386
0.272,0.386,0.282,0.265,0.391
0.263,0.388,0.265,0.272,0.386
0.252,0.398,0.272,0.263,0.388
0.257,0.399,0.259,0.252,0.398
0.256,0.404,0.255,0.257,0.399
0.269,0.411,0.258,0.256,0.404
0.268,0.403,0.261,0.269,0.411
0.269,0.398,0.264,0.268,0.403
0.265,0.405,0.267,0.269,0.398
0.274,0.393,0.265,0.265,0.405
0.272,0.404,0.269,0.274,0.393
0.265,0.403,0.265,0.272,0.404
0.27,0.396,0.266,0.265,0.403
0.275,0.396,0.263,0.27,0.396
0.28,0.382,0.263,0.275,0.396
0.28,0.377,0.261,0.28,0.382
0.267,0.391,0.266,0.28,0.377
0.266,0.388,0.268,0.267,0.391
0.264,0.391,0.263,0.266,0.388
0.254,0.393,0.263,0.264,0.391
0.267,0.388,0.265,0.254,0.393
0.271,0.393,0.258,0.267,0.388
0.266,0.401,0.26,0.271,0.393
0.263,0.399,0.257,0.266,0.401
0.259,0.403,0.258,0.263,0.399
0.266,0.399,0.281,0.259,0.403
0.258,0.383,0.275,0.266,0.399
0.265,0.402,0.265,0.258,0.383
0.267,0.406,0.264,0.265,0.402
0.268,0.406,0.274,0.267,0.406
0.263,0.412,0.267,0.268,0.406
0.249,0.434,0.259,0.263,0.412
0.256,0.447,0.262,0.249,0.434
0.263,0.45,0.26,0.256,0.447
0.26,0.464,0.256,0.263,0.45
0.277,0.455,0.252,0.26,0.464
0.262,0.458,0.246,0.277,0.455
0.27,0.443,0.256,0.262,0.458
0.269,0.442,0.251,0.27,0.443
0.263,0.437,0.259,0.269,0.442
0.263,0.423,0.256,0.263,0.437
0.284,0.405,0.257,0.263,0.423
0.284,0.395,0.268,0.284,0.405
0.289,0.383,0.267,0.284,0.395
0.284,0.358,0.274,0.289,0.383
0.273,0.36,0.275,0.284,0.358
0.264,0.365,0.289,0.273,0.36
0.263,0.361,0.279,0.264,0.365
0.264,0.36,0.268,0.263,0.361
0.253,0.358,0.261,0.264,0.36
0.261,0.354,0.271,0.253,0.358
0.263,0.36,0.261,0.261,0.354
0.254,0.366,0.268,0.263,0.36
0.254,0.379,0.284,0.254,0.366
0.26,0.386,0.281,0.254,0.379
0.273,0.389,0.282,0.26,0.386
0.27,0.407,0.28,0.273,0.389
0.271,0.409,0.269,0.27,0.407
0.272,0.409,0.267,0.271,0.409
0.262,0.419,0.267,0.272,0.409
0.246,0.418,0.263,0.262,0.419
0.246,0.413,0.275,0.246,0.418
0.242,0.409,0.275,0.246,0.413
0.244,0.406,0.263,0.242,0.409
0.255,0.402,0.268,0.244,0.406
0.26,0.399,0.264,0.255,0.402
0.265,0.378,0.265,0.26,0.399
0.264,0.378,0.258,0.265,0.378
0.255,0.401,0.258,0.264,0.378
0.256,0.404,0.261,0.255,0.401
0.252,0.396,0.268,0.256,0.404
0.259,0.405,0.262,0.252,0.396
0.269,0.434,0.263,0.259,0.405
0.275,0.44,0.264,0.269,0.434
0.267,0.446,0.257,0.275,0.44
0.254,0.459,0.264,0.267,0.446
0.248,0.46,0.268,0.254,0.459
0.264,0.462,0.261,0.248,0.46
0.262,0.461,0.255,0.264,0.462
0.266,0.447,0.26,0.262,0.461
0.277,0.455,0.274,0.266,0.447
0.279,0.462,0.278,0.277,0.455
0.273,0.452,0.271,0.279,0.462
0.28,0.451,0.266,0.273,0.452
0.285,0.444,0.274,0.28,0.451
0.273,0.43,0.279,0.285,0.444
0.266,0.44,0.272,0.273,0.43
0.267,0.432,0.278,0.266,0.44
0.262,0.429,0.282,0.267,0.432
0.269,0.415,0.268,0.262,0.429
0.264,0.428,0.265,0.269,0.415
0.259,0.432,0.277,0.264,0.428
0.26,0.411,0.284,0.259,0.432
0.268,0.408,0.277,0.26,0.411
0.274,0.41,0.276,0.268,0.408
0.28,0.413,0.277,0.274,0.41
0.293,0.405,0.284,0.28,0.413
0.281,0.422,0.288,0.293,0.405
0.267,0.416,0.286,0.281,0.422
0.265,0.427,0.292,0.267,0.416
0.26,0.413,0.284,0.265,0.427
0.257,0.398,0.276,0.26,0.413
0.254,0.395,0.276,0.257,0.398
0.251,0.402,0.267,0.254,0.395
0.247,0.401,0.264,0.251,0.402
0.251,0.395,0.258,0.247,0.401
0.254,0.399,0.259,0.251,0.395
0.247,0.407,0.262,0.254,0.399
0.244,0.401,0.265,0.247,0.407
0.241,0.398,0.258,0.244,0.401
0.252,0.407,0.257,0.241,0.398
0.256,0.402,0.261,0.252,0.407
0.258,0.402,0.261,0.256,0.402
0.258,0.404,0.271,0.258,0.402
0.257,0.398,0.279,0.258,0.404
0.262,0.394,0.282,0.257,0.398
0.268,0.389,0.282,0.262,0.394
0.259,0.37,0.274,0.268,0.389
0.262,0.36,0.281,0.259,0.37
0.262,0.357,0.285,0.262,0.36
0.278,0.356,0.284,0.262,0.357
0.282,0.363,0.283,0.278,0.356
0.283,0.366,0.277,0.282,0.363
0.286,0.373,0.273,0.283,0.366
0.288,0.375,0.28,0.286,0.373
0.279,0.374,0.273,0.288,0.375
0.273,0.376,0.269,0.279,0.374
0.271,0.387,0.268,0.273,0.376
0.26,0.395,0.26,0.271,0.387
0.263,0.395,0.257,0.26,0.395
0.258,0.409,0.253,0.263,0.395
0.258,0.418,0.256,0.258,0.409
0.249,0.424,0.259,0.258,0.418
0.248,0.425,0.259,0.249,0.424
0.249,0.416,0.255,0.248,0.425
0.251,0.423,0.252,0.249,0.416
0.245,0.428,0.251,0.251,0.423
0.244,0.424,0.256,0.245,0.428
0.252,0.426,0.253,0.244,0.424
0.268,0.421,0.257,0.252,0.426
0.28,0.406,0.255,0.268,0.421
0.273,0.41,0.259,0.28,0.406
0.266,0.401,0.303,0.273,0.41
0.263,0.403,0.299,0.266,0.401
0.264,0.395,0.283,0.263,0.403
0.281,0.399,0.291,0.264,0.395
0.278,0.391,0.283,0.281,0.399
0.267,0.406,0.284,0.278,0.391
0.265,0.402,0.276,0.267,0.406
0.256,0.402,0.279,0.265,0.402
0.262,0.406,0.275,0.256,0.402
0.258,0.416,0.271,0.262,0.406
0.267,0.432,0.272,0.258,0.416
0.269,0.417,0.284,0.267,0.432
0.261,0.439,0.29,0.269,0.417
0.257,0.433,0.277,0.261,0.439
0.26,0.436,0.281,0.257,0.433
0.258,0.426,0.274,0.26,0.436
0.252,0.429,0.27,0.258,0.426
0.251,0.433,0.261,0.252,0.429
0.242,0.441,0.265,0.251,0.433
0.246,0.442,0.262,0.242,0.441
0.266,0.429,0.275,0.246,0.442
0.279,0.427,0.285,0.266,0.429
0.294,0.429,0.293,0.279,0.427
0.29,0.405,0.29,0.294,0.429
0.296,0.397,0.3,0.29,0.405
0.293,0.399,0.293,0.296,0.397
0.29,0.38,0.299,0.293,0.399
0.284,0.384,0.307,0.29,0.38
0.291,0.385,0.294,0.284,0.384
0.295,0.387,0.296,0.291,0.385
0.28,0.401,0.28,0.295,0.387
0.277,0.399,0.262,0.28,0.401
0.281,0.407,0.266,0.277,0.399
0.285,0.413,0.269,0.281,0.407
0.277,0.427,0.265,0.285,0.413
0.279,0.424,0.256,0.277,0.427
0.27,0.43,0.256,0.279,0.424
0.277,0.426,0.253,0.27,0.43
0.277,0.428,0.256,0.277,0.426
0.267,0.429,0.259,0.277,0.428
0.263,0.414,0.27,0.267,0.429
0.295,0.414,0.274,0.263,0.414
0.286,0.407,0.262,0.295,0.414
0.3,0.412,0.267,0.286,0.407
0.297,0.419,0.275,0.3,0.412
0.295,0.412,0.27,0.297,0.419
0.284,0.405,0.275,0.295,0.412
0.281,0.406,0.275,0.284,0.405
0.269,0.397,0.278,0.281,0.406
0.261,0.392,0.279,0.269,0.397
0.26,0.394,0.278,0.261,0.392
0.282,0.393,0.279,0.26,0.394
0.261,0.391,0.263,0.282,0.393
0.265,0.397,0.263,0.261,0.391
0.26,0.387,0.259,0.265,0.397
0.253,0.399,0.259,0.26,0.387
0.251,0.422,0.264,0.253,0.399
0.258,0.415,0.261,0.251,0.422
0.262,0.417,0.27,0.258,0.415
0.264,0.427,0.268,0.262,0.417
0.267,0.431,0.27,0.264,0.427
0.263,0.425,0.274,0.267,0.431
0.25,0.433,0.277,0.263,0.425
0.251,0.427,0.26,0.25,0.433
0.249,0.431,0.261,0.251,0.427
0.251,0.421,0.26,0.249,0.431
0.257,0.402,0.257,0.251,0.421
0.257,0.399,0.262,0.257,0.402
0.257,0.396,0.265,0.257,0.399
0.27,0.396,0.269,0.257,0.396
0.263,0.383,0.264,0.27,0.396
0.259,0.379,0.269,0.263,0.383
0.259,0.367,0.268,0.259,0.379
0.265,0.372,0.269,0.259,0.367
0.275,0.369,0.28,0.265,0.372
0.278,0.375,0.283,0.275,0.369
0.28,0.373,0.275,0.278,0.375
0.277,0.381,0.273,0.28,0.373
0.276,0.388,0.279,0.277,0.381
0.28,0.389,0.279,0.276,0.388
0.275,0.393,0.272,0.28,0.389
0.272,0.395,0.273,0.275,0.393
0.274,0.413,0.28,0.272,0.395
0.267,0.406,0.275,0.274,0.413
0.264,0.406,0.282,0.267,0.406
0.271,0.413,0.278,0.264,0.406
0.267,0.415,0.286,0.271,0.413
0.281,0.419,0.277,0.267,0.415
0.276,0.421,0.284,0.281,0.419
0.279,0.421,0.274,0.276,0.421
0.274,0.429,0.293,0.279,0.421
0.272,0.438,0.292,0.274,0.429
0.268,0.418,0.283,0.272,0.438
0.273,0.425,0.279,0.268,0.418
0.269,0.421,0.28,0.273,0.425
0.281,0.426,0.279,0.269,0.421
0.3,0.42,0.283,0.281,0.426
0.309,0.422,0.288,0.3,0.42
0.317,0.43,0.283,0.309,0.422
0.3,0.428,0.286,0.317,0.43
0.304,0.432,0.279,0.3,0.428
0.311,0.431,0.286,0.304,0.432
0.316,0.44,0.293,0.311,0.431
0.305,0.436,0.285,0.316,0.44
0.303,0.437,0.286,0.305,0.436
0.292,0.433,0.308,0.303,0.437
0.282,0.435,0.294,0.292,0.433
0.288,0.428,0.285,0.282,0.435
0.293,0.412,0.293,0.288,0.428
0.302,0.417,0.305,0.293,0.412
0.304,0.394,0.316,0.302,0.417
0.297,0.396,0.305,0.304,0.394
0.308,0.392,0.307,0.297,0.396
0.318,0.388,0.3,0.308,0.392
0.316,0.391,0.299,0.318,0.388
0.316,0.404,0.293,0.316,0.391
0.299,0.402,0.287,0.316,0.404
0.303,0.4,0.302,0.299,0.402
0.295,0.42,0.304,0.303,0.4
0.306,0.411,0.304,0.295,0.42
0.304,0.41,0.311,0.306,0.411
0.312,0.416,0.315,0.304,0.41
0.306,0.415,0.316,0.312,0.416
0.301,0.42,0.319,0.306,0.415
0.307,0.442,0.334,0.301,0.42
0.296,0.433,0.33,0.307,0.442
0.305,0.433,0.322,0.296,0.433
0.303,0.431,0.31,0.305,0.433
0.294,0.431,0.301,0.303,0.431
0.313,0.423,0.303,0.294,0.431
0.303,0.422,0.309,0.313,0.423
0.297,0.428,0.307,0.303,0.422
0.293,0.425,0.313,0.297,0.428
0.292,0.425,0.305,0.293,0.425
0.284,0.424,0.289,0.292,0.425
0.295,0.396,0.292,0.284,0.424
0.291,0.395,0.293,0.295,0.396
0.298,0.399,0.292,0.291,0.395
0.301,0.403,0.288,0.298,0.399
0.298,0.417,0.293,0.301,0.403
0.3,0.418,0.289,0.298,0.417
0.304,0.426,0.288,0.3,0.418
0.303,0.437,0.29,0.304,0.426
0.299,0.445,0.287,0.303,0.437
0.286,0.455,0.289,0.299,0.445
0.28,0.469,0.304,0.286,0.455
0.285,0.475,0.307,0.28,0.469
0.29,0.472,0.315,0.285,0.475
0.303,0.48,0.316,0.29,0.472
0.31,0.455,0.321,0.303,0.48
0.316,0.462,0.321,0.31,0.455
0.326,0.445,0.318,0.316,0.462
0.33,0.44,0.32,0.326,0.445
0.326,0.437,0.319,0.33,0.44
0.331,0.425,0.324,0.326,0.437
0.338,0.452,0.329,0.331,0.425
0.337,0.437,0.322,0.338,0.452
0.334,0.446,0.328,0.337,0.437
0.342,0.458,0.325,0.334,0.446
0.342,0.47,0.317,0.342,0.458
0.326,0.468,0.326,0.342,0.47
0.323,0.468,0.327,0.326,0.468
0.329,0.469,0.326,0.323,0.468
0.331,0.463,0.334,0.329,0.469
0.341,0.466,0.338,0.331,0.463
0.342,0.462,0.346,0.341,0.466
0.332,0.449,0.345,0.342,0.462
0.335,0.456,0.342,0.332,0.449
0.343,0.454,0.329,0.335,0.456
0.349,0.463,0.329,0.343,0.454
0.352,0.464,0.328,0.349,0.463
0.347,0.467,0.342,0.352,0.464
0.349,0.463,0.338,0.347,0.467
0.35,0.471,0.341,0.349,0.463
0.341,0.471,0.344,0.35,0.471
0.343,0.478,0.344,0.341,0.471
0.357,0.486,0.35,0.343,0.478
0.361,0.486,0.344,0.357,0.486
0.362,0.49,0.341,0.361,0.486
0.375,0.483,0.341,0.362,0.49
0.385,0.479,0.346,0.375,0.483
0.391,0.49,0.351,0.385,0.479
0.396,0.513,0.354,0.391,0.49
0.372,0.526,0.349,0.396,0.513
0.372,0.522,0.351,0.372,0.526
0.346,0.523,0.355,0.372,0.522
0.343,0.518,0.36,0.346,0.523
0.355,0.515,0.358,0.343,0.518
0.357,0.525,0.357,0.355,0.515
0.347,0.542,0.362,0.357,0.525
0.347,0.542,0.359,0.347,0.542
0.356,0.554,0.366,0.347,0.542
0.349,0.54,0.354,0.356,0.554
0.352,0.531,0.351,0.349,0.54
0.35,0.518,0.345,0.352,0.531
0.351,0.521,0.358,0.35,0.518
0.356,0.512,0.347,0.351,0.521
0.356,0.507,0.368,0.356,0.512
0.382,0.514,0.38,0.356,0.507
0.387,0.516,0.387,0.382,0.514
0.407,0.5,0.392,0.387,0.516
0.426,0.487,0.421,0.407,0.5
0.442,0.481,0.442,0.426,0.487
0.446,0.461,0.429,0.442,0.481
0.443,0.469,0.421,0.446,0.461
0.43,0.474,0.424,0.443,0.469
0.42,0.475,0.418,0.43,0.474
0.416,0.493,0.413,0.42,0.475
0.403,0.488,0.393,0.416,0.493
0.394,0.498,0.382,0.403,0.488
0.389,0.508,0.372,0.394,0.498
0.396,0.519,0.357,0.389,0.508
0.385,0.526,0.352,0.396,0.519
0.378,0.539,0.353,0.385,0.526
0.372,0.559,0.359,0.378,0.539
0.372,0.562,0.366,0.372,0.559
0.371,0.572,0.38,0.372,0.562
0.378,0.565,0.379,0.371,0.572
0.376,0.558,0.383,0.378,0.565
0.372,0.548,0.357,0.376,0.558
0.384,0.558,0.37,0.372,0.548
0.389,0.536,0.394,0.384,0.558
0.396,0.54,0.376,0.389,0.536
0.392,0.542,0.371,0.396,0.54
0.385,0.516,0.372,0.392,0.542
0.371,0.507,0.379,0.385,0.516
0.374,0.492,0.367,0.371,0.507
0.375,0.489,0.37,0.374,0.492
0.375,0.495,0.368,0.375,0.489
0.379,0.498,0.357,0.375,0.495
0.369,0.489,0.349,0.379,0.498
0.36,0.479,0.338,0.369,0.489
0.346,0.477,0.34,0.36,0.479
0.353,0.473,0.342,0.346,0.477
0.347,0.469,0.357,0.353,0.473
0.351,0.493,0.345,0.347,0.469
0.347,0.503,0.347,0.351,0.493
0.339,0.507,0.345,0.347,0.503
0.343,0.511,0.338,0.339,0.507
0.341,0.507,0.343,0.343,0.511
0.342,0.503,0.339,0.341,0.507
0.346,0.503,0.338,0.342,0.503
0.348,0.486,0.343,0.346,0.503
0.349,0.481,0.345,0.348,0.486
0.361,0.489,0.366,0.349,0.481
0.363,0.475,0.364,0.361,0.489
0.361,0.471,0.363,0.363,0.475
0.372,0.47,0.351,0.361,0.471
0.376,0.472,0.343,0.372,0.47
0.366,0.463,0.349,0.376,0.472
0.374,0.473,0.35,0.366,0.463
0.376,0.476,0.353,0.374,0.473
0.371,0.488,0.361,0.376,0.476
0.371,0.489,0.362,0.371,0.488
0.372,0.5,0.359,0.371,0.489
0.384,0.493,0.358,0.372,0.5
0.381,0.495,0.36,0.384,0.493
0.36,0.493,0.361,0.381,0.495
0.356,0.5,0.362,0.36,0.493
0.356,0.495,0.354,0.356,0.5
0.363,0.493,0.372,0.356,0.495
0.377,0.49,0.373,0.363,0.493
0.368,0.492,0.363,0.377,0.49
0.36,0.485,0.379,0.368,0.492
0.362,0.477,0.396,0.36,0.485
0.364,0.48,0.376,0.362,0.477
0.364,0.47,0.371,0.364,0.48
0.379,0.46,0.373,0.364,0.47
0.375,0.455,0.372,0.379,0.46
0.368,0.445,0.373,0.375,0.455
0.357,0.439,0.365,0.368,0.445
0.373,0.428,0.362,0.357,0.439
0.381,0.426,0.369,0.373,0.428
0.349,0.425,0.366,0.381,0.426
0.349,0.43,0.355,0.349,0.425
0.346,0.437,0.354,0.349,0.43
0.353,0.423,0.351,0.346,0.437
0.361,0.423,0.362,0.353,0.423
0.353,0.426,0.346,0.361,0.423
0.353,0.429,0.346,0.353,0.426
0.337,0.44,0.345,0.353,0.429
0.333,0.447,0.342,0.337,0.44
0.336,0.451,0.344,0.333,0.447
0.338,0.452,0.345,0.336,0.451
0.342,0.455,0.349,0.338,0.452
0.342,0.472,0.345,0.342,0.455
0.34,0.473,0.343,0.342,0.472
0.347,0.465,0.349,0.34,0.473
0.344,0.469,0.346,0.347,0.465
0.342,0.469,0.344,0.344,0.469
0.35,0.466,0.357,0.342,0.469
0.356,0.469,0.347,0.35,0.466
0.367,0.469,0.352,0.356,0.469
0.348,0.471,0.348,0.367,0.469
0.342,0.48,0.345,0.348,0.471
0.342,0.452,0.353,0.342,0.48
0.344,0.467,0.36,0.342,0.452
0.336,0.487,0.35,0.344,0.467
0.335,0.494,0.347,0.336,0.487
0.331,0.485,0.355,0.335,0.494
0.353,0.488,0.359,0.331,0.485
0.349,0.483,0.371,0.353,0.488
0.365,0.48,0.371,0.349,0.483
0.356,0.471,0.372,0.365,0.48
0.341,0.479,0.365,0.356,0.471
0.345,0.471,0.362,0.341,0.479
0.349,0.47,0.344,0.345,0.471
0.349,0.47,0.343,0.349,0.47
0.336,0.477,0.343,0.349,0.47
0.34,0.471,0.339,0.336,0.477
0.347,0.473,0.334,0.34,0.471
0.34,0.483,0.33,0.347,0.473
0.337,0.494,0.339,0.34,0.483
0.351,0.495,0.368,0.337,0.494
0.363,0.481,0.368,0.351,0.495
0.358,0.498,0.359,0.363,0.481
0.354,0.505,0.363,0.358,0.498
0.358,0.489,0.374,0.354,0.505
0.358,0.468,0.386,0.358,0.489
0.362,0.46,0.383,0.358,0.468
0.346,0.458,0.377,0.362,0.46
0.353,0.456,0.379,0.346,0.458
0.354,0.458,0.372,0.353,0.456
0.344,0.468,0.347,0.354,0.458
0.342,0.456,0.342,0.344,0.468
0.336,0.462,0.354,0.342,0.456
0.344,0.457,0.35,0.336,0.462
0.343,0.465,0.349,0.344,0.457
0.332,0.474,0.349,0.343,0.465
0.333,0.465,0.344,0.332,0.474
0.333,0.477,0.348,0.333,0.465
0.342,0.459,0.342,0.333,0.477
0.332,0.451,0.36,0.342,0.459
0.335,0.457,0.351,0.332,0.451
0.331,0.452,0.355,0.335,0.457
0.329,0.459,0.35,0.331,0.452
0.328,0.451,0.35,0.329,0.459
0.323,0.453,0.353,0.328,0.451
0.328,0.455,0.35,0.323,0.453
0.339,0.458,0.347,0.328,0.455
0.344,0.446,0.344,0.339,0.458
0.33,0.451,0.361,0.344,0.446
0.348,0.457,0.352,0.33,0.451
0.346,0.452,0.35,0.348,0.457
0.355,0.452,0.353,0.346,0.452
0.348,0.46,0.353,0.355,0.452
0.346,0.468,0.359,0.348,0.46
0.344,0.458,0.354,0.346,0.468
0.352,0.447,0.342,0.344,0.458
0.346,0.445,0.343,0.352,0.447
0.354,0.446,0.342,0.346,0.445
0.354,0.455,0.345,0.354,0.446
0.359,0.461,0.354,0.354,0.455
0.352,0.454,0.35,0.359,0.461
0.348,0.475,0.359,0.352,0.454
0.345,0.47,0.36,0.348,0.475
0.333,0.467,0.354,0.345,0.47
0.339,0.489,0.348,0.333,0.467
0.351,0.489,0.352,0.339,0.489
0.345,0.49,0.357,0.351,0.489
0.348,0.496,0.361,0.345,0.49
0.356,0.496,0.356,0.348,0.496
0.36,0.492,0.351,0.356,0.496
0.358,0.496,0.359,0.36,0.492
0.349,0.486,0.352,0.358,0.496
0.351,0.501,0.354,0.349,0.486
0.365,0.505,0.36,0.351,0.501
0.378,0.489,0.349,0.365,0.505
0.375,0.511,0.342,0.378,0.489
0.355,0.514,0.348,0.375,0.511
0.355,0.514,0.34,0.355,0.514
0.361,0.523,0.341,0.355,0.514
0.348,0.528,0.343,0.361,0.523
0.349,0.518,0.34,0.348,0.528
0.358,0.5,0.349,0.349,0.518
0.351,0.51,0.348,0.358,0.5
0.349,0.514,0.347,0.351,0.51
0.339,0.503,0.345,0.349,0.514
0.342,0.478,0.348,0.339,0.503
0.347,0.482,0.346,0.342,0.478
0.352,0.495,0.343,0.347,0.482
0.351,0.502,0.341,0.352,0.495
0.356,0.481,0.338,0.351,0.502
0.344,0.481,0.342,0.356,0.481
0.349,0.502,0.362,0.344,0.481
0.345,0.496,0.36,0.349,0.502
0.343,0.487,0.356,0.345,0.496
0.351,0.495,0.36,0.343,0.487
0.351,0.515,0.358,0.351,0.495
0.351,0.514,0.368,0.351,0.515
0.36,0.518,0.377,0.351,0.514
0.346,0.527,0.374,0.36,0.518
0.36,0.52,0.376,0.346,0.527
0.358,0.529,0.37,0.36,0.52
0.361,0.514,0.353,0.358,0.529
0.356,0.517,0.352,0.361,0.514
0.36,0.516,0.347,0.356,0.517
0.346,0.53,0.354,0.36,0.516
0.362,0.513,0.363,0.346,0.53
0.373,0.506,0.361,0.362,0.513
0.372,0.486,0.344,0.373,0.506
0.379,0.472,0.346,0.372,0.486
0.367,0.486,0.348,0.379,0.472
0.377,0.487,0.353,0.367,0.486
0.375,0.479,0.353,0.377,0.487
0.37,0.467,0.359,0.375,0.479
0.364,0.474,0.355,0.37,0.467
0.362,0.465,0.367,0.364,0.474
0.353,0.469,0.362,0.362,0.465
0.35,0.469,0.361,0.353,0.469
0.349,0.479,0.35,0.35,0.469
0.341,0.478,0.345,0.349,0.479
0.339,0.448,0.341,0.341,0.478
0.339,0.455,0.343,0.339,0.448
0.334,0.46,0.329,0.339,0.455
0.343,0.47,0.332,0.334,0.46
0.34,0.462,0.329,0.343,0.47
0.349,0.469,0.326,0.34,0.462
0.349,0.461,0.332,0.349,0.469
0.348,0.464,0.334,0.349,0.461
0.351,0.461,0.348,0.348,0.464
0.347,0.452,0.346,0.351,0.461
0.343,0.453,0.341,0.347,0.452
0.367,0.448,0.341,0.343,0.453
0.365,0.437,0.358,0.367,0.448
0.36,0.437,0.372,0.365,0.437
0.353,0.441,0.365,0.36,0.437
0.34,0.431,0.36,0.353,0.441
0.34,0.427,0.351,0.34,0.431
0.346,0.43,0.369,0.34,0.427
0.345,0.446,0.374,0.346,0.43
0.344,0.472,0.365,0.345,0.446
0.348,0.48,0.368,0.344,0.472
0.347,0.486,0.355,0.348,0.48
0.338,0.488,0.363,0.347,0.486
0.334,0.491,0.335,0.338,0.488
0.347,0.482,0.339,0.334,0.491
0.335,0.491,0.344,0.347,0.482
0.341,0.488,0.349,0.335,0.491
0.34,0.491,0.346,0.341,0.488
0.348,0.472,0.348,0.34,0.491
0.336,0.443,0.335,0.348,0.472
0.357,0.453,0.337,0.336,0.443
0.35,0.457,0.347,0.357,0.453
0.365,0.466,0.348,0.35,0.457
0.366,0.472,0.364,0.365,0.466
0.368,0.484,0.36,0.366,0.472
0.352,0.475,0.352,0.368,0.484
0.36,0.476,0.334,0.352,0.475
0.355,0.475,0.333,0.36,0.476
0.353,0.482,0.334,0.355,0.475
0.369,0.479,0.335,0.353,0.482
0.361,0.473,0.343,0.369,0.479
0.362,0.465,0.339,0.361,0.473
0.354,0.462,0.343,0.362,0.465
0.341,0.45,0.331,0.354,0.462
0.349,0.453,0.344,0.341,0.45
0.349,0.448,0.335,0.349,0.453
0.357,0.445,0.334,0.349,0.448
0.351,0.447,0.328,0.357,0.445
0.354,0.447,0.328,0.351,0.447
0.349,0.45,0.337,0.354,0.447
0.335,0.462,0.333,0.349,0.45
0.324,0.45,0.336,0.335,0.462
0.331,0.456,0.337,0.324,0.45
0.34,0.448,0.342,0.331,0.456
0.33,0.451,0.356,0.34,0.448
0.336,0.449,0.357,0.33,0.451
0.355,0.459,0.345,0.336,0.449
0.359,0.454,0.35,0.355,0.459
0.363,0.452,0.351,0.359,0.454
0.352,0.445,0.34,0.363,0.452
0.36,0.439,0.339,0.352,0.445
0.361,0.432,0.347,0.36,0.439
0.364,0.436,0.35,0.361,0.432
0.357,0.434,0.354,0.364,0.436
0.355,0.435,0.345,0.357,0.434
0.36,0.44,0.352,0.355,0.435
0.354,0.438,0.347,0.36,0.44
0.359,0.45,0.348,0.354,0.438
0.355,0.485,0.352,0.359,0.45
0.361,0.498,0.363,0.355,0.485
0.359,0.502,0.379,0.361,0.498
0.361,0.516,0.377,0.359,0.502
0.357,0.516,0.377,0.361,0.516
0.363,0.518,0.375,0.357,0.516
0.36,0.514,0.374,0.363,0.518
0.36,0.516,0.385,0.36,0.514
0.351,0.516,0.361,0.36,0.516
0.36,0.499,0.361,0.351,0.516
0.361,0.51,0.36,0.36,0.499
0.36,0.479,0.358,0.361,0.51
0.361,0.493,0.35,0.36,0.479
0.358,0.476,0.346,0.361,0.493
0.375,0.474,0.339,0.358,0.476
0.376,0.482,0.361,0.375,0.474
0.371,0.496,0.345,0.376,0.482
0.361,0.479,0.353,0.371,0.496
0.373,0.483,0.356,0.361,0.479
0.362,0.488,0.363,0.373,0.483
0.37,0.476,0.359,0.362,0.488
0.377,0.496,0.358,0.37,0.476
0.365,0.498,0.35,0.377,0.496
0.36,0.49,0.359,0.365,0.498
0.364,0.501,0.353,0.36,0.49
0.363,0.495,0.345,0.364,0.501
0.373,0.473,0.354,0.363,0.495
0.378,0.517,0.35,0.373,0.473
0.373,0.517,0.35,0.378,0.517
0.356,0.515,0.353,0.373,0.517
0.345,0.507,0.349,0.356,0.515
0.336,0.485,0.351,0.345,0.507
0.34,0.486,0.345,0.336,0.485
0.331,0.477,0.344,0.34,0.486
0.339,0.469,0.345,0.331,0.477
0.342,0.468,0.345,0.339,0.469
0.338,0.475,0.331,0.342,0.468
0.344,0.441,0.333,0.338,0.475
0.337,0.448,0.33,0.344,0.441
0.332,0.453,0.341,0.337,0.448
0.332,0.467,0.337,0.332,0.453
0.331,0.47,0.348,0.332,0.467
0.327,0.46,0.357,0.331,0.47
0.329,0.465,0.346,0.327,0.46
0.334,0.47,0.349,0.329,0.465
0.325,0.463,0.351,0.334,0.47
0.328,0.468,0.349,0.325,0.463
0.33,0.476,0.338,0.328,0.468
0.33,0.46,0.338,0.33,0.476
0.338,0.472,0.329,0.33,0.46
0.325,0.483,0.327,0.338,0.472
0.331,0.475,0.321,0.325,0.483
0.331,0.494,0.329,0.331,0.475
0.337,0.496,0.319,0.331,0.494
0.328,0.5,0.329,0.337,0.496
0.33,0.499,0.332,0.328,0.5
0.335,0.504,0.319,0.33,0.499
0.353,0.503,0.324,0.335,0.504
0.349,0.494,0.322,0.353,0.503
0.353,0.482,0.331,0.349,0.494
0.356,0.468,0.324,0.353,0.482
0.356,0.475,0.329,0.356,0.468
0.33,0.484,0.331,0.356,0.475
0.319,0.475,0.333,0.33,0.484
0.32,0.477,0.339,0.319,0.475
0.344,0.503,0.338,0.32,0.477
0.33,0.495,0.329,0.344,0.503
0.329,0.492,0.337,0.33,0.495
0.333,0.505,0.341,0.329,0.492
0.349,0.494,0.357,0.333,0.505
0.35,0.489,0.351,0.349,0.494
0.354,0.488,0.346,0.35,0.489
0.344,0.47,0.347,0.354,0.488
0.359,0.467,0.343,0.344,0.47
0.361,0.464,0.343,0.359,0.467
0.353,0.451,0.348,0.361,0.464
0.355,0.448,0.342,0.353,0.451
0.343,0.445,0.338,0.355,0.448
0.357,0.452,0.356,0.343,0.445
0.346,0.446,0.353,0.357,0.452
0.346,0.451,0.354,0.346,0.446
0.336,0.458,0.349,0.346,0.451
0.343,0.461,0.342,0.336,0.458
0.336,0.466,0.348,0.343,0.461
0.342,0.471,0.349,0.336,0.466
0.339,0.462,0.35,0.342,0.471
0.336,0.464,0.352,0.339,0.462
0.329,0.474,0.347,0.336,0.464
0.324,0.466,0.341,0.329,0.474
0.334,0.484,0.334,0.324,0.466
0.347,0.504,0.344,0.334,0.484
0.344,0.506,0.327,0.347,0.504
0.348,0.504,0.333,0.344,0.506
0.356,0.513,0.357,0.348,0.504
0.349,0.514,0.348,0.356,0.513
0.354,0.52,0.352,0.349,0.514
0.35,0.501,0.347,0.354,0.52
0.341,0.512,0.339,0.35,0.501
0.332,0.499,0.346,0.341,0.512
0.321,0.486,0.334,0.332,0.499
0.327,0.458,0.324,0.321,0.486
0.335,0.467,0.324,0.327,0.458
0.339,0.458,0.328,0.335,0.467
0.334,0.46,0.336,0.339,0.458
0.339,0.456,0.328,0.334,0.46
0.344,0.467,0.333,0.339,0.456
0.343,0.475,0.341,0.344,0.467
0.342,0.474,0.372,0.343,0.475
0.335,0.492,0.385,0.342,0.474
0.344,0.511,0.387,0.335,0.492
0.338,0.515,0.389,0.344,0.511
0.341,0.51,0.383,0.338,0.515
0.336,0.514,0.385,0.341,0.51
0.341,0.508,0.392,0.336,0.514
0.346,0.501,0.376,0.341,0.508
0.355,0.494,0.367,0.346,0.501
0.364,0.476,0.384,0.355,0.494
0.359,0.479,0.378,0.364,0.476
0.357,0.48,0.359,0.359,0.479
0.349,0.463,0.354,0.357,0.48
0.357,0.466,0.34,0.349,0.463
0.353,0.453,0.338,0.357,0.466
0.351,0.454,0.342,0.353,0.453
0.344,0.463,0.341,0.351,0.454
0.354,0.475,0.337,0.344,0.463
0.347,0.488,0.335,0.354,0.475
0.343,0.496,0.336,0.347,0.488
0.335,0.478,0.324,0.343,0.496
0.337,0.482,0.325,0.335,0.478
0.349,0.471,0.333,0.337,0.482
0.337,0.471,0.327,0.349,0.471
0.349,0.476,0.334,0.337,0.471
0.358,0.474,0.333,0.349,0.476
0.349,0.461,0.338,0.358,0.474
0.337,0.457,0.338,0.349,0.461
0.333,0.462,0.354,0.337,0.457
0.336,0.455,0.353,0.333,0.462
0.339,0.485,0.352,0.336,0.455
0.341,0.484,0.359,0.339,0.485
0.346,0.474,0.353,0.341,0.484
0.353,0.485,0.35,0.346,0.474
0.355,0.495,0.366,0.353,0.485
0.337,0.512,0.357,0.355,0.495
0.341,0.508,0.336,0.337,0.512
0.345,0.496,0.331,0.341,0.508
0.337,0.472,0.333,0.345,0.496
0.329,0.469,0.338,0.337,0.472
0.334,0.439,0.333,0.329,0.469
0.346,0.454,0.332,0.334,0.439
0.339,0.453,0.333,0.346,0.454
0.344,0.449,0.35,0.339,0.453
0.334,0.437,0.345,0.344,0.449
0.344,0.408,0.345,0.334,0.437
0.349,0.414,0.346,0.344,0.408
0.351,0.419,0.354,0.349,0.414
0.348,0.435,0.352,0.351,0.419
0.345,0.449,0.352,0.348,0.435
0.35,0.458,0.342,0.345,0.449
0.349,0.457,0.34,0.35,0.458
0.346,0.451,0.34,0.349,0.457
0.341,0.454,0.341,0.346,0.451
0.341,0.47,0.347,0.341,0.454
0.326,0.481,0.331,0.341,0.47
0.334,0.495,0.332,0.326,0.481
0.331,0.491,0.329,0.334,0.495
0.323,0.483,0.331,0.331,0.491
0.324,0.479,0.329,0.323,0.483
0.325,0.487,0.331,0.324,0.479
0.337,0.477,0.329,0.325,0.487
0.333,0.488,0.333,0.337,0.477
0.329,0.487,0.331,0.333,0.488
0.33,0.468,0.341,0.329,0.487
0.339,0.455,0.34,0.33,0.468
0.327,0.439,0.34,0.339,0.455
0.326,0.432,0.32,0.327,0.439
0.326,0.441,0.322,0.326,0.432
0.333,0.439,0.332,0.326,0.441
0.325,0.459,0.342,0.333,0.439
0.328,0.454,0.345,0.325,0.459
0.335,0.444,0.334,0.328,0.454
0.342,0.442,0.333,0.335,0.444
0.335,0.452,0.336,0.342,0.442
0.331,0.445,0.329,0.335,0.452
0.32,0.474,0.333,0.331,0.445
0.324,0.48,0.333,0.32,0.474
0.32,0.484,0.324,0.324,0.48
0.322,0.487,0.325,0.32,0.484
0.316,0.479,0.328,0.322,0.487
0.333,0.483,0.329,0.316,0.479
0.349,0.483,0.337,0.333,0.483
0.354,0.48,0.346,0.349,0.483
0.347,0.463,0.344,0.354,0.48
0.353,0.468,0.34,0.347,0.463
0.349,0.469,0.337,0.353,0.468
0.349,0.466,0.333,0.349,0.469
0.343,0.449,0.328,0.349,0.466
0.346,0.451,0.334,0.343,0.449
0.349,0.442,0.325,0.346,0.451
0.346,0.448,0.331,0.349,0.442
0.346,0.445,0.338,0.346,0.448
0.348,0.454,0.337,0.346,0.445
0.342,0.455,0.349,0.348,0.454
0.336,0.462,0.348,0.342,0.455
0.331,0.456,0.343,0.336,0.462
0.334,0.448,0.339,0.331,0.456
0.344,0.45,0.335,0.334,0.448
0.338,0.446,0.346,0.344,0.45
0.337,0.44,0.347,0.338,0.446
0.332,0.454,0.338,0.337,0.44
0.338,0.452,0.337,0.332,0.454
0.348,0.448,0.323,0.338,0.452
0.344,0.468,0.326,0.348,0.448
0.328,0.471,0.334,0.344,0.468
0.334,0.468,0.341,0.328,0.471
0.339,0.475,0.343,0.334,0.468
0.355,0.499,0.338,0.339,0.475
0.353,0.497,0.339,0.355,0.499
0.367,0.502,0.342,0.353,0.497
0.34,0.497,0.341,0.367,0.502
0.335,0.493,0.353,0.34,0.497
0.324,0.496,0.348,0.335,0.493
0.331,0.489,0.338,0.324,0.496
0.343,0.49,0.33,0.331,0.489
0.336,0.494,0.329,0.343,0.49
0.34,0.488,0.34,0.336,0.494
0.34,0.484,0.345,0.34,0.488
0.34,0.481,0.342,0.34,0.484
0.337,0.471,0.347,0.34,0.481
0.335,0.464,0.344,0.337,0.471
0.338,0.465,0.348,0.335,0.464
0.336,0.457,0.338,0.338,0.465
0.332,0.455,0.339,0.336,0.457
0.34,0.448,0.337,0.332,0.455
0.349,0.44,0.327,0.34,0.448
0.335,0.438,0.316,0.349,0.44
0.327,0.442,0.323,0.335,0.438
0.335,0.434,0.333,0.327,0.442
0.338,0.433,0.321,0.335,0.434
0.335,0.432,0.327,0.338,0.433
0.338,0.429,0.328,0.335,0.432
0.329,0.447,0.319,0.338,0.429
0.323,0.447,0.322,0.329,0.447
0.32,0.441,0.324,0.323,0.447
0.309,0.435,0.332,0.32,0.441
0.309,0.438,0.332,0.309,0.435
0.307,0.431,0.322,0.309,0.438
0.314,0.433,0.318,0.307,0.431
0.307,0.452,0.31,0.314,0.433
0.312,0.45,0.306,0.307,0.452
0.307,0.455,0.305,0.312,0.45
0.3,0.456,0.306,0.307,0.455
0.316,0.451,0.299,0.3,0.456
0.309,0.446,0.299,0.316,0.451
0.309,0.445,0.313,0.309,0.446
0.322,0.451,0.31,0.309,0.445
0.31,0.442,0.305,0.322,0.451
0.316,0.435,0.312,0.31,0.442
0.318,0.434,0.322,0.316,0.435
0.309,0.414,0.316,0.318,0.434
0.308,0.414,0.317,0.309,0.414
0.315,0.411,0.315,0.308,0.414
0.301,0.414,0.313,0.315,0.411
0.299,0.407,0.312,0.301,0.414
0.297,0.418,0.318,0.299,0.407
0.295,0.417,0.315,0.297,0.418
0.299,0.424,0.31,0.295,0.417
0.307,0.444,0.318,0.299,0.424
0.321,0.453,0.326,0.307,0.444
0.328,0.464,0.344,0.321,0.453
0.337,0.474,0.365,0.328,0.464
0.34,0.479,0.37,0.337,0.474
0.352,0.485,0.38,0.34,0.479
0.354,0.494,0.369,0.352,0.485
0.358,0.506,0.376,0.354,0.494
0.346,0.496,0.365,0.358,0.506
0.345,0.504,0.353,0.346,0.496
0.355,0.496,0.355,0.345,0.504
0.356,0.488,0.343,0.355,0.496
0.35,0.477,0.341,0.356,0.488
0.348,0.459,0.333,0.35,0.477
0.344,0.439,0.317,0.348,0.459
0.326,0.422,0.319,0.344,0.439
0.314,0.41,0.328,0.326,0.422
0.313,0.411,0.32,0.314,0.41
0.317,0.396,0.315,0.313,0.411
0.313,0.398,0.307,0.317,0.396
0.319,0.395,0.303,0.313,0.398
0.298,0.397,0.288,0.319,0.395
0.295,0.394,0.294,0.298,0.397
0.293,0.394,0.294,0.295,0.394
0.295,0.399,0.297,0.293,0.394
0.285,0.409,0.301,0.295,0.399
0.281,0.415,0.307,0.285,0.409
0.292,0.416,0.305,0.281,0.415
0.288,0.429,0.302,0.292,0.416
0.285,0.423,0.306,0.288,0.429
0.281,0.427,0.321,0.285,0.423
0.29,0.438,0.325,0.281,0.427
0.287,0.432,0.326,0.29,0.438
0.291,0.444,0.313,0.287,0.432
0.303,0.455,0.292,0.291,0.444
0.306,0.451,0.296,0.303,0.455
0.31,0.452,0.299,0.306,0.451
0.299,0.445,0.302,0.31,0.452
0.314,0.446,0.31,0.299,0.445
0.325,0.454,0.318,0.314,0.446
0.316,0.457,0.314,0.325,0.454
0.317,0.444,0.342,0.316,0.457
0.327,0.445,0.341,0.317,0.444
0.331,0.445,0.313,0.327,0.445
0.337,0.444,0.316,0.331,0.445
0.324,0.435,0.311,0.337,0.444
