V1,V2,V3
0.0699210644157553,0.0179978757090716,-0.0275493945881953
-0.0367177649192682,-0.1442258505666805,0.046041537084142
-0.067343464077967,0.1084047422211376,-0.1659336417107536
0.1166386677757203,0.0272633748268592,0.2133096773338857
-0.0058137118189816,-0.0849464944336179,-0.0635541814892357
-0.1583309923219124,-0.0719011494518528,0.0215570748537525
0.1311645565799405,0.1007150456394412,-0.0861164471341979
-0.0806897906172523,-0.1076881613033396,0.0252054704943472
0.0749138265390665,-0.0058200862796276,0.0364161824305647
0.0920325284345489,-0.2416310306077911,0.0170156277322999
-0.0723360943033074,0.0963476076940153,0.0568793424142627
-0.1445394408028389,0.2061485117215533,0.0154619948575101
-0.008008642550856,0.017142685135157,-0.1295790571426712
-0.0247556480433337,0.1705371685974913,0.2427535623979854
-0.0233003166492491,-0.1620694030032163,-0.1690701557578356
0.0079958410387004,0.1571588420964691,0.1024361365621966
0.2138033072435652,-0.1500786817142131,-0.1188152760774945
-0.192807235789596,-0.0433044453925361,0.3584611345936735
0.1060752793860473,0.1629825861130679,-0.359775410268473
-0.1392423945627413,-0.1408455593453327,0.2060463222252968
-0.0574520302817096,0.2611310459327498,0.0112954224934764
-0.004386499021582,-0.0155455340741384,-0.1515778429341822
0.0498268215297333,0.1763566694206979,0.0261974375641426
-0.0644583937806976,0.1106524054583333,-0.0283878831012805
-0.1586193221636349,-0.2016902860705681,-0.0852156527258145
-0.0234753492781407,0.1808888043377968,0.151122132735243
-0.0865871118340032,-0.2326426571265308,-0.1886029308043897
-0.0109903129143495,0.3017107682048877,0.1449491761353109
-0.0027556600854316,-0.2094905635029877,-0.2270726794710675
-0.2142291916620546,0.0897569803520526,0.0684530749443
0.1546536218561174,-0.0736463259508742,-0.2083391967267422
-0.1025522452776058,0.0392122940091169,0.0998323198561623
0.0536088285790357,-0.0038607627478084,-0.1295330711560202
0.0090889811908349,0.0707983386605659,0.1719003500108653
-0.0458133808919144,-0.014485651454019,-0.1687741121755746
0.0518890439938958,-0.1112575370426284,0.1469429446889654
-0.0508800778935919,-0.0417638104840738,-0.0039913528974723
-0.0129480955991399,0.0793169858689598,-0.1114977024549961
0.0526639191634906,0.0232796720901607,0.0534514567275566
-0.0320987269264422,-0.0326209575939767,-0.1837382277081017
-0.059597541612837,-0.1311374229187971,0.0123279534337026
0.0218448888427485,0.1475254504438907,0.1306723324470294
-0.2224386606342517,-0.3029844131380864,0.0399933636258845
0.2750947821252025,0.3061286085151798,-0.0205682955063132
-0.2108335434913203,-0.3188947219443842,0.1505200282196769
0.1130244367282591,0.3199318759780846,-0.2524039402804113
-0.0964842546077182,-0.3192467792956865,0.2756685056665587
0.2517711357187701,0.2437334309328642,-0.4090143602833934
0.0767529341370208,-0.3679082571497375,0.2438758416068137
0.0039633036085578,0.3203875227973807,-0.135852649766842
-0.0817262695171157,-0.187364884109226,-0.0402218055128424
-0.0344329594286168,0.002537076747669,0.0429587963375189
-0.0663887972334059,-0.0872802776649338,0.0396759470582581
0.0186287016112145,0.050760041964465,-0.0217801005365691
-0.0153873173458834,-0.0911903330080073,0.0261649452025469
0.1806579165965441,-0.0209639332664179,0.0055934830889259
0.0348105951683029,-0.2919561721346415,0.1282626240564697
-0.0755960802889475,-0.0223985253793745,-0.1084882168847736
0.0399543066526918,-0.0631507702487994,-0.0105353238860686
0.0628879384556444,0.1012981875846247,-0.0184974257640494
-0.0386471743743354,-0.134543960418316,0.0996327238967407
-0.0964149167263116,0.0093212113246326,-0.0921196542247714
0.162541631830776,-0.0648883829933282,0.0585758154103752
-0.093637010845794,-0.0230624736320633,0.1163679807330993
0.0496087944785187,0.0885627839444541,-0.1558716129182349
0.0110397356097509,0.0245888876779501,0.0146395711787078
-0.178574908339831,0.1915452532755747,0.0122449152668279
0.133627022237202,0.052497322709412,0.0170310127879918
-0.0206732249066979,-0.1172197428224367,0.0592104432315603
-0.1248265453691631,-0.0992522090534792,0.0307265773823434
0.0173524033326607,0.148710293954994,-0.181119574279356
-0.1418791425300582,-0.1023344258022666,0.0962658968742209
0.0454904827731578,0.0793443590430088,-0.0397763529707021
0.0379306850381049,0.0824584318201687,0.0743683736678598
0.0126959867514862,0.0680289202277203,0.0429693627530238
0.0130424719599677,-0.1575138431388062,0.0417647184310754
0.0222660916068211,0.0146664876937377,0.0855132712417408
0.1014533338095044,-0.0448893885772758,-0.0248161640991803
-0.0018133614812322,-0.0043921595285233,0.0256851534152563
0.1706242393965749,0.0789843996156305,0.0263424044470166
0.045010620728093,-0.2160581007860593,-0.0082821464740683
-0.144894862614934,0.2091785030912407,-0.1041587639339175
0.2212722983796364,-0.069531935235678,-0.0331075997316974
-0.1627768613707421,-0.0325380946424676,0.0896397432938454
0.0092949966082184,0.1308646093643534,-0.1269174439201434
-0.0084443242192836,-0.2218553746440031,0.024634239942291
0.0161424410220642,0.1366231828793795,-0.140792521607337
0.1004874009313085,-0.2819271307506235,0.0467547069006802
-0.1163755525616223,0.0556916803819095,0.0911731504686156
0.1595913640982985,0.0335645559294363,-0.2297677537255085
-0.0865860485912678,0.0346227295904131,0.2646785188061912
-0.1649311723460006,0.0391654840695284,-0.2461692300049005
0.0165778051289128,0.0720531074069287,-0.1456862484194364
0.2100135030948034,-0.1542045578709889,0.1089120043375945
-0.0919106862696496,0.07273324644165,0.0307916787059779
0.0159835588141103,-0.0496318658226039,-0.2215882131419061
0.0918357293475796,-0.1233303329538885,0.10919755616742
-0.0923057378129906,-0.0355098550690037,-0.1724290025625702
0.0369088213938629,0.2232710888290832,-0.1360861248218946
-0.1990471639397556,-0.0988377361034051,0.012549701608205
0.2955263154716585,0.0180518816017099,-0.054564040377892
0.1072586734689975,-0.1149029927399868,0.3016240636523399
-0.0462674616318536,-0.0391318524264697,-0.3137864049595523
-0.1590350677428856,0.0305400471176403,0.2555973892975819
-0.0812338578573382,0.13967616535025,-0.3927720000080832
0.0612205764143555,-0.1576636839839238,0.2350186762147378
-0.065854954505054,0.0724861663141406,-0.0042914884973747
-0.036917560105432,-0.1009631331936909,-0.0716415527126913
-0.019100084879328,0.160173822268985,-0.0882292810113386
-0.0205875109313248,-0.1816615939855458,-0.0619750670792109
0.1508130140804852,0.0628667040301925,0.0264106840538022
-0.1914203147313618,-0.1670133948696054,-0.0536724474496453
0.0428420297214868,0.1440797456345544,0.0809354133737282
0.0591947435552532,-0.2197461815921991,0.0196210028016691
0.0801804566014492,0.1764035878356322,0.1175905021772514
0.0903692829175705,-0.2345207769429867,-0.1082340716073319
0.075099598465901,0.2027123347405204,0.0763602767259603
0.0529084468572055,-0.2315105643523645,-0.0844259468619935
-0.049856542369284,0.1698298293764186,0.1198842137258038
0.1304941349264796,-0.0221054148196572,-0.0542346695196015
0.1667381453423738,-0.0585239981782417,0.2436609292662442
0.0298545650354517,0.1074789341993523,-0.0882139671326079
0.0964223924188371,0.0196240285005727,0.177316927097732
0.1588744359252064,-0.0178912625979551,-0.1064108501150489
0.0031038072272959,-0.0451482460248111,0.0929369440718308
0.1613428495679158,0.0589312531355334,-0.1361924201814298
-0.1735071795157013,-0.135712855050479,0.0320649787564484
-0.0683164722367084,0.1948232711988429,-0.0786368564331833
0.0477630390007208,-0.0790206404078614,-0.0293917512215868
0.0051288135890269,-0.0569442297976327,0.0723973044027236
-0.050086893439723,0.0521384352936217,-0.0278556571886139
0.2402893089085144,-0.1065155769843902,0.1322380224103178
-0.1489134968216886,-0.0995455867453277,-0.2329063241253905
0.0446013976896116,0.1508447126189606,-0.0449006083764871
0.0816472221167628,-0.1410791606183154,0.072360654374091
-0.1477394319583336,0.1987251656924598,0.1270893034393791
0.0263893098546243,-0.1453663252527902,-0.158071227573267
-0.1383122020638011,0.1745058505165879,-0.1256121288945845
0.1747172665854953,-0.0430378998691062,-0.1847466448107941
-0.1135651054560261,-0.0336995266226116,0.2751131779337821
0.1498975698599146,0.2109880256956295,-0.2400722091842748
0.0526476501043506,-0.1849035155248279,0.2201218596520274
0.0636010168244864,0.1779663422950038,-0.0412652245915218
-0.0914762996263174,-0.162578007635962,0.0200837184806945
0.0651396612919784,0.107348615083672,-0.0962567089961038
-0.0009371894084009,-0.1574211149718254,0.0034265734133918
0.0617641432789974,0.0752517001327825,-0.0890274949806829
-0.1464049750278723,-0.0069645625506664,0.1700179543266361
0.0947534901755383,0.145676838791815,-0.1556180412297969
-0.174843688889627,-0.0318526550070415,0.0179380424437862
0.1482434185487946,-0.0350877258490306,-0.2665667384310125
-0.179671512528168,-0.1267354773640643,0.4421915493889023
-0.1945368113300769,0.1946615651166661,-0.4326885959675185
0.0370594157365859,-0.0456790540274259,0.2052329977894109
0.0258595863142491,-0.0062578172035032,-0.1555125755329186
0.1633236597282583,-0.0501431918956874,-0.0177810610697509
-0.215376069540961,-0.1174212337720156,0.2082620795170394
-0.0270228904295324,0.2544157041429937,-0.171254538666375
-0.1090287495483885,0.050213411591408,0.0224695792765252
0.1774441596473392,0.0924764705175082,-0.1179267294021029
0.1189008859281207,-0.1965350340436123,0.300742181468065
-0.2397707281908195,0.1418684008631762,-0.0543981140849813
-0.1014143679968065,0.0631781091067915,-0.0678052907001013
-0.071221363560896,0.0015727351726853,0.161244437130858
-0.1175447461458368,-0.0797892927644271,0.0400944327715463
0.0117018567448375,0.0433072368132364,0.0874900033705141
0.1943815859208713,0.0132519286840796,0.0121571493362659
-0.1389119663984868,-0.2904372379804976,0.0610141523510808
0.0408742372388392,0.0901311385877249,-0.1552731270813594
-0.0842658830934681,-0.0387118891283376,0.1044866175782326
0.0126407859879802,0.1431791272377897,-0.032698153628818
0.0511872676150747,-0.28128795310896,-0.1050071853135826
-0.0887390556649062,0.1119330215115202,0.0769475110189614
0.037137865303934,-0.117808828997918,-0.108695797267701
0.1166083750943556,0.104102649750882,0.3096304469967945
-0.2345064638874768,-0.2061030493073291,-0.1877654321981771
0.0813140213778593,0.2691232188992929,0.1211275139641449
-0.0214128806931128,-0.2901549252639067,-0.0992249551267622
-0.027740457169281,0.2661351962024221,0.1304977558602636
-0.0145988222083992,-0.0833526194731548,-0.12368765152099
0.0209128296327725,0.2494236443756608,0.0363191218372941
-0.0632095046487021,-0.0763715168558094,0.1079704224518324
-0.0838173998966664,0.1998634934571426,0.0548185883763245
-0.0134981943893511,0.1122207043544369,-0.045632765408326
0.1541126690571917,-0.0658551030143751,0.0437103038978897
-0.0539605517227693,-0.1956783114819263,-0.0359740036902254
-0.1169964907480475,0.2318923429406039,0.1537230344793078
0.0743159538536745,0.0079591001884467,-0.097683986142795
-0.0315186491324439,-0.1098021251541666,0.0901707822191573
0.1775355257052313,-0.0433730558360763,-0.0446141553764909
-0.1639677129356541,-0.0087980101328456,0.0019242080728893
0.1950240055721714,0.1431935393289821,-0.0140572781695695
0.0822866023827369,-0.2966552947244146,0.0918874137031213
-0.1598253756374908,0.0981695100149684,0.0636844492081667
-0.0324922007191398,-0.0796921892557895,-0.1152693314640421
-0.2244648540650482,0.2151947447355063,0.072803308586746
-0.0738080697208951,-0.0148345692215917,-0.2273887256288599
0.0249391159779464,-0.0961927814973153,0.0472449688633912
0.1537903937343369,0.0147038406780361,0.0041696793864751
-0.0175313069946819,-0.0053881200433245,0.0512500479926484
0.0049327583336824,0.1015461817467653,-0.0375122347166473
0.0407951946427999,-0.1106865780478423,0.0406353765488427
-0.0566809842448439,-0.0541059508390797,0.0569123577329381
-0.076952374790351,0.0626408008638841,-0.0498008699039738
-0.0510981982515626,-0.1084619541809375,-0.1355067809913149
0.0435177271126395,0.0136755002830454,0.1006632503324358
0.0680702779810106,-0.0347551917353276,-0.0306117172938593
-0.0222807744462578,0.0388220919808385,-0.0222655586498125
-0.1211575546968866,0.1049980429629796,-0.150868749170253
-0.0318929032885781,-0.0380962883961771,-0.1493564591176464
-0.1087592007512293,0.3154011482497476,0.1046189895110307
-0.1485334875565164,-0.1851645893564583,-0.1163670272998987
-0.0045464173321757,0.183531266015462,-0.0868007226110768
-0.0534659165329593,-0.0129433102992738,0.0724867671311864
-0.1342207944959503,0.1282873816027941,-0.1240135708182257
0.0440516104957822,-0.0646472645845425,-0.0005709429611108
-0.1064192904189504,0.213911065023335,0.175813626278769
-0.062684220581634,-0.1907627445787621,-0.2624902667980338
0.0306732946440051,0.1178752676492239,0.1184912022427957
0.1958468020697941,-0.1846415391045968,-0.01028060713355
0.1232670857542661,0.011839312022377,0.0798668728990398
0.1174909296493094,-0.0230087411321631,0.0025289396024638
0.0776820413001887,-0.1036460567486378,0.0279867871426654
-0.1343880254467327,-0.0654700432780227,-0.1251591060992897
0.1373412924743326,0.3112622374175606,-0.0025078222590452
-0.1260510936436929,-0.3110952367935272,0.0538039531488271
0.0754626921101748,0.2946858324862776,-0.3058455371165872
-0.0928850371653704,-0.2235129934245085,0.23361229503538
0.1408433938923695,0.0821745660527668,-0.2459005662364259
0.045144631631309,-0.0263601451191913,0.2253995789967821
-0.015499820488931,0.0651636347650945,-0.1778335366883308
0.1097034499883698,0.0015103062344097,0.083959572062275
0.1008874275689592,0.0283649833028788,0.1155555932920841
-0.1739613610151882,-0.0601496520092022,-0.1542004279629675
0.0286828959310177,0.084141621439822,0.1161471794132589
0.0787248269635147,0.0212843229247082,-0.0767164559560182
-0.0767492142941493,-0.0420426837449224,0.0428205470850166
-0.1228995982347747,-0.0123742857099291,-0.087538814359
0.0113219606505305,0.2073846322762716,-0.1322824932688021
0.1521223859249469,-0.1029009138668018,0.2744742841644844
0.0173601757599023,-0.0517331991145277,-0.0380769842187767
-0.036664410855107,-0.0768978153432128,0.269737136898086
-0.1523369304225446,0.2472071898668126,-0.287735770772906
0.0217734504538344,0.1134398266454257,0.0011622560428008
-0.0882107297663526,-0.1681309209321246,-0.0948887338200369
-0.0227818841057593,0.2335757029653093,0.0210520534948736
-0.0195989203013256,-0.2386968446756404,0.0197128850964851
-0.0043453903823549,0.1629464494899373,-0.0875678593735456
0.0582454577673433,-0.0784954637446186,-0.0133049912209469
-0.1504875352963344,-0.0921749772925096,-0.0170186809510591
-0.0158533937258164,0.1096762535200815,0.0400538201334882
0.0530859546105797,-0.130093901134438,0.0629392737981595
0.1641917532640234,0.3399667083100267,0.0775992990230585
-0.2187108240050876,-0.2301586903684225,0.023339942831456
-0.1214570729837643,0.3675997416193519,-0.2308176674899296
-0.1848045397704434,-0.2689404140214278,0.134912563761589
0.0254983860496375,0.1314301447188983,-0.2899663272693027
0.10005549945195,-0.1792916473316318,0.0472484320381655
-0.0120897401197845,0.0877879179253002,-0.2006188575086301
0.1971875417330236,-0.0387363714174575,0.2482255505365781
-0.1258809909768008,0.0708610378883148,0.0986554406061911
-0.0645979320357161,-0.0650635497914675,-0.1742078095303779
-0.0602906636554785,0.0025224718038825,0.0001106113430453
0.0853320360352455,0.0900088693102659,-0.1630242601712186
-0.0106395555431536,-0.1711224688452614,0.0595983204627449
0.0246824999081138,-0.0160985457591293,-0.2992150654070389
-0.1788659800641966,-0.0403510050798172,0.2329050773021833
0.0112893524081287,0.317258856153766,-0.2288120984345461
0.1593064318492905,-0.2656468021471249,0.0052862004667766
-0.243135101230202,0.0897739979802581,0.2866357124015896
-0.0267055265918901,0.0733906117749235,-0.2673366035977438
0.01515818735283,0.1820472781493666,0.082471507508325
-0.0093587770897981,0.0034345425279256,-0.161766456016108
-0.1105712349112533,0.1759704013041962,0.0501749739419746
0.0498588775905986,0.034765939310872,-0.1602401836472582
0.0631947785386905,-0.0759105715918415,0.0399033132326319
0.1177879409665483,0.0969845798089016,0.0118250035787621
-0.1894692628184575,-0.0978678571956805,0.3276450759892128
0.1509512247945793,0.0505235694202731,-0.2371401296572307
-0.0541690696080442,-0.1283738386498434,0.4955103826948446
0.0060580791021077,-0.1547376759545461,-0.3337176637929953
0.0305374804949809,0.0964492878962852,0.1340436201674437
0.0527396087703382,-0.0234662125198688,0.0185014415123878
-0.1751893586559247,0.0500672532756462,-0.0679100724727056
0.1251741892776617,-0.0318271010866714,-0.0229351530624705
0.0380862208184868,-0.0791075280929231,0.0981273244910486
0.0517681144648083,0.0932405145098313,0.0032571146445661
-0.0878020863220563,-0.3273757178683752,-0.0895776608243374
0.0487513493922436,0.1567046070691377,0.0185158798640663
-0.0763808748583073,-0.2753362852924773,0.068259682808671
0.0059245082094964,0.2797052091435607,-0.023689309177841
-0.1596356099625184,-0.0618017416157331,-0.0797874729019117
0.0086560126185152,0.1820201892193802,-0.0752978095161028
-0.1101151169857781,-0.0877603381487979,-0.1335073610965735
0.1583158939026634,0.0655628095381159,-0.1230144137212676
-0.0840693933298811,0.0623561498742358,0.1566863583145763
0.1376459954986392,-0.1295570174301984,-0.2859527646672758
-0.0483919420208689,0.1620159115674268,0.167065371183239
-0.09609976965925,-0.0493636743950019,-0.2335547127895231
0.0323233124913482,0.1221689216442236,0.1195820421598503
0.0865873703248889,-0.3041111042689013,-0.099106623234157
0.0852221907564909,0.2564297351901508,0.104808095398807
0.0402660250398381,-0.2317666505118917,-0.0562274789698583
-0.1926481931491616,0.0067417603236897,0.079986767123544
-0.1009708751011008,0.2560656014753231,-0.2070730435097002
-0.0670321035281242,0.0148880170758747,0.3767801380604087
-0.0842030929545838,-0.0205495696497553,-0.2191630482443753
-0.0176307977095592,0.0395387820721597,0.111180116177855
-0.005536122836717,-0.1282935269742183,-0.2606970895288102
0.1038915922660137,0.0998555956058972,0.306811492774369
-0.0630709008350853,-0.0601367198175033,-0.1853647127558632
0.1096171027861157,-0.0050631030797207,-0.0565068378994598
-0.1053412405125687,0.0047105028191869,0.2155934047612747
-0.0927115685842266,0.1225161472227808,-0.1369888154387024
0.2147208204169112,-0.0650424780455336,-0.031607340340377
-0.0750000469288144,-0.0516859551672788,0.0999247109923218
-0.1129958225230221,-0.1381753143213907,-0.0116572092141681
0.0865890254645813,0.1413340548530106,-0.1736313292841338
-0.0084069212038834,-0.2830770784914536,0.3185382580167918
-0.0474477409247402,0.1783933716472677,-0.3240892960872359
-0.0448541828478481,-0.1311036818168164,0.3003244260618563
-0.0265384052581746,0.2000086284025997,-0.1563910319861412
-0.1105565463119361,-0.1232743633492325,0.0626863429180844
-0.093931728718013,0.2122102961367765,-0.2621634357305213
-0.0480388480446039,-0.133975622485871,0.0693534023033168
0.0248448011190283,0.1642379561314759,0.0801937664760775
0.0848751520878887,-0.1745293731214371,0.0522619499529796
-0.1121088168665124,-0.0675358279986938,-0.0067167498338144
-0.0153283258848836,0.220594682578073,-0.0246974175597915
-0.081063059917177,-0.1207299760759955,0.0248907554734738
0.0612158595749919,0.1535554805194013,-0.1370447363055008
0.0745260582206599,-0.0599030631383835,0.0230505649027755
0.1362756472644933,-0.0030301905458468,-0.1472535719318737
0.0542522342689952,0.0129198684808579,0.0983948354563416
-0.0945768921684461,0.038046755355876,0.162027843253431
0.0497920362027421,0.0805946668050558,-0.0320540843721819
0.0189795348487572,-0.0867786852595927,0.1615273308637834
-0.1188101601789168,0.0662294181498878,0.0424611811564425
-0.0574163760293492,-0.1236781819961364,-0.1555841691288328
-0.033281334615911,0.1537818310128509,0.0428329723342234
-0.0193783007665876,-0.0806842704150508,-0.1117361345765822
0.0971196172070145,0.1708428431106217,0.0631268564631395
0.1501839059174929,-0.2413452120705883,0.0733246516504485
-0.1131909384743111,-0.0243668368026411,0.0772570278017909
0.095015927576438,0.1297828497801799,-0.0058939551738974
-0.1288277574832695,-0.2341945092969173,0.0952985823406758
-0.0606353898018572,0.2181726701846866,-0.3764965192805054
-0.15980279698568,-0.0824836906287893,0.1868306747546597
0.0636760296602706,0.1689509587202393,-0.3752555863188275
-0.0044424018415517,-0.1919900946680177,0.2253205149980708
-0.0951100468796446,0.0314578383159688,-0.2449547243688192
0.2712446492907324,0.1219423379321277,0.2849654548517125
-0.1883393540081109,-0.0681652798991925,-0.1398530973909832
-0.0203025232525384,0.0803988770723298,0.1483756048360423
-0.2662039793034693,0.0316868432147119,0.0204438791728347
0.1990793916624554,0.0358128307620395,-0.1162690660895954
-0.0831132979527953,-0.2665311781245112,0.1751501291740833
-0.0387385652303531,0.1283958938715886,-0.5145856502671216
-0.0605623429937113,0.022318606274941,0.2870320784260369
0.0282150409326367,0.1572232951648464,-0.1910419080294549
-0.0447825192197581,-0.216061256286792,-0.074603858852711
0.0862421367687459,-0.1178309837946602,0.0103880138374263
0.0390595322285863,0.1929312821167233,-0.0315956748504588
-0.0306053815200477,-0.2323047866438545,-0.0710276193652016
-0.1651124180528207,0.0709844165677337,0.0399087946760577
0.2138842775506354,-0.0469825595660679,-0.05496996564792
0.0857672376992764,0.1368412707679178,0.1241611474393553
-0.1549687400861817,-0.2403408659560315,-0.0262594657484396
0.0678800365350897,0.3893392425306229,-0.1169025270996988
-0.0225759781591585,-0.004029335595954,0.020474159605197
-0.1105910300622878,-0.0649234297472064,-0.0460368801123849
0.0656754821983794,0.0798169987900642,-0.0317402217403881
0.0210488254481366,-0.0368379244827313,0.0373343382199229
0.081058233276498,0.0427774292210544,-0.110732829498451
-0.0318392368976937,0.0314644870797249,0.2221400293352547
0.0582143564777386,-0.0478000598984169,-0.0993568244083198
-0.0427566796194105,0.0928238303938812,-0.0566450941285339
-0.0047628784691772,0.0377739115815484,0.0041407949777267
0.0076706007805793,0.0963531371669989,0.0289099294159315
-0.091420651925368,-0.0582174225503148,0.130229914236108
-0.1268208022784502,-0.1083484268157851,-0.204662197047078
0.117451549771555,0.1201781609568385,-0.0102755860663245
-0.0734490193227102,-0.204525149283695,0.2582698538717038
-0.1262392764325711,0.3169651354545546,-0.0617576541631071
0.1459004323891039,-0.1042657654982344,-0.0584795802692307
-0.0102061378679973,-0.0468665855160852,0.0097228600789412
0.0377775181905436,0.050925302549136,-0.0150105483115512
-0.0414643965688704,0.0288599135933956,0.0525044937576594
-0.0402569627611901,-0.1653900654937984,0.0799513177308819
-0.1026474097183054,0.0462004420831614,-0.1041540980132973
-0.0285687661449085,0.0962398454920636,0.0472182518009992
-0.2509187695538794,-0.0372037979474429,-0.104418080823969
0.0509406563935873,0.1123734086567377,-0.1513618595961896
-0.0606293424647863,-0.0569773549340177,0.0829036815322855
0.0900075322573106,0.1126501586353572,-0.2269747655063611
-0.098811382137159,-0.0585814054146494,0.0430097540262064
-0.0423055996493266,0.1991171151292728,-0.0482598203052714
0.0766627256783623,-0.0792394284303192,0.0550711925863407
0.1493222264163784,-0.0691423870353881,0.0502352174482176
-0.0850176330648984,-0.0968018078478234,0.1459632636336799
0.1471609704180821,0.0657896864964442,-0.2480445996222468
-0.2164320969633814,-0.1273465520193986,0.2667634549388105
0.1566458889649759,0.2981516539750496,-0.3679557461236619
-0.1100346537069941,-0.3381673332983083,0.2219844547443027
0.0099506952130061,0.3664851358622143,-0.031621366793932
-0.0022667639897047,-0.267303173273831,-0.0209924724110204
-0.0118951689009134,0.1582949078913861,0.0201525996139991
-0.0836819374592526,-0.1420723784706835,-0.0368181510400167
0.1417789637931777,0.2307245838766457,-0.068218998484409
0.1983829337721826,-0.1112158640020354,0.2288724195681477
-0.1596535180357771,-0.1395189294960881,-0.0750769783325647
0.086188229893827,0.0174859704813472,0.0710899887180939
0.0534169079777255,-0.2089755202579808,0.2107717780983285
0.0786405498046144,0.0778025572986032,-0.0867029847473902
0.0209720070598491,-0.2753784349605965,0.1333449300653589
-0.0355436258168508,0.0823225897522104,-0.1951401555535098
0.0462325552704757,-0.0388665661587957,0.2077636805385274
-0.059804669077709,-0.0186205616112198,-0.1026975426065669
-0.0770826412885267,-0.2118753793514527,0.0173539546521567
-0.1776698623825784,0.1614966781486863,-0.0161392665344612
-0.0451598386983791,0.190273021932234,-0.0049979635416612
0.1782135410190429,0.0874557623547277,0.0312134215612966
0.141372265606582,-0.2197041597949889,0.2573994051819172
0.0166138208844932,-0.0501640964558664,-0.1021714555783585
0.0361062756904815,0.0309985009470578,-0.0233251608288822
0.0026643611000731,-0.0683116745745719,0.257716203722751
0.1068063164161443,0.1522792157822255,-0.0897641542180403
-0.1153730285365485,-0.1601558019230009,0.3151296374408971
-0.2730845245426378,0.2277508318332321,-0.3813893928354822
-0.0105554978638208,-0.2281133220220643,0.1804920646654619
0.1043748071257761,0.0740812635648959,0.0374731268381316
0.2201045537111725,-0.1418835620748907,0.0726372233138101
0.0097631423695423,-0.0978387110442779,0.1096076145462007
0.0089556007885728,0.0277492278864199,-0.0998706959517766
-0.0422409202569189,-0.0308880483535482,0.1041763931126668
-0.2826277603488273,0.0867755303602566,-0.0281028975821672
0.0739196384256564,-0.0622345910168787,-0.0863834336618965
-0.0611822595783577,0.1001202604037761,0.0990070737927014
-0.0237702903518252,-0.1494618001694317,-0.0144114255021542
-0.0771243958341127,0.2410381241958849,-0.0973192130710779
-0.016837653403064,0.0692399183023099,0.2832708597364741
0.2838513412331925,-0.2353218768508505,-0.1391937957380412
-0.0669586090185917,-0.0878947695431032,0.2819084784095128
-0.0166238387913091,0.085919800383957,-0.1808014058931157
-0.112521627195183,-0.0878015625587089,-0.0487401906654844
0.0686800539621811,0.1834523709447391,0.0547830181139788
0.1372050405106112,-0.3170564381432102,-0.0898457802294995
0.0492365154561991,0.1458933324988801,0.1769616053059443
0.0600114571604856,-0.0689089236364368,-0.0427000732942444
-0.0454614675748039,-0.013262941377996,-0.0201070162370232
-0.0241514929719808,0.0854059610471782,0.0053462749615363
0.0427798122853693,-0.270841186239394,0.0455335224237871
0.1410306021421586,0.1117925329573958,-0.0562769725804771
0.0279242921894841,-0.0557785601779688,0.1629202101487815
-0.0574821720044893,0.0457926020356071,-0.0847073989524117
0.0757293255220729,-0.05861852845608,-0.0188332337227754
-0.0509238279098329,-0.1262782095016172,0.0129626033372854
-0.0321260983392866,0.1213820062920339,-0.1739161873064801
-0.0640509379653923,-0.0490219305951849,0.1789217229801785
-0.0475420696248812,-0.1889022464548086,-0.1917528843986998
0.0812053243872672,0.2215858383501653,0.0191603954545236
0.1378874606121815,-0.1574879690142472,-0.1084038900552825
-0.0299158608251785,-0.105448959404588,0.0277336034746553
0.1260066305670466,-0.0048165989870349,0.070298855416381
-0.0839086530639137,0.0416339009211888,0.0390482383546977
-0.0749230843052577,-0.0030072640019716,-0.2490821469566846
0.0022258625816845,-0.0097871591756396,0.0946692332495568
0.0215025533369037,-0.0842998244028313,-0.0287847572781388
-0.1105454745587226,0.0202372068505477,0.0593422358505391
-0.0233131300008826,0.0696978331647934,-0.0114435881889659
-0.0535565143963587,-0.0099673069042101,-0.1028603655120882
-0.0221385989252708,-0.0287267006080176,0.0454717524955091
0.0882387201366829,-0.030787139976873,-0.1389627260918072
-0.0140462936479211,-0.0666347287498569,0.0811184546345522
0.0576467127101115,-0.145670629188703,0.0115601925713912
-0.1276520091603656,0.1206322747450242,-0.0389289685287424
0.0929193600267321,0.0720409654473477,-0.0683803167755651
0.2282879214549857,-0.0288630770732305,0.3059711923236814
-0.0967860467854494,-0.0627949377089954,-0.338904441339748
-0.2747732759299798,-0.0924406620843291,0.3432645033299282
-0.0721926375478552,0.3222446395303258,-0.2679495710231082
-0.0326591022339742,-0.0273710734178583,0.1824248903373607
-0.0516261211449191,0.0298953669042504,-0.2275906517042927
0.0658793420277226,-0.0678009601380082,0.1257575260749571
0.1107109379320987,-0.0639415726061685,0.0788720935438249
0.0152391223608526,0.0033353488564239,-0.190938740473489
-0.054831123647766,-0.030278963710321,0.0493633167835441
0.0458820909968449,0.1386672777765716,-0.1775353942572928
0.0453298046950265,-0.0578371060559109,0.1092453890624389
0.0482533809525069,0.0427691875928689,-0.0510926146378218
0.0927696794566362,0.3027141959342551,0.0747075447403289
-0.0355045420300578,-0.196331157126864,-0.1619798935173648
0.0196426950312926,0.2701848866696511,-0.0379984003824804
-0.137160654507191,-0.2002725589266729,0.1632202969992113
0.1225068726702466,0.0912919704564392,-0.2235167224312241
-0.0389796545048666,-0.1741258900360661,0.2264915945065507
0.1360051655199493,0.017018776685358,-0.3373492913353269
-0.0588091222773811,-0.1246004084100744,0.2056506165794913
0.0544378126804808,0.2237503180161816,-0.0324785017598105
-0.1805413184079002,-0.2013963351971283,0.1246678156950142
0.1392991077079398,0.4098214196200833,-0.1478372019127351
-0.0490105376376004,-0.1800782582310998,0.04659669475936
0.0191309502735196,0.1820885716199518,0.0071143353195635
0.1956677365054746,-0.2117306283328603,-0.167382770854956
-0.0536026041547143,0.0453068211558465,0.1817209727881143
0.0767334239044686,-0.0676864620667249,-0.1011172587330609
0.0928178827857031,0.1084626415419456,0.064546058965765
0.0542647897279171,-0.223290051322254,-0.2327038945968176
-0.0756522592419328,0.0749946671731623,0.3040038677940378
0.0373320953970962,-6.375904348270359e-05,-0.3446710400094058
-0.003063864891502,0.023100760501266,0.2235470010074431
0.0362433778129434,-0.0462872241960349,-0.0294957428602962
-0.2269504308516842,-0.1235019383521044,-0.0132786756835387
0.1182243742427521,0.2039133004663393,0.0433146615095036
0.2148336488565265,-0.2126834738180068,0.0193518011394512
0.1535828460370973,-0.1711702595580053,0.0525523819356241
-0.050623898196594,-0.088312076682832,0.1307348189756336
-0.0743027053345567,0.0434626577389886,-0.3480832117741935
0.1012657350810117,0.1501146839766824,0.272615608490614
-0.0414908874872832,-0.2522159875179571,-0.2451277317719287
0.0370695911262825,0.1072193619042576,-0.0711529660042153
-0.0025265687727576,-0.1639557924737977,0.0102124813969222
-0.0164995326569432,0.1119184857890246,-0.0043249900825154
-0.1476392650221701,0.1264100639447545,0.0590864309207019
-0.0816938310564125,-0.056248170768191,-0.0938322681660986
-0.036478480187056,-0.0501944189813636,0.1708587795595255
-0.069030342172054,0.3714714972909989,-0.1887277324572395
0.2368767583000822,-0.1519099805547088,0.1233508472495983
-0.045969288950916,-0.0050772891344125,0.0773652523791494
-0.0906065617671851,-0.0656170850443473,0.0454064471957534
-0.131693767785693,0.0987773610889715,-0.0058436501957294
0.0823523123154221,0.1335237214622581,-0.0143648953934252
-0.0376187822565479,-0.1451431712505086,-0.0205354228842089
0.1028578940030314,0.1724374837918036,-0.0385055178897576
0.2029331550731804,-0.1673431846454627,0.0166072591683008
-0.1037560031585999,0.0486630570458773,0.1210566009435374
0.0021417286015712,-0.1462724247421086,-0.084072368569
-0.0249708862122469,0.1138059748894157,-0.0001881136399961
0.0102731000671322,0.0762762714741737,0.0177642143522763
0.0685396767830456,0.1788655688593032,-0.0825153157567716
0.0601993780402817,-0.1272315967356698,0.0497606572741304
-0.0370200647194233,0.0289167211221236,0.0035975622262603
-0.1816488404381789,0.0706628171509277,0.027217746666232
0.2986871336118614,0.1315979765778061,-0.0868323580765676
-0.039713030186271,-0.2345642861905225,0.3213747420233743
0.0065443933912345,0.1488187342787711,-0.2360640129268917
-0.0697876923137641,-0.1571436142213977,0.2102668391723244
0.0016424579138326,0.3917673285662321,-0.0392768965305024
0.1655272714325793,-0.255393735109868,-0.0918582833068386
0.0162216710657945,0.1480284455799907,0.1439520775700678
-0.0271013697370541,0.1046840436261318,-0.1270158154068605
0.0405189603615336,-0.0915260332715555,-0.1197246416711095
-0.0516015498574725,-0.0310782850801431,-0.0019708099071694
0.1711465375091345,-0.0051253622265414,0.158174968665878
-0.0350431220261077,-0.1562976780488118,-0.1138252480491664
0.0257742441682085,0.1109175690421768,-0.0954299671146632
0.0698110584056176,-0.0854925570039774,0.2801470038715843
-0.0721052519432963,-0.047012321208607,-0.1391718062638083
0.0960839970965237,-0.0568180401504388,0.0179029982597327
-0.0452687321734837,-0.2407773482839335,0.2737378702199693
-0.0935478821448083,0.2245178507213009,-0.1831044227891846
-0.1195853714966735,-0.0277520318172543,0.0942706817651496
0.0116013388374574,0.179641925898387,-0.2470084018547683
0.1329240761013976,-0.1684260025770073,0.2310461664917329
0.0973197081173007,0.0167095295856247,-0.0776152527740845
0.1467237802894596,-0.0429714548347391,0.1020797845502648
0.0102912855240192,-0.1511603330059695,0.0859520652217978
-0.2155353971551284,0.053849350885254,0.0848967151514275
-0.0091043412037713,0.2002239255499954,-0.1383986241906317
-0.2761738773437163,-0.069173282096338,0.0889619559724874
0.181954922560998,0.2952117013371632,-0.3287913193006698
-0.1333047317924215,-0.210187797582644,0.0927099176031116
0.2903843647905251,0.1557713544051607,-0.2293627820933999
0.0287383521505255,-0.2559229743127592,0.2130907650570547
-0.0862358575576035,0.2031306611421811,-0.0180421238685223
-0.1139196287241919,-0.0816359883408916,-0.1084066747499109
0.0811243159851827,0.0837102329654567,-0.0290854863755028
-0.1269639153943421,-0.0833004934681419,0.0289820220883174
0.0006510958997335,0.1412630515008353,-0.0063366909142338
0.0566359004633778,-0.0473580113718921,0.0242927518171997
0.024369179116231,-0.0088283461025202,0.0222015438234133
0.1731915079895092,0.0944909773639227,0.125155646546839
-0.3047399361690904,-0.0831342965970015,0.087352693675974
0.0340027444428437,0.3142658841325203,-0.3463376798422305
0.0101699883212956,-0.2216023372767834,0.251408555947075
-0.018170810034145,0.0837631198523786,0.0818320580624533
0.0348519924741535,0.0246849644977744,-0.1218782762879563
0.098794269691869,0.0166841625281845,0.0628951911123235
0.0568620285586162,-0.0304765795875836,0.126151877363194
-0.1923934949864052,0.141409846766746,0.0503644718069843
-0.1023675406271505,0.0558238354677536,-0.2928199872082466
0.0665512349569139,0.0418297943904666,-0.0401544294794092
0.0333726350135003,0.0047497885993071,0.1116670797253382
0.0636192817079355,-0.0121107966680515,-0.0471434553116244
-0.0610113940075541,-0.0815905668806586,0.0482931600604878
0.0131839028743361,0.0150076638725819,0.0442221749735956
0.1169227936675743,-0.029104440711283,-0.2195779553630165
0.0173546469086617,0.0874673954249242,0.2217644653161669
-0.0558828133183496,0.0355878418259171,-0.0963979191164972
0.0674911932738222,-0.0988288719451425,0.0481992976463387
0.1151739963867016,0.0919800948299008,0.0324111338616367
0.0390086129683928,-0.1502539828921995,0.0159174290331754
-0.0240115842890214,-0.0480583803397933,-0.0425670144964404
0.1076390974833156,0.0454099036126823,-0.1003830999638558
-0.0426239722232457,-0.1898074989215184,0.101899075915253
0.1429323386474804,0.1944748793443355,-0.0520073165775787
0.1163899291422886,-0.1792052998853042,-0.0443197208603219
-0.2487981223461795,-0.0523428795391961,-0.0287038458476415
-0.0598852976256533,0.1916959017502491,-0.1497740217090553
0.0655811790882647,-0.0215027469035815,-0.0080170482709395
0.0670723108878725,-0.0831690114098156,-0.0305790563810282
-0.140676441183979,0.0209499611550111,0.0410255058600645
0.0560664861522013,0.0916267149940889,0.1148244381449335
0.0699109306585127,-0.0318814591708555,-0.0624750890045683
-0.0457869707465374,-0.2305205062886713,0.026385159749862
-0.0267111449838697,0.1285904465308575,-0.0109351301317848
-0.1270999440002033,0.0290571836694848,-0.0432214542382723
0.1209937645983558,0.246318278322851,0.0534145685580246
-0.105232835311953,-0.257779810247682,-0.014977827471864
-0.1384246871501451,0.2360634718492469,0.1059859586938566
0.0019183019141945,-0.1248540636341152,-0.2121362571595357
-0.0565330754213177,-0.0243821907837543,0.1641222992966461
0.1118653140288517,-0.0255217100667921,-0.1126463560021766
-0.0411188302503887,0.007878541591058,0.3452618870410291
-0.0156066072463802,-0.0783871850568969,-0.4683470514005217
0.0610554626413996,0.1724525177568068,0.1593038230398978
0.0502100721497096,-0.0538127187759148,-0.158195600354191
-0.1372581118068786,-0.0911613443427021,0.212235011212797
0.0100591346898644,0.0635515795527496,-0.3646425716967849
-0.0070882259982984,-0.2009992966060846,0.2016661156326923
0.0329189587771345,0.1066985401126246,-0.150798867866173
-0.0105975212356359,-0.0303288621546479,0.179624125898724
0.1755817011055771,0.0094056630985265,-0.0263433658413694
-0.2396017369359365,-0.165175209962814,0.0938685215639619
0.0442224435415932,0.1694923670177848,-0.1684502298296186
0.0479875415491744,-0.2407142185298404,0.2356846280960571
0.1541050939346059,0.1438798925369809,0.0558784087107782
-0.0675515681224085,-0.1345857666971603,0.0252390188758181
-0.0083542658850882,0.1323775953855517,-0.0675548289812605
0.0331711360397124,0.0008903165266713,0.0661358319487713
-0.0377739946616694,-0.0570270965023047,-0.0055864565156032
-0.0888346978449779,-0.0226502997794417,0.0068308850541799
-0.0555803577592332,0.1453675459486054,-0.0946376751369425
0.1783974618381955,0.0858259611126872,-0.1569144550521173
0.1653776606009419,-0.1012426754191002,0.1180607721410325
0.0775625041691445,-0.1420954076014557,0.1176679246773071
-0.2155917164478654,-0.0106702593572361,-0.1445101219376267
-0.1672861365016157,0.1351821958040454,-0.0267423576622996
-0.0063756730997834,-0.0420466439912644,0.0045626407358169
-0.0565183760279565,-0.2164581535064332,-0.0148141615526685
0.0656053282790203,0.3576539601367487,0.0160575973855623
0.0416745590109386,-0.1299873353381063,0.1411654454884526
0.1353829019220609,0.0206745518619403,-0.0551793308091567
-0.2164717831211066,0.0610262039279216,0.1182333304398621
-0.0270916676021106,-0.0436323992089053,-0.1359484795582803
-0.0755682443532877,-0.0072788076302277,0.1598159068170418
0.0769093827175393,0.049200150496451,-0.1975025158366085
0.1716384918579137,-0.0615016933737576,0.0761611354520982
0.0724761482728,0.1021769758263423,-0.2057512065969606
-0.232266577642295,-0.1607293487122667,0.2484698069985721
0.0196523361657575,0.1622602665346297,-0.4391267470902778
-0.1372660705741738,-0.0202985351710131,0.3403645640581845
0.1412913737297146,0.0300973704419705,-0.3199435259020825
-0.1086044624249479,-0.0839174942222996,0.1549628837607306
-0.0024421929361104,0.1935291853031885,-0.2983093337547623
-0.0587543323899783,-0.1842345488844926,0.1203164746377793
0.0378094761756877,-0.0309559769069053,-0.1163921512636453
0.0309286287345094,0.1626645268795129,0.0684411658644349
0.0310857448166357,-0.1313630799155047,-0.0146692224601024
-0.037603364203561,0.0801818989535388,-0.0929977424960825
0.050475919978881,-0.1721217137277217,0.0343013510406541
-0.0019689956739469,-0.0247194477394161,-0.0098014544441314
0.0870229720320516,0.0276808635590399,-0.2097768942224896
-0.1111918330869501,-0.0872079969836538,0.0925271840604688
-0.0022156878373116,0.095000427485773,-0.1710986504963823
-0.1044944405252951,0.0218462772796675,-0.0776079241381189
0.0328033787516981,0.0941281829324841,0.0508482150280395
0.0987559647404193,-0.1331191922442344,0.040194483880412
0.0792185069244672,0.0463800884173726,0.0384209123179691
-0.0046602225584206,-0.0797103868062753,0.0769089710128662
-0.021666607958573,0.0217921842903633,-0.0413456533463467
-0.0264402967857445,-0.1419938725956521,0.0217977323321462
-0.0634712876492397,0.017098963688745,-0.220866937601715
0.0176026981471376,-0.0724618387490944,-0.0934556333364909
-0.1037645052578158,0.0571223642793052,-0.0448558288374175
0.0067270535437705,0.152885269082334,-0.0995135937918957
-0.0322733772361072,-0.0953382751560652,0.3391573836456883
0.0255843955019877,0.1079430603368554,-0.1082375458031404
0.1881839100534373,0.1285702867534822,0.1124809866929162
-0.0322174621719433,0.0035330973954052,-0.1772755353290082
0.0359994544699379,0.0721098800880337,0.0233075278448809
0.1215690180536161,-0.0319851015173338,0.2274754461806419
0.0637315245464185,0.0970333403296977,0.1046356351209267
-0.0484361333336173,-0.0393111182944043,-0.0591069715003341
-0.0096903225166271,-0.0929964863387279,-0.1356496966557058
-0.0242658624096486,0.0956542700763763,-0.0219665424481455
-0.0451663586721644,-0.2039979227409935,-0.0099833853474881
0.1586372149929073,0.1658388100238638,-0.0519463373882444
0.0646191741435173,-0.1841694016507074,0.1260453677046753
0.0622792311264082,0.0909027976630248,-0.0433367950191659
0.0270060899148639,-0.006782493304736,0.2016321888693119
0.044269674278448,-0.0560241533844721,-0.305727958089131
-0.0794872389903047,-0.0261752399413518,0.3085591260570912
0.0343991295198007,0.1473031654646083,-0.4203924578054431
-0.0003896975861151,-0.1670932171247408,0.4720299131265368
0.065100596967628,0.14605659214962,-0.4303351241153904
-0.1018323505940895,-0.0463710730093035,0.5113200938415805
-0.1330967470747729,0.0065599529800703,-0.3866272482153194
0.1518222702430514,-0.0079213345141565,0.0232005759893959
0.0111384816603077,-0.0209682886052428,0.0489671064825065
0.0908998737785317,0.1388206903743286,-0.0364400539447049
0.1174558189285273,-0.0395655819620356,-0.0062257345889378
-0.0136587599745062,0.0525688983453891,-0.0206015411145213
-0.0828742496021588,0.1674559839209304,0.1663969496499701
-0.0098643005700423,-0.0895465207047198,-0.2658014596449812
-0.0560532562610741,0.0157186228220515,0.060090793448729
-0.038330338429838,-0.1535789386772175,-0.0644756097246511
0.1622730942519348,0.26910669091575,0.0681813769676458
0.0188016182221107,-0.1156860986229506,0.0290988165411043
-0.0112879153766894,0.1164867351725287,0.133530174254706
0.1550207088756363,0.007848669240405,-0.0237520266781613
-0.0175720430154701,-0.0122037964526356,0.2218075969955918
0.0538135407049877,0.1324264515070671,-0.1354534447701371
-0.0086764396325658,-0.0211609871092405,0.0026120499901724
0.1745527343101125,0.1345852798537,0.0342618792082303
0.0720143488676644,-0.2732546367925511,0.1486694136281996
-0.1431303579810125,-0.0875506755537674,-0.1517943716425046
0.1146253500748874,0.0030422356450769,0.0378437977904596
-0.0591973543702211,-0.0624899057010336,0.0421589272277932
0.0340054057362895,0.1459511574009459,-0.1699534311723111
-0.0484775281319178,0.0104831540497274,0.3018355381802866
-0.1775482778570749,0.0979568830314922,-0.4262033813049677
-0.1413291937112662,0.1082345227672155,0.1380390345272599
-0.062785294962514,0.0480020358287145,-0.1361342077857275
0.046747910338794,0.0005592340064825,0.227995515758838
0.0956939092053343,0.1174489424914114,-0.1375843774653107
0.0291568457985713,-0.1046335917422704,-0.0701481985704232
0.0360365437788526,0.0411241948887916,0.0161621382363424
-0.0108640431861837,-0.0902128683226138,0.0765649698145174
-0.0267260859793166,0.1269410175313124,-0.0392989480345179
-0.1031591471271476,-0.2356251777168146,0.0558542507232726
0.059905609531202,0.2524118937541835,-0.0162169913634624
-0.1444705414123508,-0.4076409435896991,0.1490889973504525
-0.0479678124316762,0.3206120258507818,-0.0900806881356932
-0.1377988731221271,-0.0432981226422262,-0.0022351318750155
0.0440588579004125,-0.0821472813712955,-0.0973479278855862
-0.0225439745004774,0.0666326512837138,0.0732852748013506
-0.0558544177280934,0.0301160729199123,-0.1254242156223237
0.003537804501731,0.143083804087272,0.1203107165422441
0.2219526734549816,0.0123767207429973,0.0233342224943004
-0.0640306123849581,-0.032529516734193,0.1248200652316185
0.106330391262344,0.0508653625625663,0.025076457663786
-0.1372088020025209,-0.2950273661284682,0.1861456248706975
0.0315293487801677,0.2272403232073169,-0.151431156403072
-0.1603347252236373,-0.3683021956284275,0.0177429710069035
0.0071122120337897,0.2881374005346265,0.156080878993562
0.1312801511584069,-0.0237368195685036,-0.0100339825088538
-0.0990162080741005,-0.1447722772672846,0.1695232190107743
-0.1115748902690904,0.1473082661632044,-0.1443937203376296
0.1666379647207902,-0.0777313067795481,0.1367458650786941
-0.1659184552041928,-0.0163889802990228,0.2081173121123793
-0.00991763373172,-0.0049330732597222,-0.2277100564609968
-0.1342039609857765,0.1137952454329999,0.0433242658209002
-0.0528720548334221,-0.0689710308430661,0.0320883064173035
0.1396446834147828,0.0093426663195697,-0.0154750910713501
-0.2188545618470989,-0.1549922381052292,-0.0276450408145677
0.125824909010797,0.236132600248333,-0.0547337619442747
-0.0061500559132947,-0.1925243714873018,0.1355784018950278
-0.0166414410569913,0.0407606621526937,-0.0188803133792051
-0.0114667892940336,-0.0997470752241009,0.1427271230128045
-0.1190233704799037,-0.0425763693227244,-0.0683610930860773
-0.0046036757017332,0.099161153115881,-0.0423037126466543
-0.0629569314778481,-0.0832894974901425,-0.0498190565712962
0.0295971835076958,0.3072575770970828,0.0404464105516481
0.1798659678418153,-0.2222282001543241,-0.1045928148032174
-0.1401942670246222,0.0863076793968626,0.0405833011520654
0.1346765470680113,-0.0037391065884014,-0.2010022534668635
-0.1559694466932242,-0.1692878852305663,0.2899996893169262
0.0107753002207497,0.1464663969193213,-0.3107133029081074
-0.0923807971924755,-0.1929252190267634,0.1554387553549352
0.0639370062055237,0.1436429748345158,-0.1823839588468327
-0.109921194185426,-0.2936838754771604,0.0881423432057814
-0.2009938807589307,0.1129018233859522,-0.3061712123840102
0.2486092610960777,0.1842603440243113,0.0374915946803587
0.0562026814461194,-0.2086060954828261,0.1824787294998454
0.2291736340296265,0.1001679782441348,0.013752807691692
0.0521657036372853,-0.0613364351720716,0.2188736002178516
0.0099744981357044,-0.0679005949854422,-0.0620476580424161
0.017924462687797,0.0706946021132859,-0.0423679152754856
0.195667403760711,-0.1384416854789788,0.0186952967042173
-0.1618378778303619,0.2558070533190072,0.1459038075329775
0.0177693021711789,-0.0135408615778937,-0.194768808941154
-0.012538715896022,0.0218705997667408,0.0558752436922947
-0.0983635883743233,-0.0326014312249661,-0.0400553358135857
0.0320956637499527,0.1822061855931636,-0.0702637006392014
-0.0155597419201711,-0.0333727632945985,-0.0364639871695662
-0.008861450826421,-0.0644507844887982,-0.069692590937032
-0.088085415360795,-0.0236450681141055,-0.0222882405858641
0.0462447368999291,0.0246826235737803,-0.0500332843255714
0.0590698367737223,-0.0639009374194712,0.1270525911076163
0.0156745437338406,-0.0646293140857771,-0.106771037565586
0.1796417398561202,0.02931954094976,-0.0049370106629237
-0.0410859777073741,-0.0570219838252111,0.1277467997023999
0.01510861209342,0.100199011170593,-0.0579804066123682
-0.0418737600094421,-0.1814843596592504,-0.0849343860012398
0.153925920844743,0.2418053272297095,-0.0511079448511786
-0.0583202115647795,-0.2121531299771303,0.0766679734473166
0.0762063238420134,0.1398035555688806,-0.1109320708693095
0.0855340791723958,-0.2023906452188724,0.1996704443457297
0.0787091800817588,0.0565408170662049,-0.0708699253273507
0.1053808797616025,-0.1393837650356015,-0.1068877921323598
-0.163721520901905,0.0659540479839134,0.1025605565216478
-0.1493558733434064,-0.0664254206833938,-0.1366168064463137
0.0636181919267908,0.2224992933762757,-0.2207734394785176
-0.1212350544589466,-0.0192994617149701,0.0533878743233836
-0.0033833361047795,0.1151058097716061,-0.0170127211400304
0.1464734453564388,-0.1411108206645792,0.0456711898976729
-0.0713566267215915,-0.0934654030405339,-0.0702399616882788
0.0534029711668755,-0.0205069397761392,-0.2434398427153008
0.0279730689836758,-0.1289981388109712,0.2405185924087743
-0.0957051822059358,-0.0143529086584249,-0.1247409761688613
-0.0115809166315944,0.1011216071923613,0.1697046951740967
0.0179935477229945,-0.0435635199415894,-0.0778029087355291
-0.0783884421167213,0.163404910239202,-0.0939170842633768
0.0206872006195141,-0.0101881578751582,-0.012647146122443
0.0666973249490017,-0.0241358251573005,-0.0452532443683474
-0.1017588627972635,0.169544951377997,0.0493665564158484
-0.0048974648262899,-0.0667826914342992,0.0578113162278886
0.0940974173743507,0.1132179400006628,-0.0058798268810932
0.0875967621024896,-0.1299128624268272,0.0688415216286333
-0.1325700576424002,0.1641945661226088,-0.037566166557182
0.0961496283907654,-0.3226843230761146,-0.0552449404279762
0.0607358292334885,0.1118913615523878,0.2393671116411926
-0.0044525816174047,-0.1485486842272717,-0.1452177638371163
-0.1354464381520937,0.2199340162889316,0.3161923844847604
0.0064832806566373,-0.0380269587209668,-0.351493911426454
-0.051968905645126,0.043529457556586,0.381007250984996
-0.0579620473488926,-0.0543450959362937,-0.3512137478742612
-0.0864216133665592,0.1260168193733841,0.2504012643797608
-0.1194469256593568,-0.119865590975124,-0.2888878467143506
0.1298724896807332,-0.0386117372427624,0.133711941082586
-0.162298701322229,-0.0512258544358423,0.0145780966380672
0.1261425200135048,0.0779302503313021,-0.0990673220198034
0.1350124358171286,-0.1459307032327086,0.036583635887758
-0.1630589189834425,0.1431943473584048,-0.0340613573603776
0.1220944493660795,0.2013942913778799,0.047406185091973
-0.0555859050994371,-0.3802396736807575,0.0826653214168698
-0.0848076161854745,0.2808315409263732,-0.087249688932225
-0.0147064846705695,-0.1038717023174688,-0.1184200739789159
-0.1463250311356828,0.0840736160637307,0.042722745838859
-0.0101425038755235,0.0843411175848165,-0.0002189425277444
-0.0274936052304155,0.0092861022497547,-0.0782409023299511
0.0577038804567009,0.1312116186474371,-0.0623837234851857
-0.2166837376020802,-0.186532250935002,0.1211549414604921
0.0340806048829374,0.2170547002201418,-0.1986723784134931
-0.1394433226155063,-0.3522329433894214,0.1888539398347969
0.0170645059384482,0.3828481756150582,-0.1372575650924333
0.0609783765079429,-0.1379176540553008,0.171299730120495
-0.1090202698958715,0.0970094045526734,-0.1466996592552715
-0.0397394352065025,0.0576275140871721,-0.1065990193216274
0.0417739885107686,-0.2087761837968216,0.0616743388856893
0.0006681981787408,0.0130359338275218,-0.0529077244062872
-0.019356542078356,-0.0018016352711819,0.0856449012613398
0.0746666269140535,0.0949872381370253,-0.3115318700342641
-0.1625556319008243,-0.227709289224977,0.2067101599324694
-0.2078309138295261,0.1858443336259513,-0.3212243371036815
0.1552274359635862,-0.2822916235954034,0.0541200358339688
0.01312046549884,0.1303347117092546,-0.0678076575071219
-0.0250746963882631,0.0527245234914433,0.063410713496655
0.0632719460750693,-0.0109899763486807,-0.0362764392116028
-0.1586203885479147,-0.076228488055683,-0.0009983709619449
-0.1413877685883722,-0.0072706138516164,0.0004310699708488
0.0609009295491733,0.0536775335535583,-0.003259700385251
0.0372676427981578,-0.0508637719732582,-0.0417797227510559
-0.0533864827344117,0.0729333423117631,0.1372561822013798
-0.189460953548087,-0.0385934022794415,-0.0550002239374887
-0.0615467419318801,0.2926452429351197,0.1283070725441322
0.1052478293846072,-0.2025854254832365,-0.0991799395047877
-0.1008162935500248,0.0379785080743491,0.1228555284021242
0.0860424961189723,-0.0043577635482815,-0.1317824578373632
-0.0613884558111284,-0.1593204646105427,0.0532724633156108
0.1661506317628477,0.1607585134999143,0.1143621317280359
0.0925278416179715,-0.2203942381216524,-0.1047478246309822
-0.2063636854733609,0.0179741371569351,0.0051987589098178
-0.0038594656823549,-0.013785383908278,0.0857822682866141
-0.0145587673354825,0.031235943942367,-0.0474979927505694
0.0316397260103284,-0.0844536661879174,-0.1055105817022256
0.0254697629184717,0.188536363892741,0.1417343418988783
-0.0603094890053971,-0.0093259578644472,-0.1395983410102875
-0.1162425324282676,-0.2278747208573238,0.0637915773206533
0.0787376888282161,0.3707681925380336,0.0252101201932746
-0.2042415772574221,-0.2549459738023968,-0.0556037766860287
-0.0003400960789347,0.3347387892260967,-0.0747991334375419
0.1269291843149355,-0.2584816445070987,0.033495053521227
-0.018713940777908,0.0843396609244964,0.1209661725271329
0.1453271208257405,-0.0544399959211668,0.0161543390184464
0.0183507664606762,-0.0411442544871633,0.0806593194903333
-0.183689582494961,0.126187608200209,-0.0883920809223727
-0.0787583141484075,-0.0128611722992404,0.0278241337308152
0.0040127709888601,-0.0053841383457807,-0.1175416689096597
-0.0641538637324132,-0.0674292858528131,0.0076102879734035
0.088627201895032,-0.079089818696816,-0.0863736331460057
0.1699365656037164,-0.0224148692415004,0.4058538541147611
-0.0108639793669952,-0.1421591699395584,-0.2798316483518123
-0.0955399247734176,0.116824636076787,0.2911096415580396
-0.0663776754908032,0.0058340453042437,-0.3768044688823163
0.0637492181501395,-0.0246280412603996,0.3375420210613166
-0.0134632731493564,0.0276430260659633,-0.2640268009165272
-0.005467956776548,0.1557614484594601,0.2946479069289328
0.0993670411414558,0.0422351463467249,-0.3369319017003728
-0.1349062760296111,0.0171387110977861,0.3056501213501491
0.0791572919272209,-0.0025868356882151,-0.3802686502231238
0.0836057450567264,0.04481186934051,0.3988704883731762
0.0249283657925135,-0.2640621449960589,-0.3689348301069657
0.0071169239308951,0.0470696640838557,0.416807705809912
-0.0630199445880943,0.1051883648266764,-0.1244988100363337
-0.0059175685206701,0.0211527198890971,0.0251211303746245
0.0004003007022362,0.1559498097168198,-0.1304283335049877
0.123007377022444,-0.2666770748770758,0.0778122089382993
0.0370756217290745,0.1299581551022021,0.0146438771890397
-0.1181747331547705,0.0879338605850259,0.0517952290180595
0.0963539937923684,0.0237551280460711,-0.2275044546585287
-0.0321655826764084,0.0563558628054722,0.082414729945687
0.15686105603211,0.1374151740884847,-0.0278131101651518
0.1597268227023548,-0.1720972738293796,0.0823867188350078
0.0959999409249435,0.1310914770912833,-0.201156046975074
0.1064744354535368,-0.0784906496771242,0.1211179718115221
0.0001522638448387,-0.0538664144328154,-0.1359977096215196
0.1477340191892293,0.0321955499225453,0.1208407294035663
-0.014802467576741,-0.2442164802597295,0.0771987450535495
-0.005146686189728,0.2107540686915348,0.1653975250257731
0.0361008967327315,-0.1845230576739977,-0.0760574546952979
0.0716100209322963,0.0381341558720233,0.1482593118450996
-0.0828433133393364,-0.2001522508971485,0.0868477116152279
0.1665545318502289,0.2253854171839467,0.0329388273861208
-0.0619282440489451,-0.2195276291701539,0.2562921521753278
0.0478296184937667,0.1190582001686149,-0.0230154649918213
0.1518045030643868,-0.138863264121218,0.1445766485725057
-0.0819733109132754,0.1405583275476229,-0.2189153635740734
0.0604163557796097,0.0703923112618104,-0.0060615229984468
0.110500963187324,-0.0022988375775803,0.0464445648762134
0.1366129298876133,-0.2060170510503403,-0.0133065617953548
-0.0581867083263262,0.0974147804382,-0.0299534593802194
0.2101013373218945,-0.1173244825375339,0.0202531871162049
0.0019229829152992,-0.1414195470851201,0.2570323428911029
-0.062636828035304,0.0328958811541905,-0.2448671445969839
0.0335994644990493,-0.0832118980558641,0.1154882189584437
-0.0095821032006422,0.0014648177723373,-0.1668611429308647
-0.0089471929093273,0.1926907287354234,0.1187843293089837
-0.033281015304946,-0.1127146453778219,-0.0769754138473614
-0.1707848443112732,0.1025121878644277,0.0685160728454668
0.0631911646461898,0.1186251153479143,-0.1405151760900734
-0.0909724975673133,-0.0511198015534966,0.0968798236808339
-0.1813245866807901,0.126184148630814,-0.1396362309010527
0.1641492411988445,0.088021794576715,0.0918199885836262
-0.0413159366880787,-0.038357756019737,-0.1420629365951312
-0.0297341556607935,-0.0001570967072927,0.1139801683326412
0.0585387120895663,-0.1188538400184637,-0.1011505569703149
-0.039859446785705,-0.0167930689717574,0.1319252055917079
-0.0473921916675628,-0.1118950047750756,-0.0186790169928748
-0.1069934391415425,0.1963301881855625,0.1971385404386927
0.1234280458065925,-0.057775425964621,-0.1130513701668747
0.1629613575935351,-0.1326118272678295,0.0920539686945243
0.0993013936229086,-0.0396376867245079,-0.0471733358768676
0.0350951667503282,-0.1015802924515662,0.1111619032082
0.02691718703216,0.1528313211515171,-0.013751648771203
-0.0501432801807498,-0.2515891187608542,0.023229432561455
-0.1195291925153232,0.1959067407188371,0.0355064528770827
0.0256293152230496,-0.0577446448031679,-0.019638424077779
-0.0400067906422524,-0.0639840417622719,0.0667974836319691
-0.0297741507505305,0.0222715197265602,0.0020922136046515
-0.0009114898544582,0.0135353728010536,-0.0025984581965927
0.0386633290188863,0.1117736447246398,0.1161390668682562
0.0546045030437883,-0.035321646301976,-0.1653775728396168
0.0359671501714088,-0.135713206283252,0.1877198724519095
-0.128704436721916,0.077867993087535,-0.285278085662128
0.0362303520531452,-0.2264128697416725,0.0442957202000632
0.1642585110756021,0.1372925200092539,-0.0005586345546706
-0.0348304885257044,-0.3161722435980086,0.0830424826073427
0.0474984303070975,0.3065091253673351,-0.110374016714294
0.16835251125115,-0.0291739454813723,0.1443374351483378
0.0957517138048937,-0.3693078659547659,-0.0016183380349671
0.0472919786098236,0.1485828391343497,-0.0069969207434084
-0.0394607916206269,-0.0923783916689758,0.1307208609628299
0.0685253851720513,0.1508860320270741,-0.0197953594053809
-0.143590472966008,-0.3104860456389758,0.1618703253157002
-0.0403703846466742,0.2877518471320081,-0.3208838452966324
-0.0380859413600946,-0.2211833622314399,0.3788571883924339
0.0147271541178407,0.1126937922888707,-0.1833002436059492
0.0602863926452857,-0.0717770699137147,0.1728718737347265
0.2315381294034261,0.1379927643641504,0.0088610427999517
0.0393063155764815,-0.313835020712395,-0.1304200230486699
-0.0567477628828276,0.2244637915752193,0.0788952565936525
-0.2003981121460431,-0.0105111476094863,0.0384033626843529
0.0754078197669572,0.0454241510567636,0.1372963529135148
-0.0140740027472654,-0.2501253703699094,-0.0879431165877337
0.005482323123086,0.1243198381375473,0.1192015275798515
0.1029650697256289,-0.0834501281788326,0.014015067179745
-0.1190352091080383,-0.0448125854106288,-0.0437332553713066
0.1282693224351553,0.1939848354675493,-0.2450502263321223
