time_index,V1,V2,V3,V4
0,-0.10215325143432735,0.05027811397652321,0.045224000214878456,0.0
1,0.0393079865608043,-0.005083634105586907,-0.010286856633467047,-0.027812462263368313
2,-0.10046307135824369,-0.05562870437343244,-0.08261878422103035,0.018424190234869443
3,0.08094773807909333,-0.1007284263491811,-0.058390774826187763,-0.040931771681082654
4,0.10851774211998123,0.3262987910540572,-0.014896351886198318,-0.10974828031332988
5,0.1963075049131482,0.35909762537464335,0.080492613324729,-0.10128270439380968
6,0.0993489721750098,0.19858009931116563,-0.0357602216653824,0.01238051945112946
7,-0.03118158088598351,0.0661765534047037,0.012943905456670814,-0.16077166825364847
8,-0.03768177982663158,0.02592190423777055,-0.07954101434480848,-0.016994609895838182
9,-0.018830664949544954,0.04814671577599672,-0.19680493667076943,-0.05399644445060636
10,0.008570573360560612,-0.10404044648022018,-0.1382108531388041,0.2555411605996688
11,0.13383773182004824,0.038887142781664906,0.007981453689177881,0.029172525434551483
12,0.011229078039540319,-0.004845377259072053,0.11207167258487637,0.10099648849420777
13,-0.11185302595933147,-0.15836986946529955,0.1469922751616992,0.00048457095098274495
14,0.04384543456280962,0.12139492068410233,0.13642608594067004,0.14146186228783642
15,0.06625219269116825,-0.1554968300280746,0.21652318160688178,-0.0071984084803338195
16,0.26128387035512235,0.08042364820585965,0.08198132931480612,-0.005272791154996383
17,0.3285702596735278,0.15652777714976635,0.029763518073740405,-0.07018310300306499
18,0.07566451979834866,0.08580566683991532,0.09924186217510153,-0.09639223130252017
19,0.22219441028854015,0.04612354863669971,0.15110902719776134,-0.14383495379204242
20,0.08691427444930798,0.06749324486234959,0.24633610386245708,-0.011471187428656587
21,-0.1558036243674272,0.0762253702454398,0.22373839675013496,-0.1205783011853783
22,0.08607934795530643,0.06027955246180978,-0.005527562366559015,-0.12602232664119256
23,0.0007868131701210222,0.023230283422477974,-0.04341217007647753,0.07924417291287182
24,0.0008894125939950784,0.14275390038532337,-0.0476240670268119,0.09504043576719531
25,0.05885729905404565,0.0959145048424741,0.023243950020141076,-0.06865236025194049
26,0.04429772109124238,0.06795325156566548,0.04512665364829946,-0.03845229233902047
27,0.06560322239762925,0.05130514934062218,0.04515820595011573,0.1091483213623479
28,-0.107600397581162,-0.05896462776589654,0.01913741168447783,-0.04231389306949278
29,-0.230011311454266,-0.1065614857082672,-0.08898929337853491,-0.011477456684982866
30,-0.2346546551932612,-0.06939374654816026,-0.3041386964570635,-0.15935875851063097
31,-0.08238285805489436,0.1393311047781408,-0.07385254465575833,-0.09217305570713205
32,-0.03084984031341616,0.09544659048025983,0.014795016786831816,-0.013347245604631647
33,-0.1607716344910169,0.14479898476824707,-0.09575150811188782,-0.2618061640381968
34,-0.16548941145874302,0.05802906708548022,0.013369644929713903,-0.0011048750953102857
35,0.22147648165453854,0.011369766754077498,-0.03854006998156454,-0.003671771966242405
36,0.0583880280266438,0.04815990061957291,0.18788929650217076,-0.04896090330983989
37,0.10516140853428846,0.10280958728725278,0.17077744933534805,-0.05595576030577601
38,0.0022426103536775065,0.019800140621116014,0.026590719173409716,0.00029023299783781376
39,-0.09615377212416326,-0.041843857965693385,0.14659799660797337,0.14995584189904576
40,-0.08415198602977628,-0.08022724135621513,0.022248661175545397,-0.12855597260915647
41,-0.08667698554761583,-0.03831476230817663,-0.08000245603217829,-0.08570965724976881
42,0.04766858661914295,0.042072109076456234,-0.11835241605746506,0.11761842224006307
43,0.13971399601316664,0.08427702648590346,-0.09569695000798786,-0.021476777927973527
44,0.0126287266157964,0.06692508744642703,0.30208479532982296,0.08411726228800225
45,-0.0002972270096894313,0.2608635430035759,0.020909952093595724,0.05287102420084247
46,-0.021836899244688106,0.008073167697158368,-0.18469273542248976,0.04399707730565963
47,-0.04455444753985387,-0.16509815276983633,0.12645114337982194,0.07243407337689399
48,-0.09564819369398211,-0.16408177327650347,0.1482669023735294,-0.0843770379453172
49,-0.1136223892449891,-0.17897271225143857,-0.0735066361570155,0.05223886735836236
50,-0.08624574721322772,-0.06825756416665806,-0.15680014525251518,0.0028260899067638155
51,0.1438922631227089,0.09473427369972899,0.07530957080873205,0.04818199597267287
52,0.2248116127725741,-0.04560276841937265,0.2673578360699269,-0.053056881780810104
53,0.05955324463618591,0.04506182666481304,0.14156766125112033,-0.01833978711141037
54,0.13447130007583252,0.0902752306202931,0.022984885889148557,0.07110989833041972
55,0.01677560685376872,-0.007133043587395412,0.05969027701865018,0.12644265784289038
56,-0.001073338175580408,-0.045335837471351725,-0.02016278679567071,0.07478626493335527
57,-0.07168028486366962,-0.12700008289788833,-0.08816740070201758,-0.05295317981799609
58,0.2478720470761993,0.06073990300967397,-0.12064782393861265,-0.04164346934075966
59,0.15036857045181548,0.1138692934472588,0.09238923937860818,0.16537986158132326
60,0.046333226364470854,0.13359593372926495,0.1299878033469191,-0.05865029980738762
61,-0.018843578916129273,0.00824588090806034,0.20126697010292505,0.06918566209692092
62,0.1912266553972931,0.01991658518090855,0.09430359378945619,-0.06882746413150473
63,0.005742811678214374,-0.08175906151954661,0.06180634814703015,0.039168986759236135
64,-0.05105798828513712,-0.12767161660992818,-0.055625655614869124,-0.07572723210410752
65,-0.1868257901716178,-0.0985355435348541,0.02552214788086843,-0.10374003786570414
66,-0.1638010959625702,-0.22274222161802404,-0.029207301730619528,-0.004953977233775511
67,-0.17116535536465466,-0.06898803628413117,-0.08587530463408628,0.05518574382089304
68,-0.1733820792695558,-0.11973372307790911,-0.035533745009401284,-0.03168449982743645
69,0.02073107668260793,-0.10117239533831114,-0.0235384939840559,-0.09566427995620028
70,0.03186399707800445,0.11403209990640924,0.04237010026947345,0.017271947276671026
71,-0.09736571192928875,0.12101483983178105,0.03752931482266489,-0.006176373364215962
72,-0.2647139879234307,-0.0274797967430174,-0.0001730124327118665,-0.10401255680622536
73,-0.18413779517795098,-0.0030562163695148983,-0.26901587491564927,0.08096384031252091
74,-0.18170960042419204,0.0515443613973563,-0.014401485358808225,0.007580743018888019
75,0.11948138257468405,-0.09382972979859092,-0.08842476878056957,-0.005117448855181846
76,0.17683804920725435,0.08449946362836305,0.010213167650214187,-0.0416357819203991
77,0.08971082713292992,0.07403707221395692,0.17390749250701282,0.11754140267937267
78,0.08639560842026736,0.11225447003495452,0.09760914346566214,-0.09303028935054068
79,-0.16497850995832838,-0.18406312647081488,0.0749540327978929,0.19384258583611821
80,0.20203497747688723,0.1126447597240264,-0.13250284436825938,0.03572145532680665
81,0.11768222608506933,0.12993445326417785,0.07098358830030158,-0.014207164572399683
82,-0.05853944220477464,0.10741238487019114,0.17427764311522198,0.07276390819599496
83,-0.030876547601017615,-0.08137162662135594,-0.014950079832254704,-0.039455991362071674
84,-0.06894964230792384,-0.18510347042670022,-0.09830711740329562,-0.025258016023224812
85,-0.14108393443555622,-0.09401196055245609,-0.004121824074702567,0.0702999754336058
86,-0.044086646350298284,0.18019639718191366,0.04422494861770486,-0.12080938483121678
87,-0.1732717127090465,0.010562115195561602,0.08358982342743672,-0.04167400689682413
88,0.047211031342651394,0.10544927030993201,-0.09229722715815358,0.10462102263920126
89,-0.08404839416322969,-0.04171701598866905,0.021428117641614123,0.04584372942402221
90,0.004018116828248649,-0.02079647183474472,0.019356361250329742,-0.09839286745725587
91,0.07161585471081344,-0.0500432597041178,0.101163807560338,0.05238723427668417
92,-0.007671862155197828,0.2127723411925029,0.08916059529149721,-0.1719871339084456
93,0.04701395588497731,0.01789926088728523,0.07750554706218563,0.04545783809759593
94,-0.00011343206628621275,-0.0634699543971825,0.02054454472746286,-0.01367916839655151
95,0.18662348908253587,0.10921703718411623,0.018848090315543548,0.1020873411442584
96,0.06406036081721107,-0.010969679165812094,0.08130127532158307,0.040586512737274635
97,-0.19504689853846843,-0.10617128585975574,0.04106974240600709,0.24901831780967926
98,-0.14547312944488316,-0.014454238574691247,0.026345723976390095,-0.11140887336374328
99,0.0676204105422882,0.15263470446029964,-0.13429876492998608,0.06531316245547783
100,-0.19042734492221142,-0.13942909131221526,-0.14451342168377113,0.09539519162730406
101,-0.102600252921684,0.07418650582106268,-0.11601983386701858,0.0567219823606313
102,0.015569229797417636,0.02019388491481846,-0.08503954483509676,0.13884595380692835
103,-0.15257290672030974,-0.19955026836935297,-0.016130479521747836,-0.08477772343599045
104,-0.01780416078151394,0.004148683211487987,-0.2052115765196041,0.08396635418218376
105,0.07503356434351646,0.06185300040485357,-0.1900798746262257,0.11454014131539779
106,0.0407569701179909,-0.02589154671704492,-0.15381186893518262,0.013043621729014864
107,0.1358160737457183,0.07660992152680354,-0.13125826318165426,0.005398209871166894
108,0.11838086259233238,0.15483486118930073,0.08772554418858758,0.004419768183291414
109,0.04645086459213288,-0.09273263595586415,0.09357886106944353,-0.03913729776003721
110,0.028331251221106888,0.08162980945229367,0.18484444149959714,-0.04224673213006683
111,-0.17977232554061268,-0.002958797491734416,0.002368376859857052,-0.04995760399504466
112,-0.010981190003838237,-0.12057532442623496,-0.19172021425445404,-0.06677737941388079
113,0.11516448105724214,0.16294354304848963,-0.006075443901390018,-0.07640375055676382
114,-0.13390711620216836,-0.36967066737567283,0.11142686122533413,0.0034067245607500574
115,0.06193916700727273,-0.03862466530139813,-0.2815072023066695,0.1287337565222251
116,0.1308750996542924,-0.048095372399789706,-0.03859830324547285,0.020342676426342302
117,0.17360727291380684,0.01306442651681139,0.27665262076961794,0.046211150992434884
118,0.11995543206224427,0.01006899093985945,0.18500350532661033,-0.0894976440438307
119,0.053322019232677306,0.12538523172220703,0.018610149232365703,-0.10861134434912817
120,-0.18572966848672642,-0.09191858850887119,0.15248314321953646,-0.010961913200327862
121,0.007266015044296151,-0.023195658411352384,-0.033732252385492295,-0.12399693769031903
122,0.07976111464189703,0.08207090287626254,-0.024780746551334245,0.14825713769805882
123,0.35180352427734873,0.13726348732680013,-0.12022687021289777,0.07897683538722566
124,0.17615125896644232,0.02812872534757038,0.1866669526452733,0.062466878322617055
125,0.0018562319046299819,0.11745992264332605,0.01898437616484841,-0.15693528605241025
126,-0.19448307437848272,-0.10010624298333168,-0.08677058245961018,0.06956000513219775
127,-0.07040239779069457,-0.025562631453578687,-0.07077515494074965,0.09213053943803869
128,0.14720953772810355,0.02409175070583587,-0.007096952972442727,0.08058871148503163
129,-0.03202747751226321,-0.033160121682864724,0.0033487952232994084,0.0963486883849077
130,0.06536275469100081,-0.06590690068203958,0.04900897129496344,0.027525589873555717
131,-0.12376214913114801,-0.08084181938536439,0.052563602192809686,-0.01690850059552503
132,-0.08762376536801117,-0.03439086418356298,-0.2685407231017208,0.028056017104369436
133,-0.10409363021493873,-0.05264851216553136,-0.20257454837828165,-0.1690890796435683
134,0.018530747161921386,-0.09409787828049218,-0.1587062643568205,0.13726924966210116
135,0.06282807654578698,-0.14763935623011573,-0.02476544452451912,-0.01016642197064729
136,0.10988960864131263,0.08095716761500887,-0.06469395096122317,0.0668181489838389
137,0.0866628849758086,-0.020806018037271203,0.08992158218061011,-0.1722498397371913
138,0.0014738769735725687,0.0533882146705851,0.22678375433024528,-0.005266267394739475
139,-0.17367738322402068,-0.1759068766524504,-0.0011349942674740154,0.17990246032242227
140,0.09897153801659635,-0.10053693471547066,0.01622530748807613,0.06311827172271887
141,0.08393191884910683,-0.012438217635664078,0.18557701087842982,0.070741642586964
142,-0.05261284455797227,-0.04689521699151544,-0.019983020245932806,-0.11279461819295525
143,-0.13491239380051284,-0.16084022808636012,-0.05019906607498337,0.2597935259738799
144,-0.018108333065275765,-0.15269086628934783,-0.04706506488076233,0.1660583470035187
145,0.11974971193432113,-0.14858596728740905,0.07650009519153324,-0.005785126826873741
146,0.06022058674151692,-0.026564793638617152,0.2032589239427341,-0.08631821196961793
147,0.0019770196472934445,-0.048818465976612324,-0.018873066973394262,0.04072636875459862
148,0.035320334438943016,-0.0995916689612894,0.02065624344594894,0.10794855844643014
149,0.1141388989057455,0.036306000019548576,0.05615750869125634,0.1560317928780186
150,-0.09206220098211282,-0.03419622984096248,0.1225221732884916,0.0370256559287203
151,-0.04221160722215797,-0.08741402312154035,-0.11313935513401041,0.034137296515772964
152,0.11029697004411819,-0.15720591300744519,-0.04203901271667219,0.10807219389133291
153,0.10628853471947766,0.047646472878555585,-0.1330564838863622,-0.07089388432462737
154,0.08000059265626293,-0.004418976603809424,0.012035635484829593,-0.062163562583781994
155,-0.1360855432903671,-0.013272701047806009,-0.00040947782817107176,0.09470580255909447
156,0.023096121811200084,-0.10030956465820098,-0.10189394295596241,0.004712417013142532
157,-0.0692662396921204,0.17073217070257127,0.01089120380197852,0.16452042335373104
158,-0.15951917996688247,-0.18929835510825807,-0.08375195693312085,-0.10149602734838879
159,-0.005861007257104249,0.17871041571188465,0.09465531167260627,-0.029315228222879616
160,-0.012511570862986127,-0.026325573721717517,-0.07442346687707393,-0.09968555096563454
161,0.05539475519001708,0.004094460993536574,-0.11352960030031124,-0.03579776908724168
162,-0.08641958893052562,0.016284359515876083,-0.2336530794032298,0.12692413365916566
163,0.11467026337861848,-0.05163911791181253,-0.035263718138313666,-0.01873539681986732
164,-0.03995979908801119,-0.03789172731642086,0.03579234341538445,-0.01574666247642991
165,0.05448369451332363,-0.03666712628798902,0.07073583283099771,-0.08097427315214933
166,0.008021061431437042,0.05171549714886728,0.08821326922771722,0.008142400781051213
167,-0.03674254970809422,0.031286708563804666,0.060430486601663023,-0.1900812256721866
168,0.026052149833964436,-0.03857691057907006,-0.1491017041571146,0.029669595606947548
169,0.20865859810198897,0.025660920141903153,0.08995729767763073,-0.20404092959643524
170,0.10912686097082104,0.022819716906328974,0.10811802443813226,0.09522078708105047
171,0.1291870820120552,0.0999881418385791,0.2582234369814431,-0.14405649302689696
172,0.06136574599443602,0.20571351226666626,0.1197170354479789,-0.17888797655462005
173,0.06403244358394973,0.06015232967378824,-0.059577702044608896,0.04385512536881969
174,0.13811451658896237,-0.009959049955047601,0.050381474317024416,-0.15469202087548153
175,0.18538071430510822,0.06906123495591839,0.2692499303227852,-0.019152102890042468
176,0.07538797606936602,-0.00536185593898076,0.23651110072953857,-0.19520167123825105
177,0.0751423504304166,0.14117617091315776,0.11208383858552398,-0.009434798935532233
178,0.018347597308006225,0.009157946273566872,0.2475971437256721,0.10071506704491276
179,-0.0946679514478024,-0.08243177456742928,0.07070503515714414,-0.0896528670148527
180,-0.044992373928187446,0.1848294102194173,-0.06822613526248783,-0.1517369192086693
181,0.009546113252814604,0.17221601730762015,0.08444991748252335,-0.04219891897442877
182,0.004385557115675242,0.16612887637536727,0.07138905020267466,0.03390008019331331
183,0.06505016153928919,0.14088189964626072,-0.0653560154463954,-0.164595260129031
184,-0.03108193826461756,-0.09315929242542197,0.1947247856019978,0.2138885032232991
185,0.02577141299183252,-0.017392597875488552,0.07018888647030339,-0.021235790636531526
186,-0.00016123983022462741,-0.0064331163663637414,-0.0774208279524459,0.031167232087402193
187,0.14354066415782782,0.19051959886009287,-0.22138349933332274,-0.14572720924398302
188,-0.0582843460668231,0.058510541301317734,-0.11915638533133409,0.15455329274082308
189,-0.11038380149026472,-0.24098610392126443,-0.07083594462260619,-0.0764021977291032
190,-0.04156944903463002,-0.07754589603591011,-0.04693973403767904,0.11460628382502142
191,0.02586941149987187,0.0036878168736040537,-0.24631732299597447,-0.04136687392470101
192,0.11836191812958595,-0.03926491654008214,-0.09752230774753479,0.025641798269656232
193,0.23740619394277881,0.053633843111718406,0.23624821968422163,-0.1257902450080028
194,0.04860662617123538,0.18668224306301973,0.14635650644292772,-0.14262620352254496
195,0.012915263706161025,0.13929480098535063,0.16603959958819087,-0.0961766760632939
196,0.05174987978689656,-0.04616491524415495,-0.04423160860701231,-0.06823972116741203
197,0.06603724532245572,0.15489158681864604,0.19260550321877834,-0.06852490814854001
198,0.1646722702936295,0.07603390525501325,-0.09781503355711413,0.08030399189565669
199,0.15128800448815208,-0.05455291984255878,0.010302290748303862,-0.013484418072420632
200,0.018329855342929212,0.017012194832845554,0.09927753607163531,0.08561567330598864
201,0.16152927357462504,-0.03143280010510012,0.07036829805998811,-0.10240434626823522
202,0.0492816917571285,0.11572397280192709,0.027243809242006672,0.009467257674929529
203,0.1356586284247527,0.006299354070089969,0.11765489802692794,-0.022207620140396393
204,0.13145187410323989,-0.005266134417651218,0.08954512646414384,-0.3074181459340426
205,0.0303544390436118,0.1474583717505365,0.20538938409571786,0.008310652627442676
206,0.2282215018461337,0.03703562069921671,0.11460605922158792,-0.1433248640871137
207,0.06168480308329573,0.13571065780838426,-0.016666745915227682,0.1513829930870997
208,0.025765700174175753,0.0914187798215469,-0.007186232182500259,0.12175330494485417
209,-0.03241171561597366,-0.004766865890607902,0.020546296290569015,0.0920720466550939
210,0.17643708405146274,-0.01635433448766573,-0.09077402171422458,-0.1341151309913636
211,0.09397008070777531,0.12811438317545099,0.17521090786408205,0.18379323973281061
212,-0.016256602695365933,-0.2384026034154409,0.2053230570532143,-0.12088273758646292
213,-0.26842943372596084,-0.1209602731669519,0.02871182078397665,0.09702111246043672
214,-0.11083598822300067,-0.3549006889438401,-0.2562189936526216,-0.06029745754663432
215,0.10810420030727774,0.027650806402119657,-0.04541685497229926,-0.05635167945677051
216,-0.05047478803577246,0.06670173181104472,0.028427433018716572,-0.11338073813386979
217,-0.14891621243091246,-0.05499886279621452,0.039107538349888275,-0.09054333357427147
218,-0.057327432892866806,-0.0026431758955710095,-0.05434418005438515,0.08970660167052452
219,0.018245103113135347,0.04325926608705444,-0.03231278908102675,0.0343830416763614
220,-0.00840234550774766,0.015270422408886798,0.09152897242648057,0.030407266709508166
221,-0.0067691598801727084,-0.12281312527284896,0.016481350784373343,0.030664231794681883
222,-0.0538648869771668,0.05309085762871681,0.09181502273227603,0.06287577925820143
223,-0.12233199801046798,-0.04221013612943397,-0.043702068733312074,-0.00555708235718568
224,-0.3471585517214982,-0.07982382826530125,0.12222870190291502,-0.004588104281663664
225,-0.1290021842357053,-0.1682837828741586,-0.08852171683248639,-0.0119693914795132
226,-0.12318360254736663,-0.12382899591301373,-0.10872964569168421,-0.043281995053178195
227,0.04013276161153844,-0.05442693619754972,-0.06634185179963534,0.06546896353610512
228,-0.04966848756975706,0.11406923103979835,0.015046896021998796,-0.1295736606828748
229,-0.13384447745581612,-0.025206085284450515,-0.14452789614267358,0.0019960874114724678
230,0.09636213805050088,0.04444550920550566,-0.14624280835352896,-0.02744344747288856
231,-0.10458107504886896,0.10463713971593074,0.09937430107857247,-0.17049823346402398
232,0.06509272218883243,0.010738228645981618,0.052887395887489495,0.028720566918671073
233,-0.2496335498603806,-0.18157231722815947,0.22857871192681387,-0.13716542969330497
234,-0.1773127035567672,-0.07690351109045476,-0.006186084508652323,0.2527630184658552
235,-0.12283726193748887,-0.1631717444641689,-0.006442911421018466,-0.0522734734037644
236,0.04563128781350072,-0.10295530694762735,0.14544812134233873,0.09309836167380424
237,-0.11647923108627437,-0.18522545584325567,0.11036370098515808,0.013307112526774302
238,-0.052483844737198374,-0.10147494855210983,0.06688528994819146,-0.0499638806122238
239,-0.056691146671166516,-0.15102991812918884,0.11024672550852,0.14856724023696463
240,0.01010410867650073,-0.10340591340965134,-0.059494400675506,-0.04998760755350954
241,0.0720707157095632,-0.010248551928956958,-0.09836194666442334,-0.11694516768403267
242,0.1057692406935888,0.049950692069387556,-0.1491718296163872,0.02497996427958778
243,-0.027301126706768437,0.044211557657463256,-0.055953408036933557,0.01386961246041752
244,-0.1765692096604099,0.090659028211417,0.044713223394082936,-0.2060933685687972
245,0.050156694246568115,-0.04187552781941045,0.08564137515578742,-0.06019390051369662
246,0.03788503685444652,0.13902899172764757,-0.017815767348472733,0.01504250294408891
247,0.07782931900867149,0.1747871104813043,0.041365662663441716,0.21385009225963078
248,-0.07953348785786346,0.05618372545569525,0.05183889554782506,-0.12676127846509178
249,-0.1997739797369834,0.04282897817045639,0.10264072924631562,0.1853372419926513
250,-0.17691967835858888,-0.12622860139960573,-0.053140654930736345,0.0593368353467937
251,-0.08993680446649961,0.03247426211569921,-0.10642294352382242,-0.065181978560128
252,-0.0163177578204435,-0.004842683267447294,-0.02235985179615188,0.30309044351832864
253,-0.0403135506367231,-0.09464005718517723,0.06844403990796478,-0.012544116646417806
254,0.06164558772688645,-0.13514240744828138,-0.021748727085318394,0.037524461898348835
255,0.04199584614138209,-0.019863358711503888,-0.11512980191398933,0.08946944372413473
256,-0.1643125388314991,-0.09275984664979485,0.007153122166413325,0.091643376573492
257,0.15587388075633363,0.046164758789218927,-0.03687445198585105,0.13553531764706073
258,0.07535848788727327,0.1391135826960792,0.24643092255337437,0.053624275470187215
259,0.08422981234533256,-0.014523800410745503,0.14263701500762563,0.10505509004796407
260,0.14233313509754747,0.21926631241932776,0.3088594598569171,-0.013616105323236274
261,0.1332959292291461,0.034912021885676714,0.05204706737183361,-0.005173852146030132
262,0.029539723792754533,0.11847699466211706,0.12216821808749255,-0.1484315679475121
263,0.013510499395516712,-0.15770379282223373,-0.005806313158906944,0.008754930958453463
264,0.14063301629340164,0.12191445081383799,0.042973129639372276,0.13534628304673707
265,0.04864673472212269,0.016757917944440287,-0.0684351419990191,-0.19694355143919845
266,-0.006785273458734406,-0.04741809595392127,0.1541842469438559,-0.07452568460006759
267,-0.05627122990071187,0.07012275899032008,0.09358927621792174,0.06452095926696602
268,-0.12041416756822546,0.06140484655791463,-0.02905336282323194,0.14253074201271015
269,-0.1340372696897708,0.024855713728016482,-0.0931759281020429,-0.107124564171832
270,-0.13147667439583974,-0.01201167764767208,-0.06357170167833631,0.06636242933042844
271,0.04275139368248737,0.055849281486235386,0.027354487920463008,0.07250893150063642
272,0.0822095536612534,-0.03283687971905508,-0.057159169725234646,0.08401461600450544
273,0.05702028604974618,-0.020727861760285567,0.28731111945499893,0.26995827024466656
274,0.029593647457260404,-0.1803574716486568,0.20448481240159458,-0.1650870629019537
275,0.0362290822414946,0.23666157502811944,0.2685270943418351,-0.126459502143121
276,0.04910894880713139,0.16688552502789883,0.18744461802016876,-0.21067224912676202
277,0.0209579908820791,0.18330706032863295,0.18628180375201397,0.04504144719967612
278,-0.07198936653195362,0.11481764996594584,0.04415980452480624,-0.17982060867319544
279,-0.08262563732902381,-0.10461746230264712,0.08596281124252446,-0.009155339146306063
280,-0.0055371565117736735,-0.040404414848677246,0.08608270856200116,0.04438361671850434
281,0.021231646272204294,-0.08239461464143089,0.04971415791563426,-0.0610895240977671
282,0.15761252671953582,0.0209591789133175,-0.05553515908591296,-0.02578330550144714
283,-0.0970796401665264,-0.18163976799330703,0.02080186944774943,0.07880140307804542
284,-0.04229788420039418,-0.026624218585749013,-0.15503407598329555,0.040531510193978174
285,0.007962126738874632,-0.14684353938724154,-0.08325271495381723,0.09491526310226539
286,-0.026116130490932796,-0.04457379905661381,-0.16110325360474942,-0.1261349449757134
287,-0.0802585481241381,-0.027501760865736927,-0.0203173418806187,0.14853131302967318
288,-0.0849200390799564,0.0036346522107262302,-0.09805708558773141,0.020767344800151792
289,0.032982152277181376,-0.1010116960391214,-0.1468276051256656,-0.2340000023222727
290,-0.07419343930885007,-0.03627072426969244,-0.001132235721309053,0.004025349618575549
291,-0.02927561884419571,0.0833964021118854,0.030358259584009326,0.09796499761294541
292,0.02124087934449454,0.033095069342208974,0.09602592858066145,0.12195206287286586
293,0.007207502307593562,-0.11189594110987584,0.052976105059565404,-0.024730190000738318
294,-0.05271033773678395,0.01864586678108194,-0.05399480222974319,-0.07305762771427121
295,0.059586361455037304,0.09269677496201673,-0.08180929382221173,-0.02601882972231493
296,0.07456057326983276,-0.07722736014426738,0.07354972654081746,-0.04072421806186552
297,-0.04950711585087764,0.07777897187616133,0.09458559856145574,-0.1619591501177027
298,-0.1262780767041959,0.09356471505149008,-0.003705476275843991,0.0607357382377397
299,-0.0004731127857528633,-0.06631430347501542,-0.09666620501332257,0.03247807471749628
300,-0.03010384358286687,-0.045533546742461885,-0.0800208860598508,0.25026253705243173
301,-0.031143251571111388,-0.09404834610492485,0.0388041011045928,-0.002635701285535398
302,0.0861197646200661,0.08996960245528571,-0.03530802330516679,0.1343445810163403
303,0.01800459917467593,-0.0390451873443815,-0.03188888995529673,-0.0473153835050073
304,-0.012459403373389445,0.14879789216382908,-0.03367145981131085,-0.057972236782489014
305,-0.09298059771164068,-0.10848209182506797,-0.017694043900190314,0.10630758085801538
306,0.009537004122299693,0.06916628417715608,-0.029926650945011006,-0.07563463186109096
307,0.055528911718522894,0.05540920046647319,-0.06513764038154819,0.09293765256301756
308,-0.11808693276124654,0.03074281954901712,0.024926477725208698,-0.1920398750177471
309,-0.10536629407362247,0.07501656373315133,-0.053743874709642724,-0.10620348445891031
310,-0.04922104228825434,-0.010533334596011489,0.07116751603619126,-0.1072543077352647
311,0.03383683300627524,0.03770826883619507,-0.019962696478277506,-0.14905145128104838
312,0.014143569839997306,0.05749602482776229,-0.06486478423140518,0.01945719367081703
313,-0.04946377851357737,0.09933810844640999,0.21745764683169355,0.10174295058559982
314,-0.0586696585939079,-0.006315249635111656,0.22895155582466958,-0.22447365053902865
315,-0.04963946858477963,0.0036275752795057736,-0.11269535646701401,-0.16118943026749538
316,0.02926697763412065,-0.13704423236443017,-0.02803451652655923,0.16896575043590967
317,-0.058702401902535506,-0.17838720558689256,0.0717904468435494,0.08250389572906604
318,-0.06246207074041267,-0.1680743625153655,-0.24235933229186693,0.023907453811605514
319,-0.0763605862988561,-0.07244857777250932,-0.08240045331131234,-0.05700198787398425
320,-0.1829061913500707,-0.1784421402014374,-0.043944103758917996,0.09432886153244127
321,-0.06656968911026113,-0.10105157533224902,-0.025136498807255173,-0.005300936389321198
322,-0.2503037868670566,-0.041030476614226666,0.19472327691483637,0.046798141104439285
323,-0.1666374130464025,0.0292227144308871,-0.12536557238716312,0.17325920079960527
324,-0.08939339310182695,-0.22776709081830626,-0.27962720964994414,0.024125219770900985
325,0.025323033424176147,-0.05128030380279184,-0.3115708796716045,0.04295749274460936
326,-0.17671984313371908,0.08548837383349901,0.0659690410787687,0.14600712108185826
327,-0.09673194441735536,-0.038116913194287734,-0.00952917787787972,0.08507448010720048
328,-0.02855961853407354,-0.08080787630630712,-0.04979453896700324,0.019670138230767003
329,0.046595075283532086,-0.15612159778361034,-0.12910349656508285,0.03387433845881699
330,-0.05128475521038696,-0.10292917077358388,0.24790684688765685,-0.14093435168300217
331,-0.04500918244808321,-0.017012661886751757,0.0018312768774592786,-0.06281600169591178
332,-0.134826280527091,0.007775388737393425,-0.02057991843817863,0.048172515165225874
333,-0.21569806374332043,-0.16929465918661601,-0.1621705106822288,-0.1263509845365101
334,-0.1173562168558932,0.12680336978249285,-0.26095807822228945,0.050258199342237284
335,-0.036941885290253995,-0.10461333854607988,-0.19548377748383397,0.13094268984147175
336,-0.055012119658266044,-0.12762181711393164,-0.017101111413348538,-0.07878486093444981
337,-0.04594767366964556,0.09836326239065779,-0.03243637683418036,0.02713258175370642
338,-0.045584822474466526,0.12573963429285406,-0.05298107590512033,0.09930277260825515
339,-0.016444420836265038,-0.15129689399562557,-0.0629352028256276,0.06878691648395141
340,0.1677520773939959,-0.10797313934905196,-0.033433268561615825,0.08327651008729287
341,-0.013416407586636175,0.06680111485193103,-0.10154686490110316,-0.1411071835795109
342,-0.0007810305580403,-0.1365036129402222,-0.05568713070584447,0.11642422744346648
343,-0.05865938190744987,0.016442220768905447,0.02311065309123891,0.10210987548121947
344,-0.1777776008679599,-0.20019219872003352,-0.0761209191361509,0.12477775633015563
345,0.20519995284445455,0.15823041117725936,-0.2856239093161147,-0.3231724118682308
346,0.11244303631669296,-0.08179359788900609,0.03310057680591068,0.1398795900571115
347,0.23166420525628656,-0.15846821216715928,-0.0441206150007597,0.025673671279130096
348,0.11338111238200914,0.1262134804184319,0.027111478274799525,-0.10280923973258553
349,-0.014008468766435595,0.18262121025438077,0.16244397906094443,0.045523274885307115
350,0.1037702819491601,0.20685482655194623,0.11376571378911604,-0.052792390587086874
351,0.03217205157780434,0.13125968229741145,0.17218853477349383,-0.11349876416755299
352,-0.06247796792609273,0.006244248473817916,0.029858622200024637,-0.04828419305887431
353,-0.11968363042486103,-0.02226486388531444,0.011276499805751343,0.10417626244546417
354,-0.07339254708759653,-0.15554557116588086,-0.021697986642275985,-0.08369109964344831
355,0.06920496800892627,0.09801145573079449,-0.06979533019122569,-0.07291172886529927
356,0.18261597186937145,0.2253462768337941,-0.04652916905270175,0.18042209602229223
357,0.15293924899824446,0.02533559799470697,0.16957283830363246,-0.07312257474513677
358,0.14598115368408168,-0.0452056557269524,0.21909082101094732,0.012195418633137833
359,0.2134594875619228,-0.018373468700705775,-0.013573097699220424,-0.024481393471424695
360,0.05699712490242868,-0.01934803928840491,0.2228905631765185,0.023107978329222123
361,0.02340028229979851,-0.04366217934386649,-0.03924426185821245,-0.09806849322215323
362,-0.12203664267498658,-0.12478002048205385,0.06387702287165682,-0.13475372394212187
363,-0.10108595687120117,-0.04675988718102438,0.062090800449838356,0.09146325559618206
364,-0.0006329561459889679,-0.14064066874540992,-0.1371302720085278,0.0680034494957203
365,0.08959020381585708,0.10049232956184707,0.08850300529460989,-0.1196848530936117
366,-0.028759655780332148,0.12622628897553345,0.0822256657567987,0.0014059905623573822
367,-0.1022866403698901,0.011983847701543756,-0.05633712882385307,0.21985348725032014
368,-0.013283615700397162,-0.13375156692519088,-0.11821015054729414,-0.10208485623362235
369,-0.08562293253012795,0.03722319735236899,-0.05761376488870136,0.0036117712096509665
370,0.11687902881170387,-0.01135922417660179,0.07005749305095671,0.12522219529320025
371,-0.09804933638401972,-0.16169921347718258,-0.14021920977941382,0.030627324968807483
372,0.13741224958805642,-0.01579769582552769,-0.1697006171512811,0.13245770375828853
373,0.10574364095877803,-0.167811568447776,0.11626904263104244,-0.010068656350054793
374,0.046489844696892685,0.044542805728360925,-0.04316357929701721,0.0912535892982654
375,-0.09247398598931998,0.20253668228065153,0.1600860132017884,0.04341193799318244
376,0.010266465496921423,0.009582062909639885,-0.02679648054688731,0.11510879255525397
377,-0.04459921157735725,-0.18568589006609454,0.1300675926294206,0.038054192158494135
378,0.0015793505867852838,0.04341472988916034,0.005314901874391957,-0.14782298079343886
379,-0.011069155672863595,0.23414480273822946,-0.10090123177961591,-0.08195631682409535
380,-0.12378852840378671,-0.04499986725817107,-0.12932909523651875,-0.01165263316890238
381,-0.044480894129799046,-0.029823486461565966,-0.13661456130644334,-0.12076407995801462
382,-0.11084997666732996,0.1283671624282559,-0.1527264143334322,-0.03266485468149073
383,-0.032015264851759644,-0.01218821906765687,-0.07862898721230717,0.11966374734930942
384,0.06327221556581218,0.00949233596061148,-0.163874305505881,-0.1481900020887249
385,0.09334759689952254,0.16631024799037292,-0.08189355464049142,0.16784074927186596
386,0.08863596805592197,-0.06194668017306111,0.15678803568182845,-0.04749165952745624
387,0.04303871298084164,-0.018678151032024196,-0.08312724762118842,-0.13301015965073518
388,0.0731875584835765,-0.12182975943747752,-0.0091664713673008,0.0777984436337567
389,0.0838124770177141,-0.028925816316388395,0.14031231519896636,-0.16113040635803771
390,-0.032895888082511655,0.05564478158743673,0.31106224591317844,-0.08639977495620313
391,-0.0594308022966663,-0.07637847076980005,0.05467901482850253,-0.12117216852167569
392,0.04229439931795237,-0.014220751328349622,0.03431722694490233,-0.08220694662952968
393,-0.08307205860754646,0.16461548323257935,0.104139454521084,0.2410003135142868
394,-0.02657163726824241,0.011268144815780742,0.028263189946534154,-0.1876853089654843
395,-0.208388544592183,0.06949386901173576,0.018167119254927575,-0.06824434976573318
396,-0.057267171136433564,-0.007630110871751812,0.031203103285000686,-0.2427428773501106
397,0.05198306592018946,0.15402458805062158,-0.03930244867975355,-0.1098482068123099
398,0.018770964877913614,0.13734211372267358,-0.027842691486263154,-0.005138913287143352
399,-0.1548285286837964,-0.011327590664850055,-0.04136634318167576,0.19015279134915403
400,-0.1508088294184361,-0.033049260307533315,-0.12470895648994029,-0.18310465241526058
401,-0.1914634688122898,-0.12293791190434881,-0.03368814008302767,-0.04358112144376139
402,-0.058837747789330624,-0.06995989212801124,-0.2216913619880484,0.05491738563728554
403,-0.006755765661820104,-0.0009576767730278962,-0.08829993394699455,-0.04638296138791982
404,0.21285471057670183,-0.001157049222150805,-0.08309269954452615,-0.03950420235570975
405,-0.09241928138556878,-0.11867786834020559,-0.008650185730641052,0.16512328179132973
406,0.016674419507823,-0.027862794727287234,-0.24011655590577513,-0.06581427049659448
407,0.24211880895776985,0.21369954378447875,-0.05412879098390511,-0.20412667531295298
408,0.06545882815751022,-0.04568117862973864,-0.06420285238563828,0.06650811593111494
409,-0.03194473153313773,-0.012311038573721709,-0.030245290180598083,-0.04930992655711377
410,-0.03931121191555198,0.016709607964532337,0.004726759916406826,-0.13086315024683168
411,-0.06680219835551728,0.1510206033618325,-0.07853304636916163,-0.10195039255924043
412,-0.1954019415314013,0.0942719126842557,-0.0875994363146971,0.08630470849746408
413,-0.01194252629834662,-0.018745210748517753,0.007569282613542214,-0.0004407762440597283
414,0.05826239401163103,-0.02264267377047963,-0.01094573381221331,0.1113358736030949
415,-0.05930007462562821,-0.12631702752625115,-0.07596812595644009,0.15888243778279493
416,-0.052443050578905165,0.06570497540041612,0.00022361594258835799,-0.0627412579909785
417,-0.09162633979973928,0.005654160930909513,-0.03665988107911712,-0.032227000671667186
418,0.04236695967089041,-0.02128170035291144,-0.15788782201380502,0.04622851452842061
419,-0.036888235903505304,-0.24006212626103873,-0.18696719402480258,0.23984554093933197
420,-0.07942893397157552,-0.22015101429477818,-0.20933442305224262,-0.015661379613982812
421,0.12507250944806036,0.04393607942121805,-0.15977093083193453,-0.016036446150497225
422,-0.02490010592314635,0.12624570423877435,0.2036515695551369,-0.03518909654542508
423,-0.10294396642970757,0.012361151081288473,0.021098581258460827,0.09517745472343983
424,-0.02043572386743708,-0.06860031453937368,0.099644957876698,-0.04652121236244921
425,-0.07428599417496247,0.1299674552106621,-0.019170240528463924,0.007200600114151592
426,-0.025393898723461407,0.06786540874283362,0.10422510745115632,0.03994354409056523
427,0.07309982717070888,0.055346128220339325,-0.0756775072558918,0.11315050633069716
428,0.027758093469638964,-0.009482354913688023,0.031745180564157365,0.05197088748379047
429,0.06843103940208041,-0.036874180085618644,0.11389588647389594,0.17853548956830842
430,-0.12400406643727961,-0.2747061916126273,0.14613385948352314,0.1558649718600448
431,-0.14678290708658956,-0.11666832053979861,-0.04364739056620534,0.003079752416802379
432,-0.04056373060144202,0.04650592876828137,-0.18963850443546204,-0.004886658210594495
433,-0.09574405452515938,0.10001559955057589,-0.046815438254361866,0.10704831129708284
434,0.0709009662264024,-0.06796449828765766,-0.23595102757926406,-0.007344488613150021
435,0.11349764038047558,0.1008775833793339,-0.10151986799470471,0.021969143507203526
436,0.018225218198304347,-0.10270381500764117,-0.061626874390576805,-0.00810763119601611
437,0.11172297370285461,0.09968307492765,-0.10262370850737214,0.1601384563382566
438,-0.1343420417309068,0.009412325913438699,-0.008792575192648533,-0.12429270947790133
439,-0.03328368543951903,-0.10968242137917558,-0.21365633502855838,0.16387602812221905
440,-0.15248205599740305,0.015735910921195,-0.03396652910164716,0.01914633913369194
441,0.08332620976010065,-0.0248580246162058,-0.15138656208081971,0.10935361474746758
442,-0.009754317060374593,-0.040080879160612176,0.03773475848394783,-0.1462079048969226
443,0.12431274584104642,0.06847973446479125,0.11348917993155032,0.008697529801954469
444,0.060439216946873695,-0.04020578861490723,0.041970405011837006,-0.010162507703001328
445,0.17851917908072032,0.34960149707840077,-0.10780213740301843,-0.17312649461489604
446,0.10080050288979286,0.17840222250654264,-0.046841944796916515,0.14910268044070915
447,0.14350791540995755,-0.024959010461999068,-0.009943040781760133,-0.058536301969751306
448,0.19755822781652665,-0.07136859507158419,0.05721526603031437,-0.11839212192338305
449,0.31739787160437405,0.1705808648210264,0.20365870073259595,0.03696502397170118
450,0.13909729416234184,0.14891501651405536,0.4705161097869689,-0.14680013707937817
451,0.09926793239822225,-0.05361433047918818,0.20022697640254075,0.06501428739413781
452,0.07197848214399469,-0.2578375700485826,-0.006102280836936938,0.08633373642465023
453,0.005750430117876168,-0.11907725346356637,0.16449611334370307,0.05492862348884043
454,-0.15337238684449928,-0.12119484417040485,0.109641825730038,-0.006222898300777645
455,-0.05044368106679808,0.039552559250463665,-0.02012833661323809,0.008396327006732034
456,0.018185163780034243,0.04904925048218272,-0.13304774080698922,0.18616743124249757
457,-0.008648094240606115,-0.16513801407891587,-0.009977971644039598,0.015084681000773412
458,-0.036887617942047535,0.15889557484581246,-0.0773355720873986,0.09528752340977271
459,0.1459683848702356,0.033622160062205884,0.02952317687875139,0.10546976619796143
460,-0.06718439518613493,-0.0475007010338863,0.17014385663763248,-0.06150240306052599
461,0.01637924588829546,0.01268424511530103,0.1709754250546963,-0.002024424852680241
462,-0.05597101143333516,-0.04460769896471155,0.012779975875829484,-0.034491692260794626
463,-0.15119447238129896,0.06487221468427329,-0.07531797718863054,0.09286344881091764
464,0.003880959177927079,0.023661975673479843,0.0924760557767337,-0.16420693410745732
465,-0.134600501174577,0.10509976274326395,-0.004794753989426682,0.0694333574585364
466,-0.09832146137701059,0.04386320800494251,-0.0924406662030037,0.01576657023736529
467,0.09924325169553141,0.09581381315589232,0.1450805905378736,-0.07385691850143125
468,-0.016488573864710015,-0.13311332363295045,0.0656193687602168,-0.03894292299478204
469,0.30415969165311174,0.14420602914011388,0.060591400164301285,-0.15442256711373992
470,0.2974368922256227,0.14415542017591176,0.31800198266802937,-0.11373438304631568
471,-0.06350156560154285,-0.026975835708283442,0.2724976892422927,-0.031614292239871396
472,0.057627585626525105,-0.09311431200432899,-0.11536861222846233,-0.1083002151079616
473,0.05054260629511448,0.14141513006745976,0.07911241462464669,-0.01956050961202339
474,0.13674497487333323,0.20689568279750378,0.07778426207429676,0.08704900426657967
475,-0.013773048941815857,-0.17436917980448935,-0.010621334293724125,-0.06468733497079925
476,-0.059594207117034934,-0.08939385866354194,0.03405893501758976,0.009841375376145035
477,-0.10288122861332888,-0.02161497251668413,-0.08026125716966892,0.0075578121473085826
478,-0.24023471801039203,0.058722654022865584,0.008184802442413541,-0.06937502961262802
479,-0.01620134921834293,0.044610565544043315,-0.03939039080837121,-0.008232727912681655
480,-0.15910182607479,-0.005754437452270639,-0.017073379733222736,-0.1355527891320519
481,0.009390629882627385,-0.0677901192881086,-0.08792890229784948,-0.06916992439856179
482,0.1706552961534564,0.007246938561596604,0.0361263702419043,0.01307744729171411
483,0.02237242586131037,0.043449424565147006,0.011300426809709635,-0.08585257888667149
484,-0.2406859198503078,-0.06333778924887426,-0.0023236383362754322,0.10439159215776954
485,-0.16219266013832376,-0.028489451899068513,0.027341612178091765,0.022769556185000765
486,-0.01174919289804114,0.02781088299260079,-0.13554209069046297,-0.007256923844577335
487,0.024597968080355442,0.0653178481088284,-0.18083796162791105,-0.01616198191654675
488,-0.14870567263197307,-0.08051967352828775,0.02430742556715146,0.07060693629756154
489,-0.08518942419631685,0.013441947212091868,-0.09847597090885998,0.030026707830710365
490,-0.07883639719289585,-0.046418438151581885,0.1406611050111381,0.07938531504640119
491,0.09882420902978883,-0.0872702817995174,0.09402913491279602,-0.013723806487742799
492,0.12406457060551848,-0.012743637701209405,0.00945616305584146,0.24901857079663253
493,-0.05708264993186299,-0.18977423274976143,-0.006327904297085837,-0.08464812815063295
494,0.04927349765325932,0.026597817819292397,-0.06387595509995594,0.006688126936252838
495,0.10330839672632834,0.06251519566467009,-0.0045013524724094745,0.045445106752259615
496,0.027271803564638864,0.024646040999486418,0.1436214362278485,-0.036652821930598205
497,-0.002158786659614274,-0.047122675089445724,0.02312442028949085,-0.09493774514141204
498,0.050096046814605236,-0.028416865253744428,0.1090565572494287,0.08382970016221108
499,0.12468671177433507,0.1339373930937092,0.05104402579864143,-0.02864784358290154
500,0.10046469610847546,0.14914988264350446,0.3150473600160314,0.054864229034459464
501,-0.11353516309613364,0.05549802633756146,0.25351851327324715,0.0827971506229848
502,-0.27017090398707866,-0.017912442161458764,0.1155896666684077,0.1113475053768024
503,-0.2867927315411261,-0.14900794989398855,0.0670882191849165,-0.008159245821809456
504,-0.0011998994807326663,-0.0894967374356041,-0.018585858295477056,0.15617683175548433
505,-0.07589427158117117,-0.13764215462645246,-0.010542191427180447,0.2470465412292246
506,0.08580901584519943,-0.10538616860973246,0.18591800160002747,-0.12976131823118392
507,0.12698720976028416,0.1505391204423635,0.1343267348695896,-0.0012687450373128698
508,0.02453628933102204,0.23247983495513772,0.13392620289639545,-0.09133520467931738
509,-0.09614546546808524,-0.03173307464776658,0.01946896333845093,-0.11267296034431526
510,-0.15472351089542613,0.03182936642251974,-0.062102165322514925,0.010414959754295135
511,0.06328810922225153,0.0842676611780422,-0.038724917028473936,-0.09709481269691224
512,-0.009288825903802476,0.06581330659208579,0.007001842380267034,0.06733621161879917
513,-0.07244735057241942,0.005874930808219096,0.033267432732460675,-0.012210397554239623
514,0.04988462247643767,-0.05173465355796203,-0.03350851022226261,0.08805248569801964
515,-0.0550310178240818,-0.03466109882630846,0.01590651171242648,0.11460489415519907
516,-0.10913325566266308,0.04197113798329491,0.03330709320081866,-0.050411499618563296
517,-0.030915045952477238,0.09875604851497477,0.010534798167981724,0.14194809189652569
518,0.15817733106410517,0.008162952755420961,0.17635062026580778,-0.06027381738621385
519,0.07739525289320998,0.22462007179712162,0.08231713345946387,-0.11687386736366974
520,-0.07051060494558918,0.012652082431265838,-0.17657425915784897,0.004907424772288301
521,-0.21156599825346445,-0.07251764078226985,-0.18339274845014497,0.23689040573287873
522,-0.25638835185792214,-0.19040133369448864,-0.18430457812025275,0.043067480206484154
523,0.012313424356350008,0.12136956790262976,-0.24852872806394838,0.01890975278934655
524,-0.14912873944417324,-0.1419650857872339,-0.18454468583380051,0.06443004694207433
525,-0.042076997182592446,-0.1721794752821355,0.009338321601899735,0.04857222888167047
526,-0.07750155126732977,-0.047337180691212864,0.06713817424840178,0.11693826341088027
527,0.18421114292491708,0.018918460871308874,-0.11265113469662397,-0.13781728850348857
528,0.12480391442957581,0.06232772309988707,0.09313743377531744,0.06992657504390783
529,0.11089587532634654,-0.059793868260193686,0.11501105980397602,0.026255364581824155
530,0.04670506223357423,-0.008125625915485303,0.21193617337637652,-0.08435576712798476
531,0.027137685418014847,-0.11358831413130074,0.09792621296008032,-0.13543691135393388
532,0.04188867765746876,0.02754848301105347,0.03964440985535576,0.10354987731851657
533,0.08300214910844275,0.152877830095914,-0.03746015763958272,0.020606668193426908
534,-0.013834262703289628,-0.060339815661926345,0.10471104065745647,0.007327391990134836
535,0.09395758023707344,0.30110115953065475,0.06073024633351889,-0.04654280064454908
536,-0.11312589891217123,0.13356578837975072,0.01794936807636436,-0.012882284366679656
537,0.06065425164830471,-0.11252265819344386,0.0994359263523673,0.03234690409898082
538,-0.08927341037968656,0.03332688993983107,-0.013804034944038757,-0.10422612137035281
539,0.041758123904055054,0.11697798704725158,-0.053493860596431624,-0.04380920874740094
540,0.058017455539475335,0.13710435279159938,0.030731892562785766,-0.0551073350167019
541,-0.05886168699563975,0.04731369656514696,0.06899512048660157,0.0950613339234414
542,-0.1012107293563925,0.0008805249693865369,-0.027249033987315277,0.12888669411313608
543,-0.11814701797009934,-0.13777795587667718,-0.22939299643441746,-0.12280999541107009
544,-0.08197131454000672,0.15062161600543383,-0.034074125653719506,-0.11387731170876238
545,-0.016211880828731623,0.2663337696593032,-0.07606689616752668,-0.04553883815062686
546,0.06633600603123813,0.09643688940453732,-0.11204096902713936,0.1145122127430587
547,-0.14142518004268978,-0.12229247844787708,0.24494930387460978,-0.01388433363931734
548,-0.11814850760976972,-0.09920552052948917,-0.06211396232344358,0.0861394600850232
549,-0.1180774008114167,-0.1481697570263023,-0.0553533394545206,0.0426745427670596
550,-0.03398612972855247,-0.0919747511732551,-0.19110597180908467,-0.0681015060694184
551,0.14622827451219794,0.07313505010208673,-0.05780418380022273,-0.028375972308429753
552,0.0805785855462906,0.1258205906309388,-0.17664002526103953,0.08397870203144567
553,0.09461236796217995,-0.016954584450211772,0.2199767564881181,0.08070320616744339
554,-0.010036229403157793,-0.04566675619189616,0.11178040067696128,-0.0654750321708154
555,0.06731245956885887,0.18858543764055608,0.03985271094014907,-0.09517393846194105
556,0.09715977454766896,0.06404366507237125,0.03380745327364061,-0.15556729764756086
557,0.0808822127844522,0.07703563161298282,-0.07575078526540863,-0.04613442968937703
558,0.005870003396832867,-0.032145783224146574,0.0650355701856361,-0.06519575210780561
559,0.02252887421255092,0.02438263526740074,0.08564743607162008,-0.06296214563612362
560,0.06949604555907049,-0.03544834588716139,-0.10645621591128612,0.2184931704473797
561,-0.028410184638144848,-0.05910170635845789,0.2902257812141755,-4.7602951274271915e-05
562,-0.055573228605525174,-0.091987811404303,0.11348258608986983,-0.1722697587997466
563,0.07886706310293583,0.05012801273767929,-0.13151291472072998,-0.1279110217574711
564,0.08364978585279739,-0.03692913529335469,0.057603342033431454,-0.014064808268650267
565,0.040595827036557335,0.05071517946438833,0.08630125792117971,-0.027077675336989487
566,-0.10068201895740932,0.14440256256826134,-0.005250844893411495,-0.10086326893872782
567,-0.09642593293209845,0.03655443723127685,0.1895849222726554,-0.03835434567039229
568,0.09295972827209494,0.06385511307105275,-0.06723274590168093,-0.12380224954068708
569,0.08839032775639624,-0.06127240492344896,-0.032679750041464534,0.15720577224210822
570,-0.02802960850561116,-0.1881953438605899,0.16665406243579492,0.0514757019563477
571,-0.10710734803494647,-0.1885286906411534,-0.12194412783933942,-8.17460696855652e-05
572,0.0007548128474676626,-0.12378938770803043,-0.08055373921334363,-0.12898043764312705
573,-0.12635262732974928,-0.14310244968158645,-0.03132754906619169,0.22490626870239894
574,-0.15082175654472574,-0.07291337431046191,-0.18664838532283767,-0.050796640958335595
575,0.03290824186646456,-0.025837611708206226,-0.09724908714472892,0.09730987690478417
576,-0.03161849036157799,-0.27042716958266866,-0.14478213154104255,0.16686693332762453
577,-0.05248990564770204,-0.22949950339012315,-0.20858256310265144,0.07317634324834503
578,0.04792247011821835,0.13691504539162372,-0.16269967281963893,-0.14954230066202534
579,-0.16293350030799758,0.01641092977749057,-0.10381052226657679,0.25320378661044207
580,-0.10663073256389842,-0.03645908964739003,-0.010261786652449228,0.13597758135068083
581,0.18532671702506803,-0.07369478449240098,0.125353480331947,0.04261433451026051
582,0.20237395683949827,0.06451696850845859,0.08965823985424796,0.04036454447400041
583,-0.0003109911894462608,-0.0745960083486326,0.1276920291512478,0.030786925478113826
584,-0.16916466978734843,-0.10647885408689015,-0.09311380607646849,-0.09426860548559855
585,-0.1599776730216183,-0.01738140822205852,-0.0449795610889372,0.10338421694419478
586,-0.2558556993580714,-0.05320689130416286,-0.0948586680137367,-0.03244738788704759
587,-0.29225495779317734,-0.06316440557714562,-0.17251227908677144,-0.1072574354019471
588,-0.05093992524976691,0.1796529681519294,-0.2421819367685904,0.1658861300822686
589,0.17114326302594285,-0.04547149636481249,-0.038127449494497576,0.0631005381966149
590,0.09666819385645672,0.07828005257857448,0.00906228951025357,-0.03939980905445084
591,0.15240474864815554,0.047952111066043135,-0.063587200852853,0.11210044995410182
592,0.27165435560980655,0.023132090940937794,-0.13520546913022047,-0.0627082024076125
593,0.07453821235587199,-0.17045463898883711,-0.02002275345025245,0.05645359466127427
594,-0.03233181523725478,-0.002154850520242592,0.04380399977659182,0.10051238323600534
595,0.11575914727924039,-0.18706923240525816,0.08926855370522209,-0.1247216413668194
596,0.2236859392240693,0.047206584042102026,0.0994717484828301,-0.1630362084636388
597,0.11187305136356619,0.436914218554436,0.314613489416739,-0.018646998171288343
598,0.023331094877072328,0.05709997962157694,-0.02861206064627317,-0.07320121192844473
599,0.05088611734749206,0.1137114943687664,-0.06385914551543845,-0.11842838069239565
600,-0.07048127852654928,-0.13621053829560129,-0.0021527368908490574,0.12767560949368653
601,0.12422466649064909,0.06910038523813614,-0.1742807157175705,-0.013871778874374657
602,0.028776815986810568,0.20554035808317048,-0.1892962195232338,-0.052991039543246195
603,0.09748508362069387,0.07690938564343813,-0.016786156117997192,0.1321673351907985
604,0.057871737002185626,-0.04740026300492117,0.11793675952317619,0.12174028717540085
605,-0.13114483482160183,-0.030378607969700794,0.1418542658363884,0.026080865373604295
606,-0.03568077049942008,-0.00380637051247348,-0.12268110905072421,-0.07401596904419558
607,-0.08702799340326188,0.1244311941399051,-0.14790722088498295,-0.08423314647095492
608,0.10079315817055491,0.0031323160767982305,-0.04014293473452757,0.013503798348745218
609,0.021531987130608974,-0.0231457666318732,0.10947745156888791,-0.001978690610775805
610,0.003470103165500966,-0.022142109620464773,0.0881616607876743,-0.06348697674087779
611,0.08514961697329067,-0.1865583478357956,0.187853931025528,0.16480899183455908
612,0.05963769676598582,0.0636668791822911,0.0887143896123636,-0.09099748433337033
613,0.15351694297063487,0.16361667848367653,-0.0031035476766076917,0.10762264547714338
614,0.17535776382358523,-0.06634863793450313,0.2701275365918352,-0.12477577597719476
615,0.049303899470276254,0.07532021574583525,0.12147972022298992,-0.19451695384727838
616,-0.13752542046348445,-0.09402352844232843,0.13785391811653758,0.18755650920709965
617,-0.0006886257288762285,-0.006133479457374726,-0.08369875517022192,-0.21616413720089198
618,-0.029848440118229853,0.09551606877140059,0.07815522420386727,0.018791824168293857
619,-0.12004562705466092,0.08440440080154869,0.008286334190395381,-0.05780717381296813
620,-0.046215830870494475,-0.052899792112652416,-0.1624921906567824,0.033773273162803485
621,0.08866471091732446,0.11528373280269488,-0.011699384524321281,-0.1915983928738533
622,0.09610011817060385,0.27496211960518,0.022383139817349955,0.16105803554781398
623,-0.07349465480956985,-0.17063970493882516,0.02505006939010945,-0.054234914500210674
624,-0.03872584912783525,0.26570443891907597,0.09346509223917987,-0.01969555264872394
625,-0.07029062468662667,0.09882773229138829,0.024230713531559513,-0.08656144910632002
626,0.04281730153350423,0.025101935866348964,-0.03705231562397636,-0.00763419040536702
627,-0.04071781575555233,-0.04443743871714462,0.040650415103407236,0.14764254760916054
628,0.07955016274712355,-0.14048873094528425,0.00046139562792472163,0.14224570067736997
629,0.3410009139485317,0.07290381796809055,0.11893411130561014,-0.1152380756698762
630,0.07628235232262781,0.18874990311433176,0.11727703434980562,-0.062130570915134395
631,0.20467030016054077,0.004526902021541768,-0.09143127189951647,0.0356445950504614
632,0.033576486819446916,0.050982250756840784,0.020710356927225296,0.07085204835401683
633,-0.011439413393901466,-0.03601336248084216,-0.15918954648112352,-0.01948695639602018
634,0.02481360376622935,0.005952041767767185,-0.08483243688979986,0.22545908043347063
635,0.0009700837164038009,-0.11681435683839464,-0.031191286455263242,0.15738933927071194
636,0.030251986776086003,0.03966991482089313,0.010218691877747647,0.07268656917737162
637,-0.06921392371499424,-0.008418303683132067,-0.04867583952774222,-0.06446120554519214
638,0.015208746884401114,0.02815160308261748,0.026862785919712834,-0.1866708488014499
639,0.007713821158372697,-0.22372287760185613,0.06086348678674606,0.11614576145066395
640,-0.00534940598224759,-0.10392586608586302,0.049194420923568516,-0.004144718937558991
641,-0.06734434193993427,0.15826525458734367,-0.002837718574580577,-0.025737179993276033
642,-0.20788492977451323,-0.04721515162974031,-0.14981437682852397,0.016830240659852162
643,-0.14747312444268168,-0.08374170783135701,-0.2473928993109364,0.1089410360038805
644,0.014114359840734031,0.018681383713946585,0.03837697564619574,0.07014675202116072
645,-0.005058184150795165,-0.12573799571676808,-0.07644732509125352,-0.08450549001622393
646,-0.14061332648136335,0.0910759908008607,0.06895797691265991,-0.08024906907508653
647,-0.13245185858574396,-0.0817971927646654,-0.22447398084369916,0.12372653098705473
648,0.004489257855468151,-0.06336001627122101,0.012244636125142164,0.19251538797357592
649,0.05259180899294302,-0.1767404682860961,0.07610500709918287,0.005634282108532838
650,0.16744472415312384,0.0165617035406286,-0.08408095696112887,0.0801559414144181
651,0.008605907085952949,-0.12504799962380309,0.13496368850789542,-0.03050158242631817
652,-0.027689077148599035,-0.03601564684685112,0.1396964012916708,-0.02571691430395199
653,0.040955073270956766,0.09678680967543818,-0.10267418094584932,-0.10371167216539903
654,0.025021420952925477,0.0035451464112067343,0.02689090713617733,-0.14748819404125083
655,0.01564831232926707,0.045553964187889644,-0.03703340638670652,0.15765567082418092
656,0.19166161306387086,-0.1551121016647279,-0.07805063002121884,0.00987713508504026
657,0.02351745403991823,-0.0033394829399335784,-0.13784215041655296,0.09441914229263643
658,0.10876024733453865,-0.14864254993252363,0.06647238625079471,-0.08900083573291309
659,0.07960716016084257,0.09057989310619563,0.03429564491844986,-0.2584102091072385
660,-0.20592977741654825,-0.026076464446298596,0.25443321863790974,-0.024083939332187797
661,0.06652947742514354,0.13260106625396567,0.16222494003256008,0.08109261513602926
662,0.04801211984625727,0.2183934962067518,0.0407039897322324,-0.023148701357043347
663,-0.08472845479499512,-0.10679622558566884,0.20052512175003964,0.13283005324327374
664,-0.17915845966118754,-0.034627808828194134,0.14032157530408895,-0.056065065352940695
665,-0.05191669807096447,-0.06439159213211709,0.0427666639958932,0.051033813895077454
666,0.05737583044992765,-0.06646079052827675,-0.08269484171727982,0.06529079723938429
667,-0.060122445970108476,-0.008593988214632427,-0.058877116731770325,0.01577401579087715
668,-0.1773032537723533,-0.11609569392791708,0.08576116055078473,0.06297607620539959
669,-0.1155388647458945,-0.1323216959799142,-0.09336856510294951,-0.11588778103722652
670,-0.01549476290574556,-0.059569389553717586,-0.23668427562157962,0.19325424932911706
671,-0.0038324294379441792,-0.08745377248694972,-0.09088810818022362,-0.024863527198368825
672,0.0984397116136451,-0.10279371105189593,-0.09209888979249409,0.13260836467329742
673,0.13814624952696286,0.11098942016038432,0.17614135676700007,-0.02880763553483568
674,-0.08207469541422242,-0.1092152932137051,0.16573623772185114,-0.08838600442719825
675,0.09084803386910097,-0.022332519580099935,0.008034115906725701,0.004411963811467901
676,0.029137976285285815,0.13481743083940376,0.04003738283910335,0.011004948261443048
677,-0.06282051526512909,-0.08826880194790886,-0.12783498361554144,0.05708587340910846
678,0.20224338916891962,-0.14063301137567585,-0.1830860082618144,0.021458204616193004
679,0.09924555216943803,-0.08378206598164097,-0.05820917673270722,0.15508373804713593
680,0.11872844366005747,-0.04565768981086257,-0.10641260066213033,-0.009977320719536355
681,0.059740642353753405,-0.1787933784316435,0.13426310184769644,0.12053714548264394
682,0.18254493876496733,0.062469206626870964,-0.041731077302425035,-0.006988088818329005
683,0.0886635974317421,-0.07254347279323539,0.03464688286797569,0.09537726518407992
684,0.13042742501746632,-0.14968657108672215,0.14273595049819654,0.1212022316288886
685,0.06300543945380586,0.11428169031127396,0.19220922166114338,0.02079655861782237
686,-0.04785241717889377,-0.06926995288201442,0.009446144711072496,-0.08338381893391766
687,0.06065014770053097,-0.1660046240781666,0.1084404417667724,-0.004385923850084107
688,0.12961579579255017,0.09457687227481575,0.22617072405918462,0.027996054572662785
689,0.00787553374413276,0.18873087672008806,0.10052593572121135,-0.037615254574670486
690,-0.08767842315792332,-0.16936809289976484,-0.023706973359048374,0.10926316678668047
691,0.03569627670637553,-0.2750536828520771,-0.04927173754998955,-0.0004794965034671875
692,0.19433514622565326,-0.031509028457577755,-0.0053950435650909475,0.05945494430599433
693,0.2770893966852813,0.0422024980792181,0.18824560197394807,-0.19619119642116256
694,0.25530598541337046,0.08285135422366813,0.10424687296269104,0.2294419926188905
695,0.25198668601178265,0.10998435877622903,0.1519007675686499,0.058503636269093925
696,0.15388534855237038,-0.05511398981630483,0.014096465156786364,-0.03391981378942151
697,0.05521707548694828,-0.21439814631827075,0.011712666853035528,0.033029259774944655
698,0.1681904127291705,0.2622563249387895,0.17329142562893604,-0.11431113769618069
699,0.10262590454295362,0.01435343185602836,0.002284864248301474,0.055335524899712496
700,-0.09607357641596981,0.015520082238998395,0.23907876330945232,-0.022939151556530705
701,-0.1673661129929458,-0.03175331321808468,-0.01419560087737877,0.024693806612190883
702,-0.08772974059597138,-0.11802817313779843,0.07255771184566755,0.17320291457033604
703,0.03553830975166085,0.03127464310312328,-0.015279724052998366,-0.11891017318868505
704,0.027329035275748297,0.1313678241955801,-0.04592382980154463,0.08140028281080246
705,0.08672210568651341,-0.008812293945131822,-0.2389390920053088,0.004006477258582258
706,-0.053594063430617324,-0.06812539938539536,-0.11775291127761878,0.0036069253395039982
707,-0.02760295767308253,-0.11223598945554555,-0.07912516088587426,-0.1392164922204401
708,-0.007123706833014375,0.08905345367199863,-0.16142477261022178,-0.05132888221781844
709,-0.07140791558052575,-0.13714313258571156,0.07542673211483339,0.07188390920058363
710,-0.00680384086323582,0.004675858272258852,-0.021495282998068792,-0.15835773532690517
711,0.026249295009739652,0.12096664001100937,0.08196458726856166,0.047151705851040594
712,0.13656361772965825,0.04126912658014448,-0.17946503984953333,0.020954886518424178
713,0.03573899332225783,-0.14508673446302792,0.11661386161697682,-0.045056063655858555
714,0.0356753653307073,0.06273557046357482,0.14545655392516482,-0.0398787447560498
715,0.1324755095433924,0.07811199658003193,0.06919809295749602,-0.106130339066437
716,0.027336350222583416,0.045728678238632345,-0.08940968399801968,-0.06300131847144047
717,-0.12890361208113893,0.15051965937596595,0.08401179795993996,-0.0789489745848102
718,-0.0055324756516089285,0.007486114463726136,0.027954753550464992,0.0012804651598585259
719,0.008757226124004681,0.0258762577239557,0.04089680883860728,-0.008613035758691514
720,0.13843199665515807,0.21887529234834496,-0.05512502255581846,-0.1672334053228658
721,0.006968513207859517,0.09542290234636941,0.20617086514234237,0.06296055908407938
722,-0.11142952336773704,0.05509570777919526,-0.013568640292020345,-0.02167008006426853
723,-0.038565243375648636,0.14257521733430942,0.07304208323591542,0.046081326246083854
724,-0.006702069426841064,-0.0571308319978,0.017297493925427423,-0.02910689141218025
725,-0.04106311291396926,-0.014028440847425366,0.056962902115141836,0.040038068724063805
726,-0.18224614689422441,-0.20687305780827625,0.0857118577011361,0.056965076942332604
727,0.01578357227788031,0.09755825851120022,-0.06715273517389196,0.12286109556956779
728,0.05071707616230772,-0.022861081859825032,-0.05126540079360846,-0.15357272913028366
729,-0.030829583427727097,-0.06910013820066041,0.1409122667924873,0.05215226423147235
730,0.00286056714750366,-0.168046404559635,-0.16618179351417053,0.063288546087504
731,0.04645427307845695,0.004403057257780011,0.10015689507654563,-0.05164702835812188
732,-0.06888518339882976,0.159288330433774,0.09641956647163606,0.03281278385495307
733,0.21137361543821323,0.2100961226445084,-0.06719314026869778,0.0010304711594630867
734,0.0033618334183027065,-0.036996917588844457,0.23981523569738983,0.042053720976096665
735,-0.30419265999423467,-0.2177840889605485,0.026855476276563914,0.009750629278776407
736,-0.16165829118537822,-0.10818669699211769,-0.07436419044203683,0.08319639691585573
737,-0.03865906059426894,0.025909208576012595,0.003594149419143086,0.050838622509508706
738,-0.005489638591947756,-0.08904971750930893,0.05401947729466571,0.06253976127006988
739,-0.04828354608637338,0.043140778594068854,0.04349015770986711,-0.1663623898645084
740,0.09611049671982376,0.020460463229617587,0.045359881618526464,0.10560060388469608
741,-0.041131931982341996,-0.01914575028887599,-0.07555020271095397,-0.028379069196128242
742,0.10912216106701367,0.0105986415305038,0.03194983256570598,0.08879584246520975
743,-0.07429722700091194,-0.14292093237131157,-0.018974505083774615,0.11953805745261185
744,-0.154900306487045,-0.18439979343544827,0.19579509698504233,0.04058350950408582
745,-0.10495561744433193,0.11554773851394066,-0.18431573914920946,-0.11783654974256766
746,-0.21685442535489352,-0.060392423714025506,0.02510209666358254,0.14501909890742587
747,0.05296829199734357,-0.03834246876870258,-0.1878040669214644,-0.09332470946427153
748,0.10323749065466861,-0.09067585556714451,0.06884862533137126,0.20344676881983725
749,0.07015791232603612,0.03212311744923277,0.19990649760512696,-0.0429201641940853
750,-0.011568891798338688,0.232562938487853,-0.051863868478156355,-0.20332828166997213
751,-0.2393680047292552,0.12561171205410654,-0.05940375697779095,0.0016951230318357526
752,-0.15558286979474978,-0.020639154331585797,-0.08647959650406664,-0.16312935147304375
753,-0.030551101769507337,0.04809450525723712,-0.15737351077212136,-0.07941209798714022
754,0.038995093707175944,0.041376488319869835,0.10667903381618944,0.0442955330188349
755,0.1440976839661495,0.11829194411935452,0.09870962257166904,-0.08523059456141646
756,0.09790258339866417,0.09551563709938043,0.24586949981999728,0.025146682798658185
757,-0.005482486487014389,-0.044550426356536166,0.09499655254293402,-0.03462254110355172
758,-0.08490158357724739,-0.05880943292670597,0.062101622741211296,0.046044850287815874
759,-0.03649858148059454,0.12676152608998792,-0.07587567925516744,0.07584601627953308
760,0.007327674817139425,-0.17945394854238744,-0.0023608654925012934,-0.001231950714622669
761,-0.0674692309690426,-0.030013419449240762,-0.14463704482943734,0.22645743492512013
762,-0.07876241598647374,-0.04602534948127498,-0.09395434905410258,0.0052225785485676725
763,0.14364289188461998,-0.016669580327604135,0.09247525919029509,0.1073732788502103
764,0.15405662565234968,0.020535705701213852,0.027049594666735753,-0.002665266061558827
765,0.10033544395647026,0.17330438800879755,0.005466202023752392,-0.1709416815235009
766,0.03560713248527029,0.13599826968856782,0.08708030906373232,0.003882072554985492
767,0.012380319042723653,0.1453241578805017,0.037661160664521624,-0.10536628516327891
768,0.07435680076664564,0.07043460204868619,0.004640958288813168,-0.0017567650205610821
769,0.05277173885700793,0.21631513368666638,0.005442601393764578,-0.20539196536202867
770,0.06875659655694802,0.0631356199844651,-0.023803054251993614,-0.0076985315819750565
771,-0.060341047881761055,0.16888756606103172,-0.125216109353704,-0.05984417436334786
772,-0.041707984094960085,-0.07426421158614327,-0.16397210849063587,-0.002799925357989126
773,-0.06192413282520802,-0.12604518021700087,-0.021881705298872664,0.12885329619733463
774,-0.0022359240407127494,-0.19900842052610618,-0.10271674409725065,0.16236669478605542
775,0.05602806146798105,-0.1654271250459065,-0.00496364028648635,-0.17848917217829355
776,0.06986595767527785,0.05771631498048729,-0.13741584801161374,-0.02428951935964217
777,0.057335603262109874,-0.03505623096384804,-0.03721153393746289,-0.04317701843691695
778,-0.05988626163444975,-0.21344010067405428,0.18704864549576308,0.1132183714183108
779,-0.1603641523357455,-0.08491310830342652,0.018457324379913646,-0.19643945635638888
780,-0.06757621466291576,0.02005321361117369,-0.0745356981463624,0.06421236801808759
781,0.07820704917467414,-0.0944729727483733,0.04241667856785526,-0.24481957800382254
782,-0.02458062453104108,0.07027948024632295,-0.06947445665427436,0.13874631728905812
783,0.014686683321262148,0.024033182588323043,-0.12208148661055185,-0.05361167200986004
784,0.0115350814194104,-0.034447171512945,-0.006500245173034318,0.18306157408163504
785,0.09962482615128325,0.06217696921908642,-0.15674871157838954,-0.0021439690049412166
786,-0.048591256262717875,-0.032329531922245316,0.05548791715027071,0.11213028072044147
787,-0.05861730370698817,-0.17999612760302935,0.05453498411487415,-0.1668373270514997
788,-0.04607583852253441,-0.0523368812612076,-0.006714917596408896,0.22483568784112415
789,0.014533858198972398,-0.0032619002285921364,0.06242931097790007,-0.1372553940321905
790,-0.024077677470473877,0.009350602118621966,-0.024062505986456862,-0.007491381489097865
791,-0.05106965063073915,0.0015271443848187266,-0.053028983863835845,0.06122578878481322
792,-0.0516297553788967,-0.05154419146232638,0.046813308671002876,0.11285069482533902
793,0.08202480103557587,0.06970886982825884,0.022678026193138606,0.011812003973268176
794,0.12493633264038032,-0.039345834901433105,0.05359520994681796,-0.056133581714216646
795,0.011905536792600542,-0.14489862983335078,0.22380792573644415,0.09152685351290951
796,-0.16065033126466421,0.010605801008836235,0.28884649493494186,-0.12871737115800072
797,-0.022016115599328034,0.18522677096637474,0.1023720627913112,-0.05505367120381923
798,-0.18005260613642624,-0.08336064432886439,0.07420580452351731,0.23947494741776137
799,0.11234372635229226,-0.14638116640501392,0.011183137022336809,-0.09724765411361291
800,0.07451689699437519,0.05305497491505939,0.03755276723722144,0.14031409904426975
801,0.026530229729636572,-0.2134269435070696,-0.017340045189284947,0.0638708305879525
802,0.03348124647598056,-0.1484282072205755,-0.04696145516219052,-0.012224820464019709
803,-0.11047630577446071,-0.15099167139609446,-0.2061810774599082,0.05993911623798558
804,-0.005530463887566627,-0.03020029361511278,-0.15968065186462782,0.06805245592908588
805,0.06576254612056395,-0.06104622625002023,-0.1039905264676495,0.06273101032982326
806,-0.12682139628111286,0.03182959006701748,0.07696010733775047,0.09302633756781893
807,0.06121907999427975,0.012231302147629117,-0.0667158345946519,-0.0833851456913263
808,0.013641650696466865,0.01742285094351961,-0.01616849273781607,0.037309016134971625
809,-0.04135422845011945,-0.03844060312833707,0.016067595687086024,-0.07265891383467726
810,0.04369601147709763,0.17677419685485699,0.1230280046553148,0.03180228765892971
811,-0.07290901651895614,-0.07348629952746191,0.11308672832207398,-0.1904970141374047
812,-0.12273919506636521,0.0626112720592567,-0.1177743994513798,0.027537128928850227
813,0.011185718530555014,0.04168679212341463,-0.1086927686606135,-0.09578490536865628
814,-0.05220424948782882,0.041480693430948325,0.012916150158356385,-0.03788191591457917
815,-0.10236160358173577,0.0020555665823833724,0.058057124481543945,0.2012537333621331
816,-0.16343956864593076,-0.20891354745525703,-0.013090860117681933,-0.029222271123679564
817,-0.16417690451272127,-0.14283993296607436,-0.19096296548576058,-0.059621061232531886
818,-0.0544280566831311,-0.10665251113695697,-0.07577666699089815,-0.013788176421360071
819,0.061524352659041735,-0.008507153211056601,-0.0033847594638140716,-0.016959768558213274
820,-0.153399236628792,-0.18961056735726986,-0.025003893800943287,0.13842905475803852
821,-0.029254269449694642,0.0006079899985196591,-0.017537888456726512,-0.02388390599801829
822,-0.20197802323291372,-0.0670455513243342,-0.015837902505515658,0.041231281454023036
823,0.07186709141776938,-0.032113004497117396,-0.239100157246194,0.11105302785952681
824,-0.00767131970411189,0.05659928863215166,-0.016367877034838565,-0.04390077573269754
825,-0.033413398674127195,-0.05148497820710355,0.037450538964217066,0.052146795030606985
826,0.005292114628005234,-0.02014592360347108,-0.008361958965444165,-0.18071615408931951
827,0.006614094333828362,-0.04286889652691207,0.0033795855246197604,0.09055165572269042
828,0.09174305910668532,0.06668912707834716,0.05821793932326677,-0.057412989501157204
829,0.03582177642937563,0.12661688002323007,-0.011545849168656891,0.04064129355659436
830,-0.0006442235008128311,0.06875772823571465,0.025093193228245943,-0.10230710354806603
831,-0.21084344822507758,-0.08834063523759067,-0.05800785413787877,0.23457929049592735
832,-0.07011971409063295,-0.12274278093799885,0.11569579562544205,0.21036837588563734
833,-0.23016703412624304,-0.18620562187178477,-0.03366735924935963,-0.12199376872085305
834,-0.13729672909134594,-0.0077600235954938535,-0.11840003521455758,-0.0015629116444197053
835,-0.16340486951362282,-0.07290204682688864,-0.03414052055521881,0.20076833125575044
836,-0.11752393684441825,-0.010442865182758915,-0.15286929132960952,-0.1590861638109924
837,-0.0917877242060062,-0.06025918416704566,-0.017120531813513917,0.0373549813010755
838,-0.11684825494995893,-0.06889000662644877,-0.0023233080746342047,0.03945391456420547
839,0.015455875491932343,0.027956414463432194,-0.15486404992105446,-0.10038088217590782
840,-0.12306344242738584,0.00999174023972111,-0.0032348955814255967,-0.08709008925171492
841,0.010445722582918197,-0.1543777046411981,0.025430046612097433,0.04801163600161828
842,0.04539736983905118,-0.19367442600736984,0.13563550255753523,0.1794511344851794
843,0.07161867776541447,-0.0029665205299633235,0.08405522417363671,-0.04152700793496944
844,0.1357714656313157,0.028841770970259722,0.02922397708863974,-0.05495134113288605
845,0.0545574092124079,-0.028416599495670714,0.017309417740495346,-0.03897970341600586
846,0.02100532649039341,0.06828942472839261,-0.009600846425017913,-0.09723022560927662
847,0.06119340958971123,0.0215913071032438,0.037392636261109474,0.13099161111664714
848,0.09518175116730351,-0.009988215710772432,0.022822482719058207,-0.029752449341174304
849,0.08703558372260861,0.13979925676587587,0.0848300157917517,0.038860255167897914
850,-0.11100954292074343,0.10309487133230393,0.017755248670544045,-0.10658166090343241
851,-0.04884882462269317,0.02707318821604842,-0.018258103454579646,-0.0728622610210754
852,-0.028632971865750187,0.15711641160383838,-0.20267191149867717,-0.2455419365538646
853,-0.0150051960965795,0.00044722437045831287,0.09056161022128849,-0.10219400740137385
854,-0.1186207099184383,0.01782088019121459,0.0673138165717869,-0.044338945190085445
855,0.10275427396266862,-0.061416126556747684,-0.018695318656768344,0.037220773628347734
856,-0.030377823991154226,-0.06484473543248848,0.04261954555255866,-0.07347905081003224
857,-0.016098414064079525,0.021039171423708848,-0.07040611213882507,0.05086391340184143
858,0.00833202114328254,0.0037889433072093408,-0.062308451069747695,0.12656931703476187
859,0.014047190141654727,-0.12593316284127176,0.12338013859074841,0.06042353384284033
860,-0.17157551626012768,0.08462620124416463,0.06622196657795318,-0.013992996914325491
861,-0.15813603835790485,-0.04579381860509343,-0.08358016621109679,0.11111193522501604
862,-0.2253249093623693,-0.06635012318378611,-0.054232610134424736,0.06708937498478369
863,-0.13952697909981576,-0.15625219430447776,-0.07265917791040498,0.08564245381995891
864,0.12388942955053012,-0.21683511447762746,-0.09593196927984912,-0.04358598739849824
865,-0.009272233616159711,-0.13081556883136136,0.09423329418008254,-0.12760268722159318
866,-0.010658062928206008,-0.020323181590069885,0.004459545779245722,-0.015843877587353488
867,-0.031586108360143084,0.017678531315856852,0.12418802617794952,-0.01789859590734748
868,-0.03419783515686142,-0.014855280409706215,-0.10015179455337023,0.057923360780326776
869,0.08476279385225065,0.0357900065797306,0.01724221175140595,0.0012755944521605188
870,0.09277691865164811,0.03177390252379283,0.20817321146332313,0.09184596167338585
871,0.07831077863424579,0.06903618105096172,-0.08837623420026508,-0.15976043340863483
872,0.04811496427039805,0.0137217994938433,-0.09553525705486857,-0.14385199476346766
873,-0.014908580200490108,0.02909306841228738,-0.12644624735399732,0.1103851764357607
874,0.028476896810561154,-0.00396892277466173,-0.08617091805878771,-0.020791867415549677
875,0.1766378831706998,0.1888378527445131,-0.06435828317101543,-0.05779446110656687
876,-0.003129569026245886,-0.12153615146827283,-0.04043889715071432,-0.024419107468297563
877,0.12590650352592417,-0.07189939844169164,-0.14570259804348035,0.004695693798466349
878,0.051025187081017505,-0.10164615502418185,-0.0284208889702463,-0.03688952610397942
879,0.18854494189820198,0.09489876540074502,0.018851299480047202,0.07146923177141334
880,0.06604363680436455,-0.03622003859222139,0.11721422299820716,-0.010656953103685435
881,-0.009169007013630028,-0.12151962209758523,0.013480928503322769,-0.17167737318111925
882,-0.11361337361616589,-0.05142260453054815,0.017048734861136228,0.11907136193440734
883,-0.10512675844044318,-0.1630967304403948,-0.032833370448090225,0.16163026528394908
884,-0.03170609383073096,-0.17752778140371778,-0.04852619561997744,-0.027000492067714352
885,0.014946894616633455,-0.11879570760818231,-0.07739335191649512,0.06284864391586517
886,0.07903104440183598,0.0681458133713752,-0.15365700989275458,0.0006307104148683407
887,0.04269445837213498,0.17034032990690573,-0.10994498907158312,0.019285309013527957
888,0.07146224911601434,0.04859963105513529,-0.0954599782047569,-0.008478498160712042
889,0.011119444941456214,-0.1927970692481857,0.059285551909165284,0.0042216665887759505
890,-0.10314070311966614,-0.07910451089700771,0.017246818951033863,-0.04229895945436471
891,-0.024707352041383086,-0.017735428136756833,-0.0038541736608865076,0.15332114519305157
892,-0.07338359684764344,0.08858154148301037,0.020188583338902187,-0.014521326476427975
893,0.1085146992305226,0.005649953584688942,-0.009689555869523164,-0.1832813615501369
894,-0.1423315741282633,0.019002771335345066,0.09567435081888023,0.010403169990799044
895,-0.1605087861003527,-0.129854015512533,-0.19892788432844655,0.06091455605581798
896,-0.015541356882722464,0.03963228025930185,0.05642504304062912,0.02913888613524136
897,-0.12730362235900952,0.005280800590335165,0.0674603871458534,-0.0670595898601781
898,-0.2279203399354603,0.03959767116803278,-0.015601970735066997,-0.044170702222298436
899,0.08756584205498891,0.005412587519607458,-0.11998623032663086,-0.06146581739881599
900,0.014362760869556398,0.008200842736819477,-0.18759885722629902,0.09331783239920423
901,0.033811106972113085,0.0449018707661742,-0.042750676280779304,-0.022923242848319286
902,-0.09540431066090477,-0.16484086417211458,-0.07575130702108435,-0.03442722786150536
903,0.06391060270174855,-0.134109747124588,0.18008212378222616,-0.07011879477178254
904,0.0014933672063294004,-0.16590247755902843,-0.14406747822772786,-0.08784645583473742
905,0.05463822921135,0.05806420022948937,-0.09282121082149364,0.06255686099411531
906,-0.02827473811986855,-0.054048746507135974,-0.02629952043889082,0.09877845320917082
907,-0.0030066959034939613,-0.13910655375568837,-0.11848100709834841,-0.06526474212475122
908,0.039512133393391616,0.1446571112488737,-0.027040569773302273,-0.008684022029739159
909,0.024037023568111812,0.12085477052481954,-0.03289936862779735,-0.03659693960771155
910,-0.05565809388994436,0.00207954300153981,0.21991034976080195,0.13553169566348977
911,-0.048600073459087005,-0.11396535105074096,0.11276854437406547,0.17570223106058133
912,0.04420400006888642,0.13481500471397162,-0.10773220978238313,-0.1665792338254944
913,0.03642438354265616,0.056620521138983346,-0.1288394275630924,0.13668342217437826
914,-0.09996174063068543,-0.03905778260800035,0.10946825808450526,0.031625190044602326
915,0.002202578871753562,0.012554164951451004,0.009661705119914963,-0.15746774849555334
916,0.03499398875822429,0.15173706354686367,0.04074595268792301,0.03325814413941066
917,0.10696242995813003,0.011740149282136743,0.09922317462378227,-0.08225929412525453
918,0.09008325604524656,-0.005011216938418404,0.029500186585782427,0.04272096090506165
919,0.16413686130117677,0.035584669828626445,0.08361878612271074,0.2668884965906845
920,0.03838407522137882,0.011236002939093229,0.13913378862650438,-0.047704716194761604
921,0.05640674269337008,-0.04708994282158877,-0.015583457183129666,-0.07198890133698631
922,0.05256742909405251,0.07524298488459558,-0.047012243468406684,0.00877660217212148
923,-0.041706719008372875,-0.19076180858308742,0.19105896066110353,0.11634764655124924
924,-0.11537067207655217,-0.14940663112214814,0.06497513916150613,0.1320408316608706
925,-0.01894124041334906,0.06674200028678834,0.019706793543040398,-0.030379317772304088
926,-0.21797192151687794,-0.019112407293536186,-0.10193053830176872,0.1256849950382123
927,-0.08085278456783972,-0.091722533223664,-0.14626536746009208,-0.06561403757681339
928,0.024202848204754726,0.16851762354372152,-0.133247900869065,0.023556700204652017
929,-0.0867287745605978,0.08369880745221475,-0.0022008739637813003,0.05421899584658983
930,0.08377804720680897,0.1405126898303436,-0.05609421731905285,-0.1454053494299913
931,0.00200537849894453,-0.07125517731127172,-0.005297876794536888,-0.08622955114345615
932,0.06778487327691743,0.201282530208558,-0.11544189592011828,-0.005522387732691196
933,0.026930751923234676,-0.022355158846694853,0.04129728183349832,-0.1028871555153366
934,0.020136929701778557,0.21418151149437148,0.04209500168430587,-0.012053692128589772
935,0.06489965557424912,-0.09392992945335138,0.1382967556193684,-0.007144664536174631
936,0.2183383441927965,-0.05705887474297846,0.07900351305290174,-0.06427192213719062
937,0.13745639650805302,-0.061974333601093806,0.005271304913797958,-0.08841438134577784
938,0.1760436865920385,0.0019650312160442163,0.08775521288250142,-0.15420679777461974
939,0.005032455296839308,-0.08000078669163889,0.010703905870957306,-0.01655601616047793
940,-0.08789345072222336,-0.08324877236363941,-0.022369855707869125,-0.025454116053530186
941,-0.08980651003100784,0.1143974879686653,0.015760933757477155,-0.029614944793024747
942,-0.1771003823146261,-0.04050952278558448,-0.015259091742206129,-0.026832794100842043
943,-0.16883693915339226,-0.12501084381190522,0.023219862945397615,-0.17804688545933897
944,-0.11569413935477148,-0.04272100507578459,-0.07989226847052551,0.005809880758975608
945,-0.08054162877702531,0.08791083371321226,-0.20516958847489497,-0.06007000138709318
946,0.08877656364745466,0.06405729237100641,-0.21872993618526276,0.19199108993487093
947,-0.10085756596364576,-0.19648645264461,-0.21622584885745127,-0.012767325625402705
948,-0.14546025291428924,-0.15759600172065732,-0.08316654480384994,-0.05058414836438019
949,-0.0672574828038214,0.010189145934966858,0.018991337880500045,0.035320076951634284
950,-0.1639711611112947,0.20436723585797203,-0.1877834058453787,0.01047659833333714
951,0.1964350619933438,0.027085017513936264,-0.18482628995938635,-0.04950211916928918
952,0.2007976851802326,0.17050124384477078,-0.023709442529490213,0.017820717888777142
953,0.01805194963389014,0.022112306597058033,0.2146600351152544,-0.12214179774421605
954,-0.04179058538628257,0.0326205789247136,0.08159051551165392,0.09804087249019082
955,0.08757686325126456,0.0030605028198629376,-0.037498712706330165,-0.11874799785326189
956,-0.17390399446699212,0.01939742873885348,0.21661721973462925,0.04225369749330095
957,0.010072013265781915,-0.027886032122920366,-0.04326280299966509,0.0027418279827548936
958,-0.017381440401446,0.04504902212890058,-0.26806949897737936,-0.022199261141088236
959,0.0996969785216864,0.08667810496613698,-0.09302152462532275,0.07313932575590183
960,-0.05599643825989198,-0.08172698483231955,0.07138172609027771,0.006163122108263341
961,0.03282418579996523,0.030365566460701286,0.07953355450198102,-0.05960065682448231
962,-0.015841375721976848,0.02982649762841244,-0.0019885552078369242,-0.10228414694266141
963,0.09824917648084222,0.01731513457978181,-0.14105691086418806,-0.03669889279613553
964,0.13277254244932105,0.12704790747265346,-0.11050892800019074,0.008587367959101814
965,-0.001433054006249164,0.09264218923110137,0.023825822287717523,0.061153514189267386
966,-0.052113920018282814,-0.019896363124394627,0.034246294947569825,0.006653883205379248
967,-0.014450194304663277,-0.0839587295900204,0.0331567485851958,-0.0035298311782287015
968,-0.10279577359541475,-0.012180122324064777,0.20058147964659784,-0.0738915937115237
969,0.06357817253544187,0.17660424861786433,-0.016055519614971682,0.05638243046342864
970,0.12576667506721917,0.21059291721110618,-0.05171934086288617,0.06122303429286252
971,-0.16893143052842308,0.046630448642340505,0.19792115804653296,0.005252354432506445
972,-0.2355052561573152,-0.185896605917045,-0.16571842389224867,0.02016129376718724
973,-0.08592890000114754,-0.016793544768676845,-0.10874449754472404,0.11385577563282231
974,0.15182721606010233,0.028946801713842715,0.004880976621584432,0.06439037384171384
975,-0.05245083232356455,0.008224562320304059,0.09374589792464158,0.16967229093602584
976,-0.08016284004036779,-0.03028784915302201,0.06937542792751292,-0.07092000071708124
977,0.0009804595546670895,-0.03624646663177098,0.047047881409999256,0.11550405701461064
978,-0.08569204131581042,-0.058105986046256275,0.08141785763113664,-0.1607277675506279
979,-0.22544120751215388,-0.029772216579459443,0.059908016148534096,0.25820589468849175
980,-0.21733790813289777,-0.18239228716053585,-0.05254659183490318,-0.17286234228411587
981,-0.07034518050994339,-0.02455470058452365,0.012119759554043416,-0.020139989261337844
982,0.021606424465184106,0.05996090396078825,-0.00858970627332202,-0.13375492500339417
983,0.2778903869155979,0.16829243156093993,0.23613469384957442,-0.11392370910424605
984,0.0758249360060605,-0.01855185899565838,0.2994183789885249,-0.09060940487139937
985,0.05192243019923029,0.23852572946759995,0.15263843849070424,-0.0565266834846139
986,-0.005406576354438071,0.05432769467317674,0.18874488130412043,0.03810157806325087
987,0.07072817076009441,0.07258752021118628,0.02902859848413584,0.03579643897894749
988,-0.043854232211626036,-0.05854617803000331,0.012508514496962324,-0.1276989355420055
989,-0.03957505161909397,-0.025550288314567925,-0.28967238482318025,0.08036860071670324
990,-0.05575791847275287,0.01323768948088197,-0.09680619791379073,-0.07423487104398271
991,-0.10037569859130155,0.04156841453426645,-0.08126093704173903,0.018286728242766306
992,-0.0432473636245553,-0.05164698306062741,-0.039325919382741034,-0.029495780810853786
993,-0.04453009764409463,-0.061099387554842025,-0.046150499199763176,-0.12620019221096332
994,0.018103772243372604,0.05508751561482732,-0.006658268299150526,-0.04768393170646265
995,0.047964654331086105,0.14656016655116244,0.07937361980573492,-0.06732258555370121
996,-0.09676348490523565,0.07558477875131597,0.13872902939773232,-0.013354241629410889
997,-0.09085319929392524,0.030399059897553572,0.0073013417040793255,-0.08857029717854337
998,-0.15186463565233546,-0.07682097245073866,0.000547474633097407,0.23099154006775452
999,-0.048992963076200755,-0.2530345166213943,-0.019493501408803383,0.21233904348487764
