"Sp1.TL1","Sp2.TL1","Sp3.TL1","Sp4.TL2","Sp5.TL3"
0.454603689489886,0.1374967393931,0.870249459054321,0.720970028312877,0.728438452119008
0.195279549097712,0.0625350266404641,0.629221382734598,0.824695223684562,0.926178521058202
0.07572611054449,0.0270336170950121,0.457917472949624,0.838911773108499,1.00220953779138
0.02861898401751,0.0118892603562813,0.339315596951183,0.801020555099603,1.008787685945
0.0109623350965098,0.0055110817269392,0.25722194633874,0.739443464089156,0.983341691396565
0.00433463858275843,0.00273116447537007,0.199616808970048,0.670203360621482,0.942883747770604
0.00178546021295343,0.00145116924965639,0.158391291357541,0.601477020450336,0.894702981709593
0.000769974715682177,0.000824387805173384,0.128241712710721,0.537139150079951,0.842362064953208
0.000348531956398925,0.000498022993216717,0.10570964306654,0.478773299191982,0.787998123257909
0.000165809937957441,0.000317956058304244,0.0885184805304281,0.426761610414284,0.733106995011535
8.28043516354645e-05,0.000213144883270343,0.0751465881709381,0.380879858085195,0.678806864736431
4.34523875509484e-05,0.00014917909100484,0.0645598053470723,0.340622639332769,0.625937275740382
2.38868201925885e-05,0.000108416371618246,0.056041567952215,0.305382340773938,0.575111805559292
1.37489288267928e-05,8.14407726985428e-05,0.0490870232675255,0.274541814228784,0.526756417186495
8.25174900828036e-06,6.29727081355901e-05,0.0433338580656146,0.247521499835718,0.481144097835196
5.16005806983655e-06,4.99455770890972e-05,0.038517782125594,0.223799353822247,0.438425602278086
3.36167882490343e-06,4.05165181603146e-05,0.0344432263432801,0.202916758980481,0.398656270070815
2.24583312300597e-06,3.35104316530462e-05,0.0309623120085712,0.184477142218576,0.361820097550498
1.55429102448849e-06,2.82020009417622e-05,0.0279630054805989,0.168140316943288,0.327847268602576
1.11051446858362e-06,2.41034453680674e-05,0.0253585677702949,0.153616522168015,0.296630515643255
8.13126095756123e-07,2.08851276286198e-05,0.023081166566674,0.140659600118998,0.268037137903314
6.12274508451639e-07,1.83200618486537e-05,0.0210771503189859,0.129060677787669,0.241918532509312
4.71010750293604e-07,1.6247663869569e-05,0.0193036202372448,0.118642526175466,0.218117524176995
3.69508475022262e-07,1.45529872625455e-05,0.0177259578897115,0.109254615536816,0.196473812845129
2.95693136747964e-07,1.31519998883569e-05,0.0163159506780007,0.100768875240773,0.176828069553616
2.40514034196683e-07,1.19823566094515e-05,0.0150504115206862,0.0930760986997397,0.159024853667577
1.98662520355396e-07,1.09971478933273e-05,0.0139101286271004,0.0860829175635641,0.142914650529902
1.66417970475802e-07,1.01605956091957e-05,0.012879063534798,0.0797092686147639,0.128355228882573
1.41142255194958e-07,9.44508249792521e-06,0.0119437325808019,0.0738862776669141,0.115212474433625
1.2107196321966e-07,8.82904719146387e-06,0.0110927251389628,0.0685544952132159,0.103360830027023
1.04919253012723e-07,8.29547873416342e-06,0.0103163253913284,0.0636624258350678,0.0926834430145743
9.1757969291774e-08,7.83082482929778e-06,0.00960621290968026,0.0591653022177707,0.0830720978428141
8.09134409993913e-08,7.4241900077309e-06,0.00895522380513555,0.0550240623467654,0.0744269952164142
7.18819355585138e-08,7.06674016688221e-06,0.008357158799628,0.0512044952255951,0.0666564248355958
6.42858019527029e-08,6.75125552126933e-06,0.00780662792689971,0.0476765263203135,0.0596763677321328
5.78377728685016e-08,6.47179159174744e-06,0.00729892404213732,0.0444136188737281,0.0534100556283868
5.23169461800588e-08,6.22341968158358e-06,0.00682991914903648,0.0413922713634794,0.0477875079169189
4.75518450282428e-08,6.00202642633225e-06,0.00639597892135459,0.0385915948114486,0.042745061581106
4.34080264499487e-08,5.80415766866553e-06,0.00599389182641443,0.0359929564903553,0.0382249052616899
3.97791565704882e-08,5.62689589185693e-06,0.00562081003976167,0.0335796789142591,0.0341746254869808
3.65804259137097e-08,5.4677632777634e-06,0.00527419993748601,0.0313367849274183,0.0305467706313985
3.37436557268308e-08,5.32464448904063e-06,0.00495180041217259,0.0292507812922779,0.0272984362863907
3.1213628423864e-08,5.19572475004866e-06,0.00465158761417965,0.0273094744828539,0.0243908742975243
2.89453075201436e-08,5.07943987991685e-06,0.00437174499708072,0.0255018134646506,0.0217891266432777
2.69017142045383e-08,4.97443572753766e-06,0.0041106377633289,0.023817755127938,0.0194616845274519
2.5052291854146e-08,4.87953505075148e-06,0.00386679097744166,0.0222481487717756,0.0173801724673854
2.33716365484327e-08,4.7937103262793e-06,0.00363887074975654,0.0207846366394634,0.0155190567363363
2.18385044556354e-08,4.71606131260841e-06,0.00342566800200709,0.0194195680049209,0.0138553772227816
2.0435030312623e-08,4.64579644340672e-06,0.00322608441265777,0.0181459247224732,0.0123685015723327
1.9146108085024e-08,4.58221732465276e-06,0.00303912020974218,0.0169572564948606,0.0110399003561864
1.79588971283622e-08,4.524705759475e-06,0.00286386353543308,0.0158476243984425,0.00985294194525373
1.68624261345915e-08,4.4727128416797e-06,0.00269948115249316,0.014811551440722,0.00879270574702772
1.58472737666251e-08,4.42574975023272e-06,0.00254521030025727,0.0138439791218119,0.00784581247167884
1.49053098071593e-08,4.38337994859891e-06,0.00240035153855836,0.0129402291351602,0.00700027012609744
1.40294843386282e-08,4.34521254936661e-06,0.0022642624433492,0.0120959694793793,0.0062453344828634
1.32136552569733e-08,4.31089664941656e-06,0.00213635203873039,0.0113071843670104,0.00557138283019372
1.24524465393279e-08,4.28011647663056e-06,0.00201607586749975,0.0105701474113327,0.00496979987478404
1.17411313057354e-08,4.25258721775774e-06,0.00190293161684491,0.00988139765205047,0.00443287473906317
1.10755349624037e-08,4.22805142008732e-06,0.00179645522793801,0.00923771804746545,0.00395370806541805
1.04519546803608e-08,4.20627587819072e-06,0.00169621742838067,0.00863611611673661,0.00352612831070714
9.86709221646097e-09,4.18704893210422e-06,0.00160182063503165,0.00807380646283234,0.00314461638361343
9.3179976738993e-09,4.17017811563659e-06,0.00151289618200375,0.00754819494627995,0.00280423784420689
8.80202226447704e-09,4.15548810356108e-06,0.00142910183476751,0.00705686431305182,0.00250058194888314
8.31677850325727e-09,4.14281891472594e-06,0.00135011955652894,0.00659756110792506,0.0022297068842299
7.86010655951153e-09,4.13202433493877e-06,0.00127565349750883,0.00616818372826849,0.00198809059012309
7.43004572241715e-09,4.12297052912323e-06,0.00120542818156532,0.00576677149316081,0.00177258662537147
7.02481012841437e-09,4.11553481693016e-06,0.00113918686787131,0.00539149461962326,0.00158038457851084
6.6427680458318e-09,4.10960458970485e-06,0.00107669006791576,0.00504064501045416,0.00140897456595643
6.28242414284394e-09,4.10507635002047e-06,0.00101771420028713,0.00471262776746516,0.00125611540149765
5.94240412935363e-09,4.10185485170235e-06,0.0009620503607039,0.00440595331563127,0.00111980588112694
5.62144198976154e-09,4.09985235925516e-06,0.000909503239118467,0.0041192303563632,0.000998259914633321
5.31836853430229e-09,4.09898796374543e-06,0.000859890098705691,0.00385115912263737,0.000889883396680371
5.03210132182938e-09,4.09918696267619e-06,0.000813039834203083,0.00360052507511585,0.000793253325266393
4.76163625233106e-09,4.10038032382577e-06,0.000768792139401516,0.00336619323628523,0.000707099804379217
4.50604011137938e-09,4.10250419770411e-06,0.000726996736414253,0.00314710287252057,0.000630289687601474
4.26444402665232e-09,4.10549947811167e-06,0.000687512668407847,0.00294226254780192,0.000561811935283132
4.03603771691948e-09,4.10931140599615e-06,0.000650207650649714,0.00275074552568253,0.000500764534794996
3.82006441713259e-09,4.11388921161483e-06,0.000614957474127764,0.00257168549056257,0.000446342805985681
3.61581638469803e-09,4.11918579074039e-06,0.000581645456794058,0.00240427256375717,0.000397828950811314
3.42263090605922e-09,4.12515741116568e-06,0.00055016193798222,0.00224774959184199,0.000354582716352039
3.23988673517204e-09,4.13176344622875e-06,0.000520403812023704,0.0021014086868549,0.000316033053883751
3.06700090590011e-09,4.13896613248181e-06,0.000492274097507206,0.00196458799978205,0.000281670669035103
2.90342586908543e-09,4.14673034897459e-06,0.000465681538994809,0.00183666871037966,0.00025104136884603
2.74864691239224e-09,4.15502341592399e-06,0.000440540238335486,0.00171707221782844,0.000223740121333609
2.6021798272003e-09,4.16381491080298e-06,0.000416769313006294,0.00160525751800628,0.000199405751967715
2.46356879203005e-09,4.17307650010923e-06,0.000394292579168728,0.0015007187543183,0.000177716209359497
2.33238444637589e-09,4.18278178527217e-06,0.000373038257356117,0.00140298293005957,0.000158384339562131
2.20822208606642e-09,4.19290615798167e-06,0.00035293869111144,0.00131160771341222,0.000141154058823907
2.09070054479615e-09,4.20342670548419e-06,0.000333930175111407,0.00122618004985466,0.000125797550429397
1.97945991108353e-09,4.21432203308472e-06,0.000315952582687069,0.00114631328809369,0.000112111292604489
1.87416014487259e-09,4.22557215353436e-06,0.00029894914061793,0.00107164541528605,9.9913420195876e-05
1.77448042506431e-09,4.23715842939003e-06,0.000282866324336551,0.00100183818168163,8.90420711434026e-05
1.68011791716828e-09,4.24906347383373e-06,0.000267653653581331,0.000936575476349408,7.93531013507932e-05
1.59078655004704e-09,4.26127105375129e-06,0.000253263487755998,0.000875561715897914,7.07179986946252e-05
1.5062160221968e-09,4.27376601052909e-06,0.000239650858563962,0.000818520518275046,6.30222044378696e-05
1.42615087418989e-09,4.28653418647944e-06,0.000226773312918853,0.000765193457247182,5.61636014234978e-05
1.35034962419977e-09,4.29956235670864e-06,0.000214590765844806,0.000715338897223829,5.00511643375198e-05
1.27858396144497e-09,4.31283816601317e-06,0.000203065362704465,0.000668730903847495,4.46037565956015e-05
1.21063799251061e-09,4.32635007037935e-06,0.000192161350073017,0.000625158225232534,3.9749057430565e-05
1.14630755840434e-09,4.3400872841338e-06,0.000181844958403457,0.000584423365090792,3.54226192699769e-05
1.08539915211523e-09,4.35403970279848e-06,0.00017208421720456,0.000546341204598319,3.15667562314236e-05
1.02773021207747e-09,4.36819791513895e-06,0.000162849002554563,0.000510739234297777,2.81303725678906e-05
9.73128292700523e-10,4.38255314217537e-06,0.000154110894955805,0.000477456468450552,2.50680769035486e-05
9.2142974557255e-10,4.39709714768307e-06,0.000145842954811108,0.000446341822288656,2.2339092783246e-05
8.72479760107096e-10,4.41182223720249e-06,0.000138019727597981,0.000417254089882574,1.99071252453419e-05
8.26132035501618e-10,4.42672123169483e-06,0.00013061718665979,0.000390061468976706,1.77399241061123e-05
7.82247991100824e-10,4.44178741423531e-06,0.000123612598785572,0.000364640590630398,1.58086817788876e-05
7.40696329730189e-10,4.45701449965522e-06,0.000116984449279579,0.000340875959904587,1.40876650315617e-05
7.01352864712075e-10,4.4723966202189e-06,0.000110712411352646,0.000318659689430085,1.2553982992546e-05
6.64099859557097e-10,4.48792828270426e-06,0.000104777234242281,0.000297890713761004,1.11871700674876e-05
6.28826163284073e-10,4.50360437257538e-06,9.91607641846694e-05,0.000278474855897959,9.96909821391293e-06
5.95426723921751e-10,4.51942012147298e-06,9.38458618248997e-05,0.000260324235592096,8.88366472375134e-06
5.63801803897171e-10,4.53537105898748e-06,8.88162701969699e-05,0.000243356382345005,7.91640540989542e-06
5.33857019949478e-10,4.55145301314963e-06,8.40566203917287e-05,0.000227494232821859,7.05444958306279e-06
5.05503043681907e-10,4.56766209057869e-06,7.95523807068772e-05,0.000212665764494157,6.28633660530088e-06
4.78655305527672e-10,4.58399465734628e-06,7.52898065097598e-05,0.000198803641036646,5.60185080995832e-06
4.5323374102856e-10,4.60044732274931e-06,7.12558972870628e-05,0.00018584491005161,4.99188866675147e-06
4.29162549263009e-10,4.61701692396597e-06,6.74383558267918e-05,0.000173730717702399,4.44833747478885e-06
4.06369956890857e-10,4.63370051131718e-06,6.38255484533671e-05,0.000162406034874279,3.96396588827503e-06
3.84788084350015e-10,4.65049533911177e-06,6.0406482173284e-05,0.000151819483946933,3.53234382522606e-06
3.64352607648522e-10,4.66739884603072e-06,5.7170748317923e-05,0.000141922980037542,3.14772937456084e-06
3.45002560254627e-10,4.68440864330577e-06,5.41084893480845e-05,0.000132671510529963,2.80499365707169e-06
3.26680250848754e-10,4.70152250904587e-06,5.12103847730625e-05,0.000124023025487504,2.49957368692322e-06
3.0933107881094e-10,4.71873837720458e-06,4.84676203226e-05,0.000115938234664394,2.22740742478924e-06
2.92903346108305e-10,4.7360543266516e-06,4.5871856604162e-05,0.000108380406143345,1.98487454620904e-06
2.77348103124812e-10,4.75346857221235e-06,4.34152034098161e-05,0.000101315200551357,1.76874881059746e-06
2.62619002269574e-10,4.77097945623209e-06,4.10901953571018e-05,9.47105153718906e-05,1.57615519607888e-06
2.48672159387868e-10,4.78858544067093e-06,3.888976886304e-05,8.85363393157193e-05,1.40453165755409e-06
2.35466022607454e-10,4.80628509970078e-06,3.68072403854905e-05,8.27646161817281e-05,1.25159506242483e-06
2.22961248201494e-10,4.82407711277006e-06,3.48362858579117e-05,7.73691175703559e-05,1.11531083219244e-06
2.11120583087538e-10,4.84196025810622e-06,3.29709212503845e-05,7.23253238754087e-05,9.93865887434951e-07
1.99908753603389e-10,4.85993340662778e-06,3.12054841937087e-05,6.76103130168724e-05,8.85644537097438e-07
1.89292360220741e-10,4.87799551623942e-06,2.95346166070851e-05,6.32026564120115e-05,7.89206991740417e-07
1.79239777876379e-10,4.89614562648584e-06,2.79532482733809e-05,5.90823217146161e-05,7.03270215273624e-07
1.6972106161853e-10,4.91438285354114e-06,2.64565813092312e-05,5.52305818827233e-05,6.26690860746456e-07
1.60707857282624e-10,4.93270638551264e-06,2.50400754802881e-05,5.16299301636287e-05,5.58450063434393e-07
1.52173316926461e-10,4.95111547803884e-06,2.36994343147918e-05,4.82640006116577e-05,4.97639889123479e-07
1.44092018769553e-10,4.96960945016296e-06,2.24305919713258e-05,4.51174937790991e-05,4.43451257476911e-07
1.36439891395379e-10,4.98818768046466e-06,2.12297008191445e-05,4.21761072440239e-05,3.95163179960343e-07
1.29194141988399e-10,5.00684960343341e-06,2.0093119691827e-05,3.94264706605262e-05,3.52133169265025e-07
1.2233318839009e-10,5.02559470606842e-06,1.90174027772412e-05,3.68560850373272e-05,3.13788692731832e-07
1.15836594769924e-10,5.04442252469073e-06,1.79992891088944e-05,3.44532659697667e-05,2.79619556150739e-07
1.09685010718282e-10,5.06333264195414e-06,1.70356926257132e-05,3.22070905680554e-05,2.49171116673362e-07
1.03860113578668e-10,5.08232468404246e-06,1.61236927691495e-05,3.0107347841357e-05,2.22038234594634e-07
0,5.10140000224886e-06,1.52614761342584e-05,2.81471174004711e-05,1.97913235238143e-07
0,5.12055490589407e-06,1.44442689741152e-05,2.63113612666934e-05,1.76338255263856e-07
0,5.13979085597483e-06,1.36708291346627e-05,2.45953343707406e-05,1.57115709846447e-07
0,5.15910762719897e-06,1.29388110756933e-05,2.29912251992061e-05,1.39988815264609e-07
0,5.17850502635278e-06,1.22459952684526e-05,2.14917327451727e-05,1.24728873205724e-07
0,5.19798289047812e-06,1.15902816501265e-05,2.00900345289895e-05,1.11132375182614e-07
0,5.21754108489252e-06,1.09696827312586e-05,1.87797529484159e-05,9.90179971987681e-08
0,5.23717950150886e-06,1.03823175521337e-05,1.75549262678026e-05,8.82241792236468e-08
0,5.25689805726014e-06,9.82640596581391e-06,1.64099815082724e-05,7.86069718766991e-08
0,5.27669669262201e-06,9.30026322844913e-06,1.53397091018279e-05,7.00381168745038e-08
0,5.2965753702271e-06,8.8022948806134e-06,1.43392391974183e-05,6.24033366808511e-08
0,5.31653407356541e-06,8.33099190392618e-06,1.34040195113755e-05,5.56008105818527e-08
0,5.33657280576548e-06,7.88492613807991e-06,1.2529794621605e-05,4.95398168645845e-08
0,5.35669158845132e-06,7.462745944207e-06,1.17125866114721e-05,4.41395229955056e-08
0,5.37689046067028e-06,7.06317210128654e-06,1.09486769754413e-05,3.93279076679481e-08
0,5.39716947788759e-06,6.68499392301634e-06,1.02345897042591e-05,3.50408003459169e-08
0,5.41752871104337e-06,6.32706558325973e-06,9.56707547281668e-06,3.12210254978235e-08
0,5.43796824566823e-06,5.98830263882337e-06,8.94309685883834e-06,2.78176401094853e-08
0,5.45848818105384e-06,5.66767873893302e-06,8.35981452521772e-06,2.47852543093342e-08
0,5.47908862947507e-06,5.36422251135112e-06,7.81457430320069e-06,2.20834260468657e-08
0,5.4997697154605e-06,5.07701461562561e-06,7.30489511770364e-06,1.96761217526963e-08
0,5.52053157510823e-06,4.80518495447433e-06,6.8284576998793e-06,1.75312357883319e-08
0,5.54137435544439e-06,4.54791003479671e-06,6.38309403561875e-06,1.56201622776099e-08
0,5.56229821382144e-06,4.30441047026451e-06,5.96677750202036e-06,1.39174136102158e-08
0,5.58330331735396e-06,4.07394861787863e-06,5.57761364698133e-06,1.24002805299838e-08
0,5.60438984238965e-06,3.85582634129044e-06,5.21383156998998e-06,1.10485292751913e-08
0,5.62555797401319e-06,3.6493828940747e-06,4.87377586492749e-06,9.84413173210673e-09
0,5.64680790558106e-06,3.4539929165091e-06,4.55589908824229e-06,8.77102500327015e-09
0,5.66813983828542e-06,3.26906453976312e-06,4.25875471824723e-06,7.81489718421371e-09
0,5.68955398074516e-06,3.09403759172738e-06,3.98099057352165e-06,6.96299649181313e-09
0,5.71105054862247e-06,2.92838189902605e-06,3.72134266048733e-06,6.203961198854e-09
0,5.73262976426343e-06,2.77159568004827e-06,3.47862942217763e-06,5.52766810684626e-09
0,5.75429185636104e-06,2.62320402411327e-06,3.25174636204287e-06,4.92509753633239e-09
0,5.77603705963933e-06,2.48275745214634e-06,3.03966101834031e-06,4.3882130342002e-09
0,5.79786561455729e-06,2.34983055449188e-06,2.84140826624984e-06,3.90985419376776e-09
0,5.81977776703137e-06,2.22402070172491e-06,2.65608592634772e-06,3.4836411582746e-09
0,5.84177376817533e-06,2.10494682454501e-06,2.48285065946257e-06,3.10388953421836e-09
0,5.86385387405656e-06,1.99224825904727e-06,2.32091412924045e-06,2.76553457979873e-09
0,5.88601834546759e-06,1.88558365386391e-06,2.1695394149631e-06,2.46406365742236e-09
0,5.90826744771213e-06,1.78462993585865e-06,2.02803765830126e-06,2.19545604942995e-09
0,5.93060145040452e-06,1.68908133123423e-06,1.89576492874892e-06,1.95612933440366e-09
0,5.95302062728186e-06,1.59864843908208e-06,1.77211929347872e-06,1.74289160890419e-09
0,5.97552525602809e-06,1.51305735456263e-06,1.65653807828846e-06,1.55289891744302e-09
0,5.99811561810916e-06,1.43204883905585e-06,1.5484953071779e-06,1.38361732295266e-09
0,6.02079199861866e-06,1.35537753476416e-06,1.44749930890707e-06,1.23278911190492e-09
0,6.04355468613339e-06,1.28281122138533e-06,1.35309047964726e-06,1.09840268336802e-09
0,6.06640397257795e-06,1.2141301126006e-06,1.2648391915456e-06,9.78665720423614e-10
0,6.08934015309818e-06,1.14912619024417e-06,1.18234383768766e-06,8.71981286139562e-10
0,6.1123635259426e-06,1.0876025741351e-06,1.10522900456352e-06,7.76926525297868e-10
0,6.13547439235145e-06,1.0293729256603e-06,1.033143763722e-06,6.92233687828249e-10
0,6.15867305645301e-06,9.74260883300502e-07,9.65760074840517e-07,6.16773220861742e-10
0,6.18195982516646e-06,9.22099528387554e-07,9.02771292944609e-07,5.49538703906868e-10
0,6.20533500811115e-06,8.72730879473426e-07,8.43890772984946e-07,4.89633426231812e-10
0,6.22879891752175e-06,8.26005413778059e-07,7.88850565422685e-07,4.36258427437719e-10
0,6.2523518681689e-06,7.81781614265407e-07,7.37400196887907e-07,3.88701841722147e-10
0,6.27599417728516e-06,7.39925540974764e-07,6.8930553036302e-07,3.46329403718733e-10
0,6.29972616449571e-06,7.00310425308104e-07,6.44347699704771e-07,3.08575989290717e-10
0,6.32354815175377e-06,6.62816286043724e-07,6.02322113656683e-07,2.74938078458838e-10
0,6.34746046328022e-06,6.27329565912489e-07,5.6303752481998e-07,2.44967039942482e-10
0,6.3714634255073e-06,5.93742787635249e-07,5.263151593465e-07,2.18263147750582e-10
0,6.3955573670261e-06,5.61954228379081e-07,4.9198790339346e-07,1.94470250022015e-10
0,6.41974261853761e-06,5.31867611645859e-07,4.59899542638156e-07,1.73271019014165e-10
0,6.44401951280707e-06,5.03391815659473e-07,4.2990405139207e-07,1.54382718888998e-10
0,6.4683883846215e-06,4.76440597368103e-07,4.01864928079612e-07,1.37553434851819e-10
0,6.49284957075016e-06,4.50932331225251e-07,3.75654574057594e-07,1.22558713350844e-10
0,6.51740340990775e-06,4.26789761958046e-07,3.51153712948801e-07,1.09198568528024e-10
0,6.54205435772016e-06,4.03993896660115e-07,3.28316966245994e-07,0
0,6.56679453894848e-06,3.82364852926756e-07,3.06904217670533e-07,0
0,6.59162840363956e-06,3.61893323719772e-07,2.86887352842211e-07,0
0,6.61655629511049e-06,3.42517844165634e-07,2.68176068055244e-07,0
0,6.6415785613319e-06,3.24179714790159e-07,2.50685171302227e-07,0
0,6.66669555205202e-06,3.06823395917103e-07,2.34335065215167e-07,0
0,6.69190761877153e-06,2.90396321911091e-07,2.19051344984346e-07,0
0,6.71721511472352e-06,2.74848741485141e-07,2.04764458608466e-07,0
0,6.74261839485498e-06,2.60133567030532e-07,1.91409390426233e-07,0
0,6.76811781580995e-06,2.4620623200182e-07,1.7892536524737e-07,0
0,6.79371373591386e-06,2.33024555937446e-07,1.67255571779337e-07,0
0,6.81940651515929e-06,2.20548616707455e-07,1.56346904092763e-07,0
0,6.84519651519291e-06,2.08740629601364e-07,1.46149719949051e-07,0
0,6.87108409930357e-06,1.97564832889892e-07,1.36617614890366e-07,0
0,6.89706963241144e-06,1.8698737951393e-07,1.27707211063968e-07,0
0,6.92315348105819e-06,1.76976234572652e-07,1.19377959819883e-07,0
0,6.94933601339811e-06,1.6750107830027e-07,1.11591957183603e-07,0
0,6.97561759919013e-06,1.58533214237539e-07,1.04313771364068e-07,0
0,7.00199860979064e-06,1.5004548231987e-07,9.7510281511981e-08,0
0,7.02847941814716e-06,1.42012176618792e-07,9.11505269946697e-08,0
0,7.05506039879268e-06,1.34408967487623e-07,8.52055665016094e-08,0
0,7.08174192784076e-06,1.27212827875514e-07,7.96483463394053e-08,0
0,7.10852438298125e-06,1.20401963586702e-07,7.44535773168971e-08,0
0,7.13540814347662e-06,1.1395574727372e-07,6.95976196601097e-08,0
0,7.16239359015889e-06,1.07854655964643e-07,6.50583754333297e-08,0
0,7.18948116734541e-06,1.02077416764619e-07,6.08121051335005e-08,0
0,7.21667122032929e-06,9.66085882017097e-08,5.6841823089969e-08,0
0,7.24396240992459e-06,9.14275852445356e-08,5.31261101415075e-08,0
0,7.27141034017072e-06,8.66602408348366e-08,4.9770571718851e-08,0
0,7.29896227559705e-06,8.21414820288129e-08,4.66269761472693e-08,0
0,7.32661860877138e-06,7.78583467145238e-08,4.3681936604601e-08,0
0,7.35437973382301e-06,7.37985486704808e-08,4.09229118171128e-08,0
0,7.38224604644501e-06,6.99504423221572e-08,3.83381526513804e-08,0
0,7.41021794389592e-06,6.6302989336285e-08,3.59166520804155e-08,0
0,7.43829582500149e-06,6.28457269570606e-08,3.36480983100835e-08,0
0,7.46648009015686e-06,5.95687379934288e-08,3.15228308662005e-08,0
0,7.49477114132887e-06,5.64626223713473e-08,2.95317994553016e-08,0
0,7.5231693820586e-06,5.35184701694302e-08,2.76665254238883e-08,0
0,7.55167521746418e-06,5.07278360606172e-08,2.59190656520262e-08,0
0,7.58028905424372e-06,4.80827150865526e-08,2.4281978727532e-08,0
0,7.60901130067849e-06,4.55755196951828e-08,2.27482932567022e-08,0
0,7.63784236663626e-06,4.31990579757e-08,2.13114781766294e-08,0
0,7.6667826635748e-06,4.09465130283987e-08,1.9965414942684e-08,0
0,7.69583260454556e-06,3.88114234102657e-08,1.87043714727162e-08,0
0,7.72499260419748e-06,3.67876646002093e-08,1.75229777370213e-08,0
0,7.75426307878096e-06,3.48694314307622e-08,1.64162028901144e-08,0
0,7.78364444615199e-06,3.30512214358583e-08,1.53793338469306e-08,0
0,7.81313712577636e-06,3.13278190669193e-08,1.44079552122157e-08,0
0,7.84274153869887e-06,2.96942807341205e-08,1.34979304998134e-08,0
0,7.87245810764707e-06,2.81459206194219e-08,1.26453844528177e-08,0
0,7.90228725695092e-06,2.66782972406791e-08,1.1846686598307e-08,0
0,7.9322294125601e-06,2.52872007103348e-08,1.10984357778152e-08,0
0,7.96228500205708e-06,2.39686406587646e-08,1.03974456579005e-08,0
0,7.99245445466199e-06,2.27188347878505e-08,9.74073116123722e-09,0
0,8.02273820123763e-06,2.15341980214118e-08,9.12549575475745e-09,0
0,8.05313667429455e-06,2.04113322213713e-08,8.54911954071104e-09,0
0,8.08365030799622e-06,1.93470164401572e-08,8.00914809992724e-09,0
0,8.1142795381643e-06,1.83381976813789e-08,7.50328203976804e-09,0
0,8.14502480228394e-06,1.73819821422744e-08,7.0293672022618e-09,0
0,8.17588653950925e-06,1.64756269128062e-08,6.58538549071866e-09,0
0,8.2068651906687e-06,1.56165321075971e-08,6.16944627576251e-09,0
0,8.23796119827074e-06,1.48022334081326e-08,5.77977834418149e-09,0
0,8.26917500650939e-06,1.40303949938407e-08,5.41472235631153e-09,0
0,8.30050706126992e-06,1.32988028417685e-08,5.07272377983186e-09,0
0,8.33195781013459e-06,1.26053583756377e-08,4.75232626988134e-09,0
0,8.36352770238848e-06,1.194807244606e-08,4.45216546730449e-09,0
0,8.39521718902533e-06,1.13250596246457e-08,4.17096318861681e-09,0
0,8.42702672275344e-06,1.0734532795636e-08,3.90752198294753e-09,0
0,8.45895675798308e-06,1.0174798029739e-08,3.66072003954958e-09,0
0,8.49100775088452e-06,9.64424972452721e-09,3.42950639090781e-09,0
0,8.52318015935008e-06,9.14136599923970e-09,3.21289645479804e-09,0
0,8.5554744430066e-06,8.66470432917909e-09,3.00996783870329e-09,0
0,8.58789106322591e-06,8.21289740777156e-09,2.81985641014765e-09,0
0,8.62043048313099e-06,7.78464922443786e-09,2.64175261686293e-09,0
0,8.65309316760227e-06,7.37873134697775e-09,2.4748980393829e-09,0
0,8.68587958328393e-06,6.99397939780376e-09,2.31858216138436e-09,0
0,8.71879019859024e-06,6.62928971391597e-09,2.17213934402144e-09,0
0,8.75182548371198e-06,6.28361618103735e-09,2.03494599136859e-09,0
0,8.78498591062286e-06,5.95596723282799e-09,1.90641789490099e-09,0
0,8.81827404134813e-06,5.64568401390258e-09,1.78614097034898e-09,0
0,8.85162305247897e-06,5.34335497366192e-09,1.66961233994793e-09,0
0,8.88509821084336e-06,5.05711116934425e-09,1.56062604809827e-09,0
0,8.91869995570637e-06,4.7861659154651e-09,1.45873353113137e-09,0
0,8.95242875294681e-06,4.52972504138287e-09,1.36348657451435e-09,0
0,8.98628507851315e-06,4.28702006516161e-09,1.27445635414994e-09,0
0,9.02026941291965e-06,4.05731795153512e-09,1.19123867653677e-09,0
0,9.05438223941843e-06,3.83992299548968e-09,1.11345459090656e-09,0
0,9.08862404339543e-06,3.63417610727509e-09,1.04074949871409e-09,0
0,9.12299531217377e-06,3.43945328716269e-09,9.72791822094025e-10,0
0,9.15749653495289e-06,3.2551638936326e-09,9.09271588905066e-10,0
0,9.19212820279272e-06,3.08074890640673e-09,8.4989905202839e-10,0
0,9.22689080861307e-06,2.9156792492732e-09,7.94403378982109e-10,0
0,9.26178484719796e-06,2.75945419147018e-09,7.42531420330788e-10,0
0,9.29681081520168e-06,2.61159983088396e-09,6.9404655620541e-10,0
0,9.33196921115546e-06,2.47166765721406e-09,6.48727617355624e-10,0
0,9.36726053547432e-06,2.33923319168194e-09,6.0636787638693e-10,0
0,9.40268529046404e-06,2.21389469947501e-09,5.66774104777047e-10,0
0,9.4382439803282e-06,2.09527197112796e-09,5.297656914367e-10,0
0,9.47393711117517e-06,1.98300516918156e-09,4.95173818816647e-10,0
0,9.50976519102529e-06,1.87675373663282e-09,4.62840692810263e-10,0
0,9.54572872981792e-06,1.77619536386938e-09,4.32618822893068e-10,0
0,9.58182823941861e-06,1.68102501095619e-09,4.04370349425963e-10,0
0,9.61806423362631e-06,1.59095398230857e-09,3.77966414731726e-10,0
0,9.65443722818057e-06,1.50570905094529e-09,3.53286575236971e-10,0
0,9.69094774076878e-06,1.42503162966495e-09,3.30218252068462e-10,0
0,9.72759629103348e-06,1.34867698663174e-09,3.08656217504612e-10,0
0,9.76438340057964e-06,1.27641350299074e-09,2.88502114959285e-10,0
0,9.80130959298202e-06,1.20802197026107e-09,2.69664010309418e-10,0
0,9.83837539379252e-06,1.14329492537537e-09,2.52055972520103e-10,0
0,9.87558133054761e-06,1.0820360213486e-09,2.35597681654174e-10,0
0,9.91292793277574e-06,1.02405943166697e-09,2.20214062478178e-10,0
0,9.95041573200482e-06,9.69189286590405e-10,2.0583494199331e-10,0
0,9.98804526176971e-06,9.17259139658446e-10,1.92394729329051e-10,0
0,1.00258170576197e-05,8.68111462781332e-10,1.79832116539259e-10,0
0,1.00637316571263e-05,8.21597168384613e-10,1.68089798935801e-10,0
0,1.01017895998902e-05,7.7757515715773e-10,1.57114213683947e-10,0
0,1.01399914275499e-05,7.35911890034721e-10,1.46855295467061e-10,0
0,1.01783376837882e-05,6.96480983108602e-10,1.37266248105981e-10,0
0,1.0216828914341e-05,6.59162824250668e-10,1.28303331091273e-10,0
0,1.02554656670039e-05,6.2384421027172e-10,1.19925660054553e-10,0
0,1.02942484916408e-05,5.90418003524545e-10,1.12095020255227e-10,0
0,1.03331779401914e-05,5.58782806906037e-10,1.04775692290363e-10,0
0,1.03722615870721e-05,5.28926213584838e-10,0,0
0,1.04114929194195e-05,5.00681036090375e-10,0,0
0,1.04508654862275e-05,4.73874989266677e-10,0,0
0,1.04903869047138e-05,4.48504146663178e-10,0,0
0,1.05300577373103e-05,4.24491637727972e-10,0,0
0,1.05698785485739e-05,4.01764736919427e-10,0,0
0,1.06098499051923e-05,3.80254613955951e-10,0,0
0,1.0649972375992e-05,3.59896123646356e-10,0,0
0,1.06902465319463e-05,3.40627608613144e-10,0,0
0,1.07306729461833e-05,3.22390712559435e-10,0,0
0,1.07712521939945e-05,3.05130203532053e-10,0,0
0,1.08119848528422e-05,2.8879380664697e-10,0,0
0,1.08528715023684e-05,2.73332045770486e-10,0,0
0,1.08939127244023e-05,2.5869809367664e-10,0,0
0,1.09351091029692e-05,2.4484763022708e-10,0,0
0,1.09764612242985e-05,2.31738708143836e-10,0,0
0,1.10179696768317e-05,2.19331625968513e-10,0,0
0,1.10596350512313e-05,2.07588807823125e-10,0,0
0,1.11014579403886e-05,1.96474689608428e-10,0,0
0,1.11434389394326e-05,1.85955611295099e-10,0,0
0,1.11855786457379e-05,1.75999714981537e-10,0,0
0,1.12278776589338e-05,1.66576848409569e-10,0,0
0,1.12703365809122e-05,1.57658473645829e-10,0,0
0,1.13129560158362e-05,1.4921758065226e-10,0,0
0,1.13557365701491e-05,1.41228605483971e-10,0,0
0,1.13986788525824e-05,1.33667352866713e-10,0,0
0,1.1441783474165e-05,1.26510922919474e-10,0,0
0,1.14850510482313e-05,1.19737641800297e-10,0,0
0,1.152848219043e-05,1.13326996065244e-10,0,0
0,1.15720775187333e-05,1.07259570541734e-10,0,0
0,1.16158376534451e-05,1.01516989528079e-10,0,0
0,1.16597850773572e-05,0,0,0
0,1.17038767777528e-05,0,0,0
0,1.17481351599151e-05,0,0,0
0,1.17925608535089e-05,0,0,0
0,1.18371544906315e-05,0,0,0
0,1.18819167057646e-05,0,0,0
0,1.19268481357841e-05,0,0,0
0,1.19719494199688e-05,0,0,0
0,1.20172212000095e-05,0,0,0
0,1.20626641200183e-05,0,0,0
0,1.21082788265375e-05,0,0,0
0,1.21540659685487e-05,0,0,0
0,1.22000261974822e-05,0,0,0
0,1.22461601672261e-05,0,0,0
0,1.22924685341355e-05,0,0,0
0,1.23389519570418e-05,0,0,0
0,1.23856110972621e-05,0,0,0
0,1.24324466186086e-05,0,0,0
0,1.24794591873976e-05,0,0,0
0,1.25266494724596e-05,0,0,0
0,1.25740181451479e-05,0,0,0
0,1.26215658793491e-05,0,0,0
0,1.26692933514916e-05,0,0,0
0,1.27172012405561e-05,0,0,0
0,1.27652902280843e-05,0,0,0
0,1.28135609981895e-05,0,0,0
0,1.28620142375653e-05,0,0,0
0,1.29106506354961e-05,0,0,0
0,1.29594708838664e-05,0,0,0
0,1.30084756771707e-05,0,0,0
0,1.30576657125233e-05,0,0,0
0,1.31070416896684e-05,0,0,0
0,1.31566043109895e-05,0,0,0
0,1.32063542815197e-05,0,0,0
0,1.32562923089515e-05,0,0,0
0,1.33064191036471e-05,0,0,0
0,1.3356735378648e-05,0,0,0
0,1.34072418496853e-05,0,0,0
0,1.34579392351899e-05,0,0,0
0,1.35088282563025e-05,0,0,0
0,1.35599096368839e-05,0,0,0
0,1.36111841035252e-05,0,0,0
0,1.36626523855578e-05,0,0,0
0,1.37143152150644e-05,0,0,0
0,1.37661733268886e-05,0,0,0
0,1.38182274586456e-05,0,0,0
0,1.38704783507327e-05,0,0,0
0,1.39229267463397e-05,0,0,0
0,1.39755733914592e-05,0,0,0
0,1.40284190348975e-05,0,0,0
0,1.40814644282848e-05,0,0,0
0,1.41347103260863e-05,0,0,0
0,1.41881574856123e-05,0,0,0
0,1.42418066670293e-05,0,0,0
0,1.42956586333706e-05,0,0,0
0,1.4349714150547e-05,0,0,0
0,1.44039739873578e-05,0,0,0
0,1.44584389155015e-05,0,0,0
0,1.45131097095868e-05,0,0,0
0,1.45679871471435e-05,0,0,0
0,1.46230720086334e-05,0,0,0
0,1.46783650774617e-05,0,0,0
0,1.47338671399874e-05,0,0,0
0,1.4789578985535e-05,0,0,0
0,1.48455014064053e-05,0,0,0
0,1.49016351978869e-05,0,0,0
0,1.49579811582669e-05,0,0,0
0,1.5014540088843e-05,0,0,0
0,1.50713127939339e-05,0,0,0
0,1.51283000808913e-05,0,0,0
0,1.51855027601109e-05,0,0,0
0,1.52429216450443e-05,0,0,0
0,1.530055755221e-05,0,0,0
0,1.53584113012052e-05,0,0,0
0,1.54164837147173e-05,0,0,0
0,1.54747756185355e-05,0,0,0
0,1.55332878415625e-05,0,0,0
0,1.55920212158261e-05,0,0,0
0,1.56509765764912e-05,0,0,0
0,1.57101547618711e-05,0,0,0
0,1.576955661344e-05,0,0,0
0,1.58291829758442e-05,0,0,0
0,1.58890346969144e-05,0,0,0
0,1.59491126276779e-05,0,0,0
0,1.60094176223699e-05,0,0,0
0,1.6069950538446e-05,0,0,0
0,1.61307122365946e-05,0,0,0
0,1.61917035807483e-05,0,0,0
0,1.62529254380967e-05,0,0,0
0,1.63143786790985e-05,0,0,0
0,1.63760641774934e-05,0,0,0
0,1.64379828103151e-05,0,0,0
0,1.6500135457903e-05,0,0,0
0,1.65625230039151e-05,0,0,0
0,1.66251463353402e-05,0,0,0
0,1.66880063425106e-05,0,0,0
0,1.67511039191143e-05,0,0,0
0,1.68144399622082e-05,0,0,0
0,1.68780153722303e-05,0,0,0
0,1.69418310530123e-05,0,0,0
0,1.70058879117927e-05,0,0,0
0,1.70701868592296e-05,0,0,0
0,1.71347288094132e-05,0,0,0
0,1.71995146798789e-05,0,0,0
0,1.72645453916203e-05,0,0,0
0,1.7329821869102e-05,0,0,0
0,1.73953450402728e-05,0,0,0
0,1.74611158365786e-05,0,0,0
0,1.75271351929759e-05,0,0,0
0,1.75934040479445e-05,0,0,0
0,1.7659923343501e-05,0,0,0
0,1.77266940252122e-05,0,0,0
0,1.77937170422079e-05,0,0,0
0,1.78609933471951e-05,0,0,0
0,1.79285238964706e-05,0,0,0
0,1.79963096499351e-05,0,0,0
0,1.80643515711062e-05,0,0,0
0,1.81326506271326e-05,0,0,0
0,1.8201207788807e-05,0,0,0
0,1.82700240305805e-05,0,0,0
0,1.83391003305758e-05,0,0,0
0,1.84084376706011e-05,0,0,0
0,1.84780370361643e-05,0,0,0
0,1.85478994164863e-05,0,0,0
0,1.86180258045153e-05,0,0,0
0,1.86884171969407e-05,0,0,0
0,1.87590745942073e-05,0,0,0
0,1.88299990005291e-05,0,0,0
0,1.89011914239036e-05,0,0,0
0,1.8972652876126e-05,0,0,0
0,1.90443843728034e-05,0,0,0
0,1.91163869333692e-05,0,0,0
0,1.91886615810974e-05,0,0,0
0,1.9261209343117e-05,0,0,0
0,1.93340312504263e-05,0,0,0
0,1.94071283379079e-05,0,0,0
0,1.94805016443426e-05,0,0,0
0,1.95541522124247e-05,0,0,0
0,1.96280810887761e-05,0,0,0
0,1.97022893239616e-05,0,0,0
0,1.9776777972503e-05,0,0,0
0,1.98515480928946e-05,0,0,0
0,1.99266007476177e-05,0,0,0
0,2.00019370031558e-05,0,0,0
0,2.00775579300095e-05,0,0,0
0,2.01534646027114e-05,0,0,0
0,2.02296580998414e-05,0,0,0
0,2.0306139504042e-05,0,0,0
0,2.03829099020333e-05,0,0,0
0,2.04599703846284e-05,0,0,0
0,2.05373220467488e-05,0,0,0
0,2.06149659874396e-05,0,0,0
0,2.06929033098852e-05,0,0,0
0,2.07711351214247e-05,0,0,0
0,2.08496625335674e-05,0,0,0
0,2.09284866620088e-05,0,0,0
0,2.10076086266458e-05,0,0,0
0,2.10870295515928e-05,0,0,0
0,2.11667505651971e-05,0,0,0
0,2.12467728000556e-05,0,0,0
0,2.13270973930296e-05,0,0,0
0,2.14077254852618e-05,0,0,0
0,2.14886582221918e-05,0,0,0
0,2.15698967535723e-05,0,0,0
0,2.16514422334852e-05,0,0,0
0,2.17332958203581e-05,0,0,0
0,2.18154586769802e-05,0,0,0
0,2.18979319705192e-05,0,0,0
0,2.1980716872537e-05,0,0,0
0,2.20638145590067e-05,0,0,0
0,2.2147226210329e-05,0,0,0
0,2.22309530113485e-05,0,0,0
0,2.23149961513709e-05,0,0,0
0,2.23993568241793e-05,0,0,0
0,2.24840362280511e-05,0,0,0
0,2.25690355657748e-05,0,0,0
0,2.2654356044667e-05,0,0,0
0,2.27399988765891e-05,0,0,0
0,2.28259652779649e-05,0,0,0
0,2.29122564697969e-05,0,0,0
0,2.29988736776841e-05,0,0,0
0,2.3085818131839e-05,0,0,0
0,2.31730910671047e-05,0,0,0
0,2.32606937229726e-05,0,0,0
0,2.33486273435994e-05,0,0,0
0,2.34368931778251e-05,0,0,0
0,2.35254924791898e-05,0,0,0
0,2.36144265059521e-05,0,0,0
0,2.37036965211063e-05,0,0,0
0,2.37933037924001e-05,0,0,0
0,2.38832495923527e-05,0,0,0
0,2.39735351982724e-05,0,0,0
0,2.40641618922748e-05,0,0,0
0,2.41551309613003e-05,0,0,0
0,2.42464436971328e-05,0,0,0
0,2.43381013964173e-05,0,0,0
0,2.44301053606787e-05,0,0,0
0,2.45224568963392e-05,0,0,0
0,2.46151573147374e-05,0,0,0
0,2.47082079321465e-05,0,0,0
0,2.48016100697924e-05,0,0,0
0,2.4895365053873e-05,0,0,0
0,2.49894742155758e-05,0,0,0
0,2.50839388910975e-05,0,0,0
0,2.51787604216623e-05,0,0,0
0,2.52739401535407e-05,0,0,0
0,2.53694794380685e-05,0,0,0
0,2.54653796316657e-05,0,0,0
0,2.55616420958557e-05,0,0,0
0,2.56582681972839e-05,0,0,0
0,2.57552593077375e-05,0,0,0
0,2.58526168041643e-05,0,0,0
0,2.59503420686923e-05,0,0,0
0,2.60484364886488e-05,0,0,0
0,2.61469014565799e-05,0,0,0
0,2.62457383702702e-05,0,0,0
0,2.63449486327624e-05,0,0,0
0,2.64445336523767e-05,0,0,0
0,2.65444948427307e-05,0,0,0
0,2.66448336227593e-05,0,0,0
0,2.67455514167345e-05,0,0,0
0,2.68466496542853e-05,0,0,0
0,2.69481297704177e-05,0,0,0
0,2.70499932055351e-05,0,0,0
0,2.71522414054583e-05,0,0,0
0,2.72548758214454e-05,0,0,0
0,2.73578979102129e-05,0,0,0
0,2.74613091339554e-05,0,0,0
0,2.75651109603664e-05,0,0,0
0,2.76693048626588e-05,0,0,0
0,2.77738923195857e-05,0,0,0
0,2.78788748154608e-05,0,0,0
0,2.79842538401794e-05,0,0,0
0,2.80900308892391e-05,0,0,0
0,2.81962074637611e-05,0,0,0
0,2.83027850705106e-05,0,0,0
0,2.84097652219186e-05,0,0,0
0,2.85171494361025e-05,0,0,0
0,2.86249392368876e-05,0,0,0
0,2.87331361538286e-05,0,0,0
0,2.88417417222306e-05,0,0,0
0,2.89507574831708e-05,0,0,0
0,2.90601849835202e-05,0,0,0
0,2.91700257759651e-05,0,0,0
0,2.92802814190287e-05,0,0,0
0,2.93909534770932e-05,0,0,0
0,2.95020435204215e-05,0,0,0
0,2.9613553125179e-05,0,0,0
0,2.9725483873456e-05,0,0,0
0,2.98378373532898e-05,0,0,0
0,2.99506151586866e-05,0,0,0
0,3.0063818889644e-05,0,0,0
0,3.01774501521733e-05,0,0,0
0,3.02915105583222e-05,0,0,0
0,3.04060017261969e-05,0,0,0
0,3.05209252799851e-05,0,0,0
0,3.06362828499786e-05,0,0,0
0,3.07520760725959e-05,0,0,0
0,3.08683065904054e-05,0,0,0
0,3.09849760521482e-05,0,0,0
0,3.1102086112761e-05,0,0,0
0,3.12196384333995e-05,0,0,0
0,3.13376346814613e-05,0,0,0
0,3.14560765306095e-05,0,0,0
0,3.1574965660796e-05,0,0,0
0,3.16943037582848e-05,0,0,0
0,3.18140925156758e-05,0,0,0
0,3.19343336319282e-05,0,0,0
0,3.20550288123844e-05,0,0,0
0,3.21761797687938e-05,0,0,0
0,3.22977882193367e-05,0,0,0
0,3.24198558886481e-05,0,0,0
0,3.25423845078422e-05,0,0,0
0,3.26653758145361e-05,0,0,0
0,3.27888315528744e-05,0,0,0
0,3.29127534735534e-05,0,0,0
0,3.30371433338455e-05,0,0,0
0,3.31620028976237e-05,0,0,0
0,3.32873339353866e-05,0,0,0
0,3.34131382242826e-05,0,0,0
0,3.35394175481348e-05,0,0,0
0,3.36661736974662e-05,0,0,0
0,3.37934084695245e-05,0,0,0
0,3.39211236683069e-05,0,0,0
0,3.40493211045858e-05,0,0,0
0,3.41780025959335e-05,0,0,0
0,3.4307169966748e-05,0,0,0
0,3.44368250482783e-05,0,0,0
0,3.45669696786496e-05,0,0,0
0,3.46976057028896e-05,0,0,0
0,3.48287349729537e-05,0,0,0
0,3.49603593477508e-05,0,0,0
0,3.50924806931696e-05,0,0,0
0,3.52251008821044e-05,0,0,0
0,3.53582217944809e-05,0,0,0
0,3.54918453172832e-05,0,0,0
0,3.5625973344579e-05,0,0,0
0,3.57606077775471e-05,0,0,0
0,3.5895750524503e-05,0,0,0
0,3.6031403500926e-05,0,0,0
0,3.61675686294857e-05,0,0,0
0,3.6304247840069e-05,0,0,0
0,3.64414430698064e-05,0,0,0
0,3.65791562630997e-05,0,0,0
0,3.67173893716486e-05,0,0,0
0,3.68561443544782e-05,0,0,0
0,3.69954231779659e-05,0,0,0
0,3.71352278158691e-05,0,0,0
0,3.72755602493523e-05,0,0,0
0,3.74164224670154e-05,0,0,0
0,3.75578164649204e-05,0,0,0
0,3.769974424662e-05,0,0,0
0,3.78422078231851e-05,0,0,0
0,3.79852092132327e-05,0,0,0
0,3.81287504429543e-05,0,0,0
0,3.82728335461437e-05,0,0,0
0,3.84174605642259e-05,0,0,0
0,3.85626335462846e-05,0,0,0
0,3.87083545490916e-05,0,0,0
0,3.88546256371346e-05,0,0,0
0,3.90014488826467e-05,0,0,0
0,3.91488263656347e-05,0,0,0
0,3.92967601739079e-05,0,0,0
0,3.94452524031075e-05,0,0,0
0,3.95943051567357e-05,0,0,0
0,3.97439205461847e-05,0,0,0
0,3.98941006907661e-05,0,0,0
0,4.00448477177405e-05,0,0,0
0,4.01961637623469e-05,0,0,0
0,4.03480509678325e-05,0,0,0
0,4.05005114854822e-05,0,0,0
0,4.0653547474649e-05,0,0,0
0,4.08071611027834e-05,0,0,0
0,4.09613545454639e-05,0,0,0
0,4.11161299864269e-05,0,0,0
0,4.12714896175974e-05,0,0,0
0,4.14274356391192e-05,0,0,0
0,4.15839702593854e-05,0,0,0
0,4.17410956950691e-05,0,0,0
0,4.18988141711543e-05,0,0,0
0,4.20571279209665e-05,0,0,0
0,4.22160388109036e-05,0,0,0
0,4.23755502169686e-05,0,0,0
0,4.25356629888626e-05,0,0,0
0,4.26963801440427e-05,0,0,0
0,4.28577038643924e-05,0,0,0
0,4.30196364339001e-05,0,0,0
0,4.31821801451517e-05,0,0,0
0,4.33453372993228e-05,0,0,0
0,4.3509110206214e-05,0,0,0
0,4.36735011842825e-05,0,0,0
0,4.38385125606744e-05,0,0,0
0,4.40041466712566e-05,0,0,0
0,4.41704058606496e-05,0,0,0
0,4.43372924822596e-05,0,0,0
0,4.45048088983117e-05,0,0,0
0,4.46729574798819e-05,0,0,0
0,4.48417406069302e-05,0,0,0
0,4.5011160668334e-05,0,0,0
0,4.51812200619204e-05,0,0,0
0,4.53519211945002e-05,0,0,0
0,4.55232664819007e-05,0,0,0
0,4.56952583489993e-05,0,0,0
0,4.5867899229757e-05,0,0,0
0,4.60411915672522e-05,0,0,0
0,4.62151378137146e-05,0,0,0
0,4.63897404305588e-05,0,0,0
0,4.65650018884186e-05,0,0,0
0,4.67409246671815e-05,0,0,0
0,4.6917511256022e-05,0,0,0
0,4.70947641534372e-05,0,0,0
0,4.72726858672807e-05,0,0,0
0,4.74512789147973e-05,0,0,0
0,4.7630545822658e-05,0,0,0
0,4.7810489126995e-05,0,0,0
0,4.79911113734363e-05,0,0,0
0,4.81724151171415e-05,0,0,0
0,4.83544029228366e-05,0,0,0
0,4.85370773648499e-05,0,0,0
0,4.8720441027147e-05,0,0,0
0,4.89044965033671e-05,0,0,0
0,4.90892463968586e-05,0,0,0
0,4.92746933207147e-05,0,0,0
0,4.946083989781e-05,0,0,0
0,4.96476887608366e-05,0,0,0
0,4.98352425523403e-05,0,0,0
0,5.00235039247571e-05,0,0,0
0,5.02124755404499e-05,0,0,0
0,5.04021600717454e-05,0,0,0
0,5.05925602009704e-05,0,0,0
0,5.07836786204896e-05,0,0,0
0,5.09755180327422e-05,0,0,0
0,5.11680811502794e-05,0,0,0
0,5.13613706958016e-05,0,0,0
0,5.15553894021963e-05,0,0,0
0,5.17501400125755e-05,0,0,0
0,5.19456252803136e-05,0,0,0
0,5.21418479690855e-05,0,0,0
0,5.23388108529044e-05,0,0,0
0,5.25365167161604e-05,0,0,0
0,5.27349683536585e-05,0,0,0
0,5.29341685706575e-05,0,0,0
0,5.31341201829082e-05,0,0,0
0,5.33348260166926e-05,0,0,0
0,5.35362889088627e-05,0,0,0
0,5.37385117068795e-05,0,0,0
0,5.39414972688521e-05,0,0,0
0,5.41452484635774e-05,0,0,0
0,5.43497681705793e-05,0,0,0
0,5.45550592801484e-05,0,0,0
0,5.47611246933819e-05,0,0,0
0,5.49679673222235e-05,0,0,0
0,5.51755900895031e-05,0,0,0
0,5.53839959289776e-05,0,0,0
0,5.55931877853709e-05,0,0,0
0,5.58031686144144e-05,0,0,0
0,5.60139413828878e-05,0,0,0
0,5.62255090686597e-05,0,0,0
0,5.64378746607289e-05,0,0,0
0,5.66510411592649e-05,0,0,0
0,5.68650115756497e-05,0,0,0
0,5.70797889325189e-05,0,0,0
0,5.72953762638033e-05,0,0,0
0,5.75117766147706e-05,0,0,0
0,5.7728993042067e-05,0,0,0
0,5.79470286137597e-05,0,0,0
0,5.81658864093786e-05,0,0,0
0,5.83855695199585e-05,0,0,0
0,5.86060810480821e-05,0,0,0
0,5.8827424107922e-05,0,0,0
0,5.90496018252836e-05,0,0,0
0,5.92726173376482e-05,0,0,0
0,5.9496473794216e-05,0,0,0
0,5.9721174355949e-05,0,0,0
0,5.99467221956146e-05,0,0,0
0,6.01731204978293e-05,0,0,0
0,6.04003724591019e-05,0,0,0
0,6.06284812878778e-05,0,0,0
0,6.08574502045826e-05,0,0,0
0,6.10872824416664e-05,0,0,0
0,6.13179812436482e-05,0,0,0
0,6.15495498671603e-05,0,0,0
0,6.17819915809926e-05,0,0,0
0,6.20153096661381e-05,0,0,0
0,6.2249507415837e-05,0,0,0
0,6.24845881356224e-05,0,0,0
0,6.27205551433652e-05,0,0,0
0,6.29574117693198e-05,0,0,0
0,6.31951613561695e-05,0,0,0
0,6.34338072590722e-05,0,0,0
0,6.36733528457067e-05,0,0,0
0,6.3913801496318e-05,0,0,0
0,6.41551566037645e-05,0,0,0
0,6.43974215735637e-05,0,0,0
0,6.46405998239388e-05,0,0,0
0,6.48846947858661e-05,0,0,0
0,6.51297099031209e-05,0,0,0
0,6.53756486323255e-05,0,0,0
0,6.56225144429959e-05,0,0,0
0,6.58703108175891e-05,0,0,0
0,6.61190412515514e-05,0,0,0
0,6.63687092533652e-05,0,0,0
0,6.66193183445976e-05,0,0,0
0,6.68708720599482e-05,0,0,0
0,6.71233739472975e-05,0,0,0
0,6.73768275677551e-05,0,0,0
0,6.76312364957086e-05,0,0,0
0,6.7886604318872e-05,0,0,0
0,6.81429346383351e-05,0,0,0
0,6.84002310686123e-05,0,0,0
0,6.86584972376919e-05,0,0,0
0,6.89177367870858e-05,0,0,0
0,6.91779533718788e-05,0,0,0
0,6.94391506607789e-05,0,0,0
0,6.97013323361667e-05,0,0,0
0,6.99645020941463e-05,0,0,0
0,7.02286636445949e-05,0,0,0
0,7.0493820711214e-05,0,0,0
0,7.07599770315795e-05,0,0,0
0,7.10271363571932e-05,0,0,0
0,7.12953024535335e-05,0,0,0
0,7.15644791001066e-05,0,0,0
0,7.18346700904982e-05,0,0,0
0,7.21058792324251e-05,0,0,0
0,7.23781103477868e-05,0,0,0
0,7.26513672727175e-05,0,0,0
0,7.29256538576386e-05,0,0,0
0,7.32009739673106e-05,0,0,0
0,7.34773314808861e-05,0,0,0
0,7.3754730291962e-05,0,0,0
0,7.40331743086331e-05,0,0,0
0,7.43126674535444e-05,0,0,0
0,7.45932136639451e-05,0,0,0
0,7.48748168917416e-05,0,0,0
0,7.51574811035515e-05,0,0,0
0,7.54412102807573e-05,0,0,0
0,7.57260084195602e-05,0,0,0
0,7.60118795310349e-05,0,0,0
0,7.62988276411837e-05,0,0,0
0,7.65868567909908e-05,0,0,0
0,7.6875971036478e-05,0,0,0
0,7.71661744487586e-05,0,0,0
0,7.74574711140937e-05,0,0,0
0,7.77498651339466e-05,0,0,0
0,7.80433606250392e-05,0,0,0
0,7.83379617194073e-05,0,0,0
0,7.86336725644567e-05,0,0,0
0,7.89304973230195e-05,0,0,0
0,7.92284401734103e-05,0,0,0
0,7.9527505309483e-05,0,0,0
0,7.98276969406874e-05,0,0,0
0,8.01290192921261e-05,0,0,0
0,8.04314766046119e-05,0,0,0
0,8.07350731347253e-05,0,0,0
0,8.10398131548713e-05,0,0,0
0,8.13457009533384e-05,0,0,0
0,8.16527408343555e-05,0,0,0
0,8.19609371181505e-05,0,0,0
0,8.22702941410092e-05,0,0,0
0,8.25808162553327e-05,0,0,0
0,8.28925078296975e-05,0,0,0
0,8.32053732489136e-05,0,0,0
0,8.35194169140843e-05,0,0,0
0,8.3834643242665e-05,0,0,0
0,8.41510566685235e-05,0,0,0
0,8.44686616419996e-05,0,0,0
0,8.47874626299647e-05,0,0,0
0,8.51074641158828e-05,0,0,0
0,8.54286705998707e-05,0,0,0
0,8.57510865987582e-05,0,0,0
0,8.60747166461498e-05,0,0,0
0,8.63995652924852e-05,0,0,0
0,8.67256371051009e-05,0,0,0
0,8.70529366682919e-05,0,0,0
0,8.73814685833727e-05,0,0,0
0,8.77112374687404e-05,0,0,0
0,8.80422479599358e-05,0,0,0
0,8.83745047097066e-05,0,0,0
0,8.87080123880696e-05,0,0,0
0,8.90427756823736e-05,0,0,0
0,8.93787992973625e-05,0,0,0
0,8.97160879552387e-05,0,0,0
0,9.00546463957263e-05,0,0,0
0,9.03944793761351e-05,0,0,0
0,9.07355916714243e-05,0,0,0
0,9.10779880742671e-05,0,0,0
0,9.14216733951143e-05,0,0,0
0,9.17666524622598e-05,0,0,0
0,9.21129301219048e-05,0,0,0
0,9.24605112382232e-05,0,0,0
0,9.28094006934266e-05,0,0,0
0,9.31596033878301e-05,0,0,0
0,9.3511124239918e-05,0,0,0
0,9.38639681864095e-05,0,0,0
0,9.42181401823251e-05,0,0,0
0,9.45736452010531e-05,0,0,0
0,9.49304882344162e-05,0,0,0
0,9.52886742927381e-05,0,0,0
0,9.56482084049112e-05,0,0,0
0,9.60090956184634e-05,0,0,0
0,9.6371340999626e-05,0,0,0
0,9.67349496334013e-05,0,0,0
0,9.7099926623631e-05,0,0,0
0,9.7466277093064e-05,0,0,0
0,9.78340061834254e-05,0,0,0
0,9.8203119055485e-05,0,0,0
0,9.85736208891262e-05,0,0,0
0,9.89455168834157e-05,0,0,0
0,9.93188122566724e-05,0,0,0
0,9.96935122465374e-05,0,0,0
0,0.000100069622110044,0,0,0
0,0.000100447147123688,0,0,0
0,0.000100826092583498,0,0,0
0,0.000101206463805105,0,0,0
0,0.000101588266123817,0,0,0
0,0.000101971504894684,0,0,0
0,0.000102356185492575,0,0,0
0,0.000102742313312248,0,0,0
0,0.000103129893768421,0,0,0
0,0.000103518932295845,0,0,0
0,0.000103909434349375,0,0,0
0,0.000104301405404044,0,0,0
0,0.000104694850955137,0,0,0
0,0.000105089776518262,0,0,0
0,0.000105486187629424,0,0,0
0,0.000105884089845098,0,0,0
0,0.000106283488742306,0,0,0
0,0.000106684389918686,0,0,0
0,0.000107086798992573,0,0,0
0,0.000107490721603067,0,0,0
0,0.000107896163410111,0,0,0
0,0.000108303130094568,0,0,0
0,0.000108711627358293,0,0,0
0,0.000109121660924211,0,0,0
0,0.000109533236536391,0,0,0
0,0.000109946359960125,0,0,0
0,0.000110361036982002,0,0,0
0,0.000110777273409986,0,0,0
0,0.000111195075073491,0,0,0
0,0.000111614447823462,0,0,0
0,0.000112035397532449,0,0,0
0,0.000112457930094687,0,0,0
0,0.000112882051426173,0,0,0
0,0.000113307767464743,0,0,0
0,0.000113735084170155,0,0,0
0,0.000114164007524162,0,0,0
0,0.000114594543530595,0,0,0
0,0.000115026698215443,0,0,0
0,0.00011546047762693,0,0,0
0,0.000115895887835595,0,0,0
0,0.000116332934934373,0,0,0
0,0.000116771625038679,0,0,0
0,0.000117211964286482,0,0,0
0,0.00011765395883839,0,0,0
0,0.000118097614877732,0,0,0
0,0.000118542938610637,0,0,0
0,0.000118989936266118,0,0,0
0,0.000119438614096152,0,0,0
0,0.000119888978375766,0,0,0
0,0.000120341035403114,0,0,0
0,0.000120794791499567,0,0,0
0,0.000121250253009788,0,0,0
0,0.000121707426301824,0,0,0
0,0.000122166317767184,0,0,0
0,0.000122626933820925,0,0,0
0,0.000123089280901736,0,0,0
0,0.000123553365472022,0,0,0
0,0.000124019194017993,0,0,0
0,0.000124486773049742,0,0,0
0,0.000124956109101337,0,0,0
0,0.000125427208730903,0,0,0
0,0.00012590007852071,0,0,0
0,0.000126374725077259,0,0,0
0,0.000126851155031367,0,0,0
0,0.000127329375038257,0,0,0
0,0.000127809391777642,0,0,0
0,0.000128291211953814,0,0,0
0,0.000128774842295735,0,0,0
0,0.000129260289557117,0,0,0
0,0.000129747560516519,0,0,0
0,0.000130236661977431,0,0,0
0,0.000130727600768364,0,0,0
0,0.000131220383742939,0,0,0
0,0.000131715017779978,0,0,0
0,0.000132211509783592,0,0,0
0,0.000132709866683272,0,0,0
0,0.000133210095433979,0,0,0
0,0.000133712203016239,0,0,0
0,0.000134216196436225,0,0,0
0,0.000134722082725857,0,0,0
0,0.00013522986894289,0,0,0
0,0.000135739562171008,0,0,0
0,0.000136251169519911,0,0,0
0,0.000136764698125415,0,0,0
0,0.00013728015514954,0,0,0
0,0.000137797547780605,0,0,0
0,0.000138316883233321,0,0,0
0,0.000138838168748885,0,0,0
0,0.000139361411595074,0,0,0
0,0.00013988661906634,0,0,0
0,0.000140413798483904,0,0,0
0,0.000140942957195853,0,0,0
0,0.000141474102577231,0,0,0
0,0.000142007242030141,0,0,0
0,0.000142542382983836,0,0,0
0,0.000143079532894817,0,0,0
0,0.00014361869924693,0,0,0
0,0.000144159889551463,0,0,0
0,0.000144703111347243,0,0,0
0,0.000145248372200733,0,0,0
0,0.000145795679706132,0,0,0
0,0.000146345041485471,0,0,0
0,0.000146896465188713,0,0,0
0,0.000147449958493851,0,0,0
0,0.000148005529107008,0,0,0
0,0.000148563184762537,0,0,0
0,0.000149122933223118,0,0,0
0,0.000149684782279863,0,0,0
0,0.000150248739752412,0,0,0
0,0.000150814813489037,0,0,0
0,0.000151383011366742,0,0,0
0,0.000151953341291363,0,0,0
0,0.000152525811197674,0,0,0
0,0.000153100429049485,0,0,0
0,0.000153677202839747,0,0,0
0,0.000154256140590653,0,0,0
0,0.000154837250353743,0,0,0
0,0.000155420540210006,0,0,0
0,0.000156006018269987,0,0,0
0,0.000156593692673887,0,0,0
0,0.000157183571591669,0,0,0
0,0.000157775663223164,0,0,0
0,0.000158369975798176,0,0,0
0,0.000158966517576588,0,0,0
0,0.000159565296848463,0,0,0
0,0.00016016632193416,0,0,0
0,0.00016076960118443,0,0,0
0,0.000161375142980531,0,0,0
0,0.000161982955734331,0,0,0
0,0.000162593047888417,0,0,0
0,0.000163205427916201,0,0,0
0,0.000163820104322032,0,0,0
0,0.000164437085641304,0,0,0
0,0.00016505638044056,0,0,0
0,0.000165677997317608,0,0,0
0,0.000166301944901627,0,0,0
0,0.000166928231853278,0,0,0
0,0.000167556866864813,0,0,0
0,0.000168187858660191,0,0,0
0,0.00016882121599518,0,0,0
0,0.000169456947657478,0,0,0
0,0.000170095062466819,0,0,0
0,0.000170735569275086,0,0,0
0,0.000171378476966426,0,0,0
0,0.00017202379445736,0,0,0
0,0.000172671530696899,0,0,0
0,0.000173321694666655,0,0,0
0,0.000173974295380956,0,0,0
0,0.000174629341886962,0,0,0
0,0.000175286843264776,0,0,0
0,0.000175946808627565,0,0,0
0,0.000176609247121669,0,0,0
0,0.00017727416792672,0,0,0
0,0.000177941580255759,0,0,0
0,0.00017861149335535,0,0,0
0,0.0001792839165057,0,0,0
0,0.000179958859020773,0,0,0
0,0.000180636330248412,0,0,0
0,0.00018131633957045,0,0,0
0,0.000181998896402837,0,0,0
0,0.000182684010195753,0,0,0
0,0.000183371690433727,0,0,0
0,0.000184061946635761,0,0,0
0,0.000184754788355446,0,0,0
0,0.000185450225181083,0,0,0
0,0.000186148266735804,0,0,0
0,0.000186848922677694,0,0,0
0,0.000187552202699911,0,0,0
0,0.000188258116530808,0,0,0
0,0.000188966673934056,0,0,0
0,0.000189677884708765,0,0,0
0,0.000190391758689611,0,0,0
0,0.000191108305746952,0,0,0
0,0.000191827535786958,0,0,0
0,0.000192549458751735,0,0,0
0,0.000193274084619444,0,0,0
0,0.000194001423404431,0,0,0
0,0.000194731485157352,0,0,0
0,0.000195464279965295,0,0,0
0,0.000196199817951909,0,0,0
0,0.000196938109277531,0,0,0
0,0.000197679164139309,0,0,0
0,0.000198422992771335,0,0,0
0,0.000199169605444767,0,0,0
0,0.000199919012467959,0,0,0
0,0.000200671224186591,0,0,0
0,0.000201426250983795,0,0,0
0,0.000202184103280288,0,0,0
0,0.000202944791534496,0,0,0
0,0.000203708326242689,0,0,0
0,0.00020447471793911,0,0,0
0,0.000205243977196103,0,0,0
0,0.000206016114624248,0,0,0
0,0.000206791140872491,0,0,0
0,0.000207569066628275,0,0,0
0,0.000208349902617673,0,0,0
0,0.000209133659605522,0,0,0
0,0.000209920348395555,0,0,0
0,0.000210709979830534,0,0,0
0,0.000211502564792384,0,0,0
0,0.000212298114202331,0,0,0
0,0.00021309663902103,0,0,0
0,0.000213898150248708,0,0,0
0,0.000214702658925292,0,0,0
0,0.00021551017613055,0,0,0
0,0.000216320712984227,0,0,0
0,0.00021713428064618,0,0,0
0,0.000217950890316516,0,0,0
0,0.000218770553235731,0,0,0
0,0.000219593280684845,0,0,0
0,0.000220419083985544,0,0,0
0,0.000221247974500315,0,0,0
0,0.000222079963632591,0,0,0
0,0.000222915062826885,0,0,0
0,0.000223753283568933,0,0,0
0,0.000224594637385832,0,0,0
0,0.000225439135846187,0,0,0
0,0.000226286790560246,0,0,0
0,0.000227137613180044,0,0,0
0,0.000227991615399546,0,0,0
0,0.000228848808954789,0,0,0
0,0.000229709205624025,0,0,0
0,0.000230572817227867,0,0,0
0,0.000231439655629427,0,0,0
0,0.000232309732734466,0,0,0
0,0.000233183060491537,0,0,0
0,0.00023405965089213,0,0,0
0,0.000234939515970817,0,0,0
0,0.0002358226678054,0,0,0
0,0.000236709118517054,0,0,0
0,0.00023759888027048,0,0,0
0,0.000238491965274043,0,0,0
0,0.000239388385779932,0,0,0
0,0.000240288154084295,0,0,0
0,0.0002411912825274,0,0,0
0,0.000242097783493773,0,0,0
0,0.000243007669412358,0,0,0
0,0.000243920952756657,0,0,0
0,0.000244837646044889,0,0,0
0,0.000245757761840135,0,0,0
0,0.000246681312750491,0,0,0
0,0.00024760831142922,0,0,0
0,0.000248538770574906,0,0,0
0,0.000249472702931603,0,0,0
0,0.000250410121288988,0,0,0
0,0.000251351038482521,0,0,0
0,0.000252295467393588,0,0,0
0,0.000253243420949666,0,0,0
0,0.000254194912124471,0,0,0
0,0.000255149953938116,0,0,0
0,0.000256108559457265,0,0,0
0,0.000257070741795291,0,0,0
0,0.000258036514112431,0,0,0
0,0.000259005889615945,0,0,0
0,0.000259978881560271,0,0,0
0,0.000260955503247183,0,0,0
0,0.000261935768025952,0,0,0
0,0.000262919689293503,0,0,0
0,0.000263907280494572,0,0,0
0,0.00026489855512187,0,0,0
0,0.000265893526716242,0,0,0
0,0.000266892208866824,0,0,0
0,0.000267894615211208,0,0,0
0,0.000268900759435602,0,0,0
0,0.000269910655274993,0,0,0
0,0.000270924316513307,0,0,0
0,0.000271941756983575,0,0,0
0,0.000272962990568091,0,0,0
0,0.000273988031198585,0,0,0
0,0.000275016892856376,0,0,0
0,0.000276049589572545,0,0,0
0,0.000277086135428097,0,0,0
0,0.000278126544554126,0,0,0
0,0.000279170831131983,0,0,0
0,0.000280219009393439,0,0,0
0,0.000281271093620858,0,0,0
0,0.000282327098147357,0,0,0
0,0.000283387037356979,0,0,0
0,0.000284450925684861,0,0,0
0,0.000285518777617398,0,0,0
0,0.000286590607692418,0,0,0
0,0.000287666430499351,0,0,0
0,0.000288746260679395,0,0,0
0,0.00028983011292569,0,0,0
0,0.000290918001983487,0,0,0
0,0.000292009942650324,0,0,0
0,0.000293105949776192,0,0,0
0,0.00029420603826371,0,0,0
0,0.000295310223068301,0,0,0
0,0.000296418519198359,0,0,0
0,0.000297530941715429,0,0,0
0,0.000298647505734377,0,0,0
0,0.000299768226423567,0,0,0
0,0.000300893119005036,0,0,0
0,0.00030202219875467,0,0,0
0,0.000303155481004635,0,0,0
0,0.000304292981132268,0,0,0
0,0.000305434714579429,0,0,0
0,0.000306580696841041,0,0,0
0,0.000307730943464512,0,0,0
0,0.000308885470052156,0,0,0
0,0.000310044292261756,0,0,0
0,0.000311207425806366,0,0,0
0,0.000312374886454489,0,0,0
0,0.000313546690030261,0,0,0
0,0.000314722852413629,0,0,0
0,0.000315903389540534,0,0,0
0,0.000317088317403092,0,0,0
0,0.000318277652049776,0,0,0
0,0.000319471409585599,0,0,0
0,0.000320669606172297,0,0,0
0,0.000321872258028514,0,0,0
0,0.000323079381429985,0,0,0
0,0.000324290992709718,0,0,0
0,0.000325507108258186,0,0,0
0,0.000326727744523506,0,0,0
0,0.000327952918011627,0,0,0
0,0.000329182645286517,0,0,0
0,0.000330416942970351,0,0,0
0,0.000331655827743697,0,0,0
0,0.000332899316345704,0,0,0
0,0.000334147425574288,0,0,0
0,0.000335400172286328,0,0,0
0,0.000336657573397848,0,0,0
0,0.00033791964588421,0,0,0
0,0.000339186406780303,0,0,0
0,0.000340457873180736,0,0,0
0,0.000341734062240028,0,0,0
0,0.000343014991172797,0,0,0
0,0.000344300677253958,0,0,0
0,0.000345591137818911,0,0,0
0,0.000346886390263733,0,0,0
0,0.000348186452045377,0,0,0
0,0.000349491340681863,0,0,0
0,0.000350801073752471,0,0,0
0,0.000352115668897939,0,0,0
0,0.000353435143820655,0,0,0
0,0.000354759516284856,0,0,0
0,0.000356088804116826,0,0,0
0,0.000357423025205086,0,0,0
0,0.000358762197500599,0,0,0
0,0.000360106339016963,0,0,0
0,0.00036145546783061,0,0,0
0,0.000362809602081008,0,0,0
0,0.000364168759970855,0,0,0
0,0.000365532959766284,0,0,0
0,0.00036690221979706,0,0,0
0,0.000368276558456781,0,0,0
0,0.00036965599420308,0,0,0
0,0.000371040545557826,0,0,0
0,0.000372430231107325,0,0,0
0,0.000373825069502526,0,0,0
0,0.000375225079459221,0,0,0
0,0.000376630279758248,0,0,0
0,0.000378040689245699,0,0,0
0,0.000379456326833118,0,0,0
0,0.000380877211497713,0,0,0
0,0.000382303362282556,0,0,0
0,0.000383734798296791,0,0,0
0,0.000385171538715841,0,0,0
0,0.000386613602781611,0,0,0
0,0.000388061009802702,0,0,0
0,0.000389513779154612,0,0,0
0,0.000390971930279948,0,0,0
0,0.000392435482688632,0,0,0
0,0.000393904455958114,0,0,0
0,0.000395378869733577,0,0,0
0,0.000396858743728151,0,0,0
0,0.000398344097723119,0,0,0
0,0.000399834951568134,0,0,0
0,0.000401331325181425,0,0,0
0,0.000402833238550009,0,0,0
0,0.000404340711729909,0,0,0
0,0.000405853764846362,0,0,0
0,0.000407372418094031,0,0,0
0,0.000408896691737222,0,0,0
0,0.000410426606110098,0,0,0
0,0.000411962181616893,0,0,0
0,0.000413503438732125,0,0,0
0,0.000415050398000814,0,0,0
0,0.000416603080038698,0,0,0
0,0.000418161505532448,0,0,0
0,0.000419725695239886,0,0,0
0,0.000421295669990202,0,0,0
0,0.000422871450684172,0,0,0
0,0.000424453058294375,0,0,0
0,0.000426040513865415,0,0,0
0,0.000427633838514134,0,0,0
0,0.00042923305342984,0,0,0
0,0.00043083817987452,0,0,0
0,0.000432449239183063,0,0,0
0,0.000434066252763483,0,0,0
0,0.000435689242097135,0,0,0
0,0.000437318228738943,0,0,0
0,0.00043895323431762,0,0,0
0,0.000440594280535887,0,0,0
0,0.000442241389170702,0,0,0
0,0.00044389458207348,0,0,0
0,0.000445553881170319,0,0,0
0,0.000447219308462223,0,0,0
0,0.000448890886025325,0,0,0
0,0.000450568636011119,0,0,0
0,0.000452252580646678,0,0,0
0,0.000453942742234886,0,0,0
0,0.000455639143154661,0,0,0
0,0.000457341805861183,0,0,0
0,0.000459050752886124,0,0,0
0,0.000460766006837871,0,0,0
0,0.00046248759040176,0,0,0
0,0.000464215526340301,0,0,0
0,0.000465949837493406,0,0,0
0,0.000467690546778625,0,0,0
0,0.000469437677191368,0,0,0
0,0.00047119125180514,0,0,0
0,0.000472951293771775,0,0,0
0,0.000474717826321657,0,0,0
0,0.000476490872763963,0,0,0
0,0.000478270456486889,0,0,0
0,0.000480056600957884,0,0,0
0,0.000481849329723882,0,0,0
0,0.000483648666411536,0,0,0
0,0.000485454634727454,0,0,0
0,0.000487267258458427,0,0,0
0,0.000489086561471672,0,0,0
0,0.000490912567715061,0,0,0
0,0.000492745301217356,0,0,0
0,0.000494584786088448,0,0,0
0,0.000496431046519593,0,0,0
0,0.000498284106783646,0,0,0
0,0.000500143991235301,0,0,0
0,0.000502010724311323,0,0,0
0,0.000503884330530792,0,0,0
0,0.000505764834495339,0,0,0
0,0.000507652260889383,0,0,0
0,0.000509546634480371,0,0,0
0,0.000511447980119017,0,0,0
0,0.00051335632273954,0,0,0
0,0.000515271687359909,0,0,0
0,0.000517194099082078,0,0,0
0,0.00051912358309223,0,0,0
0,0.000521060164661015,0,0,0
0,0.000523003869143794,0,0,0
0,0.000524954721980882,0,0,0
0,0.000526912748697787,0,0,0
0,0.000528877974905455,0,0,0
0,0.000530850426300509,0,0,0
0,0.000532830128665499,0,0,0
0,0.00053481710786914,0,0,0
0,0.000536811389866558,0,0,0
0,0.000538813000699535,0,0,0
0,0.000540821966496751,0,0,0
0,0.000542838313474032,0,0,0
0,0.000544862067934595,0,0,0
0,0.000546893256269292,0,0,0
0,0.000548931904956857,0,0,0
0,0.000550978040564151,0,0,0
0,0.000553031689746412,0,0,0
0,0.0005550928792475,0,0,0
0,0.000557161635900142,0,0,0
0,0.000559237986626186,0,0,0
0,0.000561321958436839,0,0,0
0,0.000563413578432927,0,0,0
0,0.000565512873805135,0,0,0
0,0.000567619871834259,0,0,0
0,0.000569734599891455,0,0,0
0,0.000571857085438489,0,0,0
0,0.000573987356027985,0,0,0
0,0.000576125439303678,0,0,0
0,0.000578271363000661,0,0,0
0,0.00058042515494564,0,0,0
0,0.000582586843057179,0,0,0
0,0.000584756455345958,0,0,0
0,0.000586934019915019,0,0,0
0,0.000589119564960021,0,0,0
0,0.000591313118769492,0,0,0
0,0.000593514709725079,0,0,0
0,0.000595724366301802,0,0,0
0,0.000597942117068308,0,0,0
0,0.000600167990687123,0,0,0
0,0.000602402015914906,0,0,0
0,0.000604644221602701,0,0,0
0,0.000606894636696192,0,0,0
0,0.00060915329023596,0,0,0
0,0.000611420211357731,0,0,0
0,0.000613695429292637,0,0,0
0,0.000615978973367466,0,0,0
0,0.00061827087300492,0,0,0
0,0.000620571157723871,0,0,0
0,0.000622879857139613,0,0,0
0,0.000625197000964121,0,0,0
0,0.000627522619006304,0,0,0
0,0.000629856741172265,0,0,0
0,0.000632199397465554,0,0,0
0,0.000634550617987426,0,0,0
0,0.000636910432937099,0,0,0
0,0.000639278872612006,0,0,0
0,0.000641655967408059,0,0,0
0,0.000644041747819901,0,0,0
0,0.000646436244441168,0,0,0
0,0.000648839487964741,0,0,0
0,0.000651251509183009,0,0,0
0,0.000653672338988123,0,0,0
0,0.000656102008372259,0,0,0
0,0.000658540548427871,0,0,0
0,0.000660987990347955,0,0,0
0,0.0006634443654263,0,0,0
0,0.000665909705057754,0,0,0
0,0.00066838404073848,0,0,0
0,0.000670867404066216,0,0,0
0,0.000673359826740532,0,0,0
0,0.000675861340563089,0,0,0
0,0.000678371977437905,0,0,0
0,0.000680891769371605,0,0,0
0,0.000683420748473686,0,0,0
0,0.000685958946956777,0,0,0
0,0.000688506397136896,0,0,0
0,0.000691063131433712,0,0,0
0,0.000693629182370805,0,0,0
0,0.000696204582575925,0,0,0
0,0.000698789364781253,0,0,0
0,0.000701383561823658,0,0,0
0,0.000703987206644962,0,0,0
0,0.0007066003322922,0,0,0
0,0.000709222971917875,0,0,0
0,0.000711855158780225,0,0,0
0,0.000714496926243477,0,0,0
0,0.000717148307778114,0,0,0
0,0.00071980933696113,0,0,0
0,0.000722480047476294,0,0,0
0,0.00072516047311441,0,0,0
0,0.000727850647773573,0,0,0
0,0.000730550605459438,0,0,0
0,0.000733260380285474,0,0,0
0,0.000735980006473225,0,0,0
0,0.000738709518352574,0,0,0
0,0.000741448950361999,0,0,0
0,0.000744198337048837,0,0,0
0,0.000746957713069544,0,0,0
0,0.000749727113189953,0,0,0
0,0.000752506572285536,0,0,0
0,0.000755296125341664,0,0,0
0,0.000758095807453868,0,0,0
0,0.000760905653828096,0,0,0
0,0.000763725699780979,0,0,0
0,0.000766555980740084,0,0,0
0,0.000769396532244178,0,0,0
0,0.000772247389943486,0,0,0
0,0.000775108589599955,0,0,0
0,0.000777980167087505,0,0,0
0,0.000780862158392298,0,0,0
0,0.000783754599612989,0,0,0
0,0.000786657526960991,0,0,0
0,0.000789570976760732,0,0,0
0,0.000792494985449912,0,0,0
0,0.000795429589579766,0,0,0
0,0.000798374825815316,0,0,0
0,0.000801330730935637,0,0,0
0,0.000804297341834109,0,0,0
0,0.00080727469551868,0,0,0
0,0.00081026282911212,0,0,0
0,0.000813261779852277,0,0,0
0,0.000816271585092342,0,0,0
0,0.000819292282301097,0,0,0
0,0.000822323909063178,0,0,0
0,0.000825366503079332,0,0,0
0,0.000828420102166668,0,0,0
0,0.000831484744258916,0,0,0
0,0.000834560467406687,0,0,0
0,0.000837647309777722,0,0,0
0,0.000840745309657151,0,0,0
0,0.000843854505447748,0,0,0
0,0.000846974935670184,0,0,0
0,0.000850106638963283,0,0,0
0,0.000853249654084276,0,0,0
0,0.000856404019909056,0,0,0
0,0.000859569775432426,0,0,0
0,0.000862746959768359,0,0,0
0,0.000865935612150247,0,0,0
0,0.000869135771931154,0,0,0
0,0.000872347478584071,0,0,0
0,0.000875570771702159,0,0,0
0,0.000878805690999011,0,0,0
0,0.000882052276308897,0,0,0
0,0.000885310567587016,0,0,0
0,0.000888580604909743,0,0,0
0,0.000891862428474882,0,0,0
0,0.000895156078601916,0,0,0
0,0.000898461595732252,0,0,0
0,0.000901779020429471,0,0,0
0,0.000905108393379579,0,0,0
0,0.000908449755391245,0,0,0
0,0.00091180314739606,0,0,0
0,0.000915168610448773,0,0,0
0,0.000918546185727543,0,0,0
0,0.000921935914534184,0,0,0
0,0.000925337838294402,0,0,0
0,0.00092875199855805,0,0,0
0,0.000932178436999366,0,0,0
0,0.000935617195417214,0,0,0
0,0.000939068315735333,0,0,0
0,0.00094253184000257,0,0,0
0,0.000946007810393132,0,0,0
0,0.000949496269206815,0,0,0
0,0.000952997258869255,0,0,0
0,0.000956510821932158,0,0,0
0,0.000960037001073545,0,0,0
0,0.000963575839097989,0,0,0
0,0.000967127378936848,0,0,0
0,0.00097069166364851,0,0,0
0,0.000974268736418619,0,0,0
0,0.000977858640560318,0,0,0
0,0.000981461419514482,0,0,0
0,0.00098507711684995,0,0,0
0,0.000988705776263758,0,0,0
0,0.000992347441581373,0,0,0
0,0.000996002156756923,0,0,0
0,0.000999669965873432,0,0,0
0,0.00100335091314304,0,0,0
0,0.00100704504290725,0,0,0
0,0.00101075239963714,0,0,0
0,0.00101447302793359,0,0,0
0,0.00101820697252752,0,0,0
0,0.0010219542782801,0,0,0
0,0.00102571499018302,0,0,0
0,0.00102948915335863,0,0,0
0,0.00103327681306025,0,0,0
0,0.00103707801467234,0,0,0
0,0.00104089280371074,0,0,0
0,0.00104472122582288,0,0,0
0,0.00104856332678801,0,0,0
0,0.00105241915251743,0,0,0
0,0.00105628874905466,0,0,0
0,0.00106017216257572,0,0,0
0,0.00106406943938929,0,0,0
0,0.00106798062593697,0,0,0
0,0.00107190576879345,0,0,0
0,0.00107584491466676,0,0,0
0,0.00107979811039847,0,0,0
0,0.00108376540296387,0,0,0
0,0.00108774683947223,0,0,0
0,0.00109174246716698,0,0,0
0,0.0010957523334259,0,0,0
0,0.00109977648576137,0,0,0
0,0.00110381497182054,0,0,0
0,0.00110786783938554,0,0,0
0,0.00111193513637369,0,0,0
0,0.00111601691083769,0,0,0
0,0.00112011321096584,0,0,0
0,0.00112422408508221,0,0,0
0,0.00112834958164685,0,0,0
0,0.00113248974925602,0,0,0
0,0.00113664463664231,0,0,0
0,0.0011408142926749,0,0,0
0,0.00114499876635973,0,0,0
0,0.00114919810683968,0,0,0
0,0.00115341236339476,0,0,0
0,0.00115764158544234,0,0,0
0,0.00116188582253726,0,0,0
0,0.0011661451243721,0,0,0
0,0.00117041954077728,0,0,0
0,0.00117470912172133,0,0,0
0,0.00117901391731099,0,0,0
0,0.00118333397779143,0,0,0
0,0.00118766935354644,0,0,0
0,0.00119202009509858,0,0,0
0,0.00119638625310936,0,0,0
0,0.00120076787837943,0,0,0
0,0.00120516502184873,0,0,0
0,0.00120957773459666,0,0,0
0,0.00121400606784228,0,0,0
0,0.00121845007294445,0,0,0
0,0.00122290980140199,0,0,0
0,0.00122738530485386,0,0,0
0,0.00123187663507933,0,0,0
0,0.00123638384399811,0,0,0
0,0.00124090698367053,0,0,0
0,0.0012454461062977,0,0,0
0,0.00125000126422165,0,0,0
0,0.0012545725099255,0,0,0
0,0.0012591598960336,0,0,0
0,0.00126376347531167,0,0,0
0,0.001268383300667,0,0,0
0,0.0012730194251485,0,0,0
0,0.00127767190194696,0,0,0
0,0.00128234078439509,0,0,0
0,0.00128702612596774,0,0,0
0,0.00129172798028197,0,0,0
0,0.00129644640109724,0,0,0
0,0.00130118144231553,0,0,0
0,0.00130593315798146,0,0,0
0,0.00131070160228242,0,0,0
0,0.00131548682954871,0,0,0
0,0.00132028889425369,0,0,0
0,0.00132510785101384,0,0,0
0,0.00132994375458894,0,0,0
0,0.00133479665988219,0,0,0
0,0.00133966662194026,0,0,0
0,0.00134455369595351,0,0,0
0,0.00134945793725602,0,0,0
0,0.00135437940132573,0,0,0
0,0.00135931814378456,0,0,0
0,0.00136427422039852,0,0,0
0,0.00136924768707777,0,0,0
0,0.00137423859987679,0,0,0
0,0.00137924701499443,0,0,0
0,0.00138427298877402,0,0,0
0,0.00138931657770348,0,0,0
0,0.00139437783841541,0,0,0
0,0.00139945682768717,0,0,0
0,0.00140455360244095,0,0,0
0,0.00140966821974391,0,0,0
0,0.00141480073680822,0,0,0
0,0.00141995121099116,0,0,0
0,0.00142511969979519,0,0,0
0,0.00143030626086802,0,0,0
0,0.0014355109520027,0,0,0
0,0.00144073383113769,0,0,0
0,0.00144597495635691,0,0,0
0,0.00145123438588982,0,0,0
0,0.0014565121781115,0,0,0
0,0.00146180839154265,0,0,0
0,0.00146712308484973,0,0,0
0,0.00147245631684495,0,0,0
0,0.00147780814648635,0,0,0
0,0.00148317863287785,0,0,0
0,0.00148856783526928,0,0,0
0,0.00149397581305645,0,0,0
0,0.00149940262578116,0,0,0
0,0.00150484833313128,0,0,0
0,0.00151031299494072,0,0,0
0,0.00151579667118954,0,0,0
0,0.00152129942200392,0,0,0
0,0.00152682130765621,0,0,0
0,0.00153236238856494,0,0,0
0,0.00153792272529488,0,0,0
0,0.00154350237855699,0,0,0
0,0.00154910140920849,0,0,0
0,0.00155471987825286,0,0,0
0,0.00156035784683983,0,0,0
0,0.00156601537626538,0,0,0
0,0.00157169252797178,0,0,0
0,0.00157738936354756,0,0,0
0,0.00158310594472748,0,0,0
0,0.0015888423333926,0,0,0
0,0.00159459859157016,0,0,0
0,0.00160037478143367,0,0,0
0,0.00160617096530283,0,0,0
0,0.00161198720564352,0,0,0
0,0.00161782356506777,0,0,0
0,0.00162368010633376,0,0,0
0,0.00162955689234574,0,0,0
0,0.00163545398615405,0,0,0
0,0.00164137145095503,0,0,0
0,0.001647309350091,0,0,0
0,0.00165326774705024,0,0,0
0,0.00165924670546687,0,0,0
0,0.00166524628912087,0,0,0
0,0.00167126656193798,0,0,0
0,0.00167730758798967,0,0,0
0,0.00168336943149301,0,0,0
0,0.0016894521568107,0,0,0
0,0.00169555582845092,0,0,0
0,0.00170168051106727,0,0,0
0,0.00170782626945871,0,0,0
0,0.00171399316856947,0,0,0
0,0.00172018127348895,0,0,0
0,0.00172639064945163,0,0,0
0,0.00173262136183699,0,0,0
0,0.00173887347616939,0,0,0
0,0.00174514705811799,0,0,0
0,0.0017514421734966,0,0,0
0,0.00175775888826363,0,0,0
0,0.00176409726852191,0,0,0
0,0.00177045738051863,0,0,0
0,0.00177683929064514,0,0,0
0,0.00178324306543692,0,0,0
0,0.00178966877157334,0,0,0
0,0.00179611647587762,0,0,0
0,0.00180258624531661,0,0,0
0,0.0018090781470007,0,0,0
0,0.00181559224818363,0,0,0
0,0.00182212861626237,0,0,0
0,0.00182868731877694,0,0,0
0,0.00183526842341023,0,0,0
0,0.00184187199798788,0,0,0
0,0.00184849811047805,0,0,0
0,0.00185514682899129,0,0,0
0,0.00186181822178033,0,0,0
0,0.00186851235723992,0,0,0
0,0.00187522930390659,0,0,0
0,0.0018819691304585,0,0,0
0,0.00188873190571524,0,0,0
0,0.00189551769863757,0,0,0
0,0.00190232657832729,0,0,0
0,0.00190915861402695,0,0,0
0,0.00191601387511968,0,0,0
0,0.00192289243112893,0,0,0
0,0.00192979435171827,0,0,0
0,0.00193671970669115,0,0,0
0,0.00194366856599063,0,0,0
0,0.00195064099969916,0,0,0
0,0.00195763707803834,0,0,0
0,0.00196465687136864,0,0,0
0,0.00197170045018915,0,0,0
0,0.00197876788513731,0,0,0
0,0.00198585924698865,0,0,0
0,0.00199297460665652,0,0,0
0,0.00200011403519176,0,0,0
0,0.00200727760378248,0,0,0
0,0.00201446538375371,0,0,0
0,0.00202167744656715,0,0,0
0,0.00202891386382084,0,0,0
0,0.00203617470724884,0,0,0
0,0.00204346004872095,0,0,0
0,0.00205076996024237,0,0,0
0,0.00205810451395335,0,0,0
0,0.00206546378212893,0,0,0
0,0.00207284783717853,0,0,0
0,0.00208025675164563,0,0,0
0,0.00208769059820745,0,0,0
0,0.00209514944967457,0,0,0
0,0.00210263337899055,0,0,0
0,0.00211014245923163,0,0,0
0,0.00211767676360628,0,0,0
0,0.00212523636545488,0,0,0
0,0.00213282133824931,0,0,0
0,0.00214043175559257,0,0,0
0,0.00214806769121839,0,0,0
0,0.0021557292189908,0,0,0
0,0.00216341641290376,0,0,0
0,0.00217112934708073,0,0,0
0,0.00217886809577423,0,0,0
0,0.00218663273336546,0,0,0
0,0.00219442333436381,0,0,0
0,0.00220223997340649,0,0,0
0,0.002210082725258,0,0,0
0,0.00221795166480978,0,0,0
0,0.00222584686707964,0,0,0
0,0.0022337684072114,0,0,0
0,0.00224171636047435,0,0,0
0,0.00224969080226279,0,0,0
0,0.00225769180809557,0,0,0
0,0.00226571945361556,0,0,0
0,0.0022737738145892,0,0,0
0,0.00228185496690593,0,0,0
0,0.00228996298657776,0,0,0
0,0.00229809794973868,0,0,0
0,0.00230625993264419,0,0,0
0,0.00231444901167074,0,0,0
0,0.00232266526331518,0,0,0
0,0.00233090876419425,0,0,0
0,0.00233917959104402,0,0,0
0,0.00234747782071932,0,0,0
0,0.00235580353019315,0,0,0
0,0.00236415679655616,0,0,0
0,0.00237253769701605,0,0,0
0,0.00238094630889696,0,0,0
0,0.0023893827096389,0,0,0
0,0.00239784697679713,0,0,0
0,0.00240633918804159,0,0,0
0,0.00241485942115622,0,0,0
0,0.0024234077540384,0,0,0
0,0.00243198426469829,0,0,0
0,0.00244058903125818,0,0,0
0,0.00244922213195186,0,0,0
0,0.00245788364512396,0,0,0
0,0.00246657364922932,0,0,0
0,0.00247529222283226,0,0,0
0,0.00248403944460597,0,0,0
0,0.00249281539333176,0,0,0
0,0.00250162014789843,0,0,0
0,0.00251045378730154,0,0,0
0,0.0025193163906427,0,0,0
0,0.00252820803712887,0,0,0
0,0.00253712880607161,0,0,0
0,0.00254607877688639,0,0,0
0,0.00255505802909183,0,0,0
0,0.00256406664230894,0,0,0
0,0.00257310469626039,0,0,0
0,0.00258217227076973,0,0,0
0,0.00259126944576062,0,0,0
0,0.00260039630125608,0,0,0
0,0.00260955291737764,0,0,0
0,0.00261873937434462,0,0,0
0,0.00262795575247328,0,0,0
0,0.002637202132176,0,0,0
0,0.00264647859396051,0,0,0
0,0.002655785218429,0,0,0
0,0.00266512208627733,0,0,0
0,0.00267448927829416,0,0,0
0,0.00268388687536009,0,0,0
0,0.00269331495844685,0,0,0
0,0.00270277360861634,0,0,0
0,0.00271226290701982,0,0,0
0,0.00272178293489702,0,0,0
0,0.00273133377357518,0,0,0
0,0.00274091550446823,0,0,0
0,0.00275052820907581,0,0,0
0,0.00276017196898236,0,0,0
0,0.00276984686585623,0,0,0
0,0.00277955298144866,0,0,0
0,0.00278929039759291,0,0,0
0,0.00279905919620325,0,0,0
0,0.00280885945927403,0,0,0
0,0.00281869126887864,0,0,0
0,0.00282855470716859,0,0,0
0,0.00283844985637249,0,0,0
0,0.00284837679879504,0,0,0
0,0.00285833561681601,0,0,0
0,0.00286832639288923,0,0,0
0,0.00287834920954156,0,0,0
0,0.00288840414937185,0,0,0
0,0.00289849129504985,0,0,0
0,0.00290861072931523,0,0,0
0,0.0029187625349764,0,0,0
0,0.00292894679490955,0,0,0
0,0.00293916359205746,0,0,0
0,0.00294941300942846,0,0,0
0,0.00295969513009531,0,0,0
0,0.00297001003719408,0,0,0
0,0.00298035781392048,0,0,0
0,0.00299073854354135,0,0,0
0,0.00300115230936997,0,0,0
0,0.00301159919478593,0,0,0
0,0.0030220792832239,0,0,0
0,0.00303259265817577,0,0,0
0,0.00304313940318865,0,0,0
0,0.00305371960186365,0,0,0
0,0.00306433333785471,0,0,0
0,0.00307498069486736,0,0,0
0,0.00308566175665748,0,0,0
0,0.0030963766070301,0,0,0
0,0.00310712532983812,0,0,0
0,0.0031179080089811,0,0,0
0,0.00312872472840392,0,0,0
0,0.00313957557209557,0,0,0
0,0.00315046062408783,0,0,0
0,0.003161379968454,0,0,0
0,0.00317233368930756,0,0,0
0,0.00318332187080087,0,0,0
0,0.00319434459712382,0,0,0
0,0.00320540195250255,0,0,0
0,0.00321649402119802,0,0,0
0,0.00322762088750472,0,0,0
0,0.00323878263574927,0,0,0
0,0.00324997935028901,0,0,0
0,0.00326121111551069,0,0,0
0,0.00327247801582897,0,0,0
0,0.0032837801356851,0,0,0
0,0.00329511755954541,0,0,0
0,0.00330649037189996,0,0,0
0,0.00331789865726102,0,0,0
0,0.00332934250016169,0,0,0
0,0.00334082198515435,0,0,0
0,0.00335233719680926,0,0,0
0,0.00336388821971304,0,0,0
0,0.00337547513846714,0,0,0
0,0.00338709803768641,0,0,0
0,0.00339875700199749,0,0,0
0,0.00341045211603735,0,0,0
0,0.0034221834644517,0,0,0
0,0.00343395113189348,0,0,0
0,0.00344575520302123,0,0,0
0,0.00345759576249761,0,0,0
0,0.00346947289498772,0,0,0
0,0.00348138668515756,0,0,0
0,0.0034933372176724,0,0,0
0,0.00350532457719515,0,0,0
0,0.00351734884838478,0,0,0
0,0.00352941011589461,0,0,0
0,0.00354150846437069,0,0,0
0,0.00355364397845014,0,0,0
0,0.00356581674275947,0,0,0
0,0.00357802684191288,0,0,0
0,0.00359027436051058,0,0,0
0,0.00360255938313707,0,0,0
0,0.0036148819943594,0,0,0
0,0.00362724227872549,0,0,0
0,0.00363964032076232,0,0,0
0,0.00365207620497423,0,0,0
0,0.0036645500158411,0,0,0
0,0.00367706183781664,0,0,0
0,0.00368961175532653,0,0,0
0,0.00370219985276665,0,0,0
0,0.00371482621450128,0,0,0
0,0.00372749092486125,0,0,0
0,0.00374019406814211,0,0,0
0,0.00375293572860229,0,0,0
0,0.00376571599046124,0,0,0
0,0.00377853493789755,0,0,0
0,0.00379139265504706,0,0,0
0,0.003804289226001,0,0,0
0,0.00381722473480405,0,0,0
0,0.00383019926545242,0,0,0
0,0.00384321290189194,0,0,0
0,0.00385626572801611,0,0,0
0,0.00386935782766416,0,0,0
0,0.00388248928461905,0,0,0
0,0.00389566018260554,0,0,0
0,0.00390887060528816,0,0,0
0,0.00392212063626922,0,0,0
0,0.00393541035908683,0,0,0
0,0.00394873985721282,0,0,0
0,0.00396210921405076,0,0,0
0,0.00397551851293388,0,0,0
0,0.003988967837123,0,0,0
0,0.00400245726980449,0,0,0
0,0.00401598689408819,0,0,0
0,0.00402955679300527,0,0,0
0,0.00404316704950616,0,0,0
0,0.00405681774645842,0,0,0
0,0.00407050896664462,0,0,0
0,0.00408424079276019,0,0,0
0,0.00409801330741125,0,0,0
0,0.00411182659311246,0,0,0
0,0.00412568073228486,0,0,0
0,0.00413957580725363,0,0,0
0,0.00415351190024596,0,0,0
0,0.00416748909338875,0,0,0
0,0.00418150746870644,0,0,0
0,0.00419556710811878,0,0,0
0,0.00420966809343854,0,0,0
0,0.00422381050636929,0,0,0
0,0.00423799442850309,0,0,0
0,0.00425221994131821,0,0,0
0,0.00426648712617688,0,0,0
0,0.00428079606432291,0,0,0
0,0.00429514683687943,0,0,0
0,0.00430953952484653,0,0,0
0,0.00432397420909889,0,0,0
0,0.00433845097038347,0,0,0
0,0.00435296988931714,0,0,0
0,0.00436753104638425,0,0,0
0,0.00438213452193431,0,0,0
0,0.0043967803961795,0,0,0
0,0.00441146874919233,0,0,0
0,0.0044261996609032,0,0,0
0,0.00444097321109792,0,0,0
0,0.0044557894794153,0,0,0
0,0.00447064854534466,0,0,0
0,0.00448555048822338,0,0,0
0,0.0045004953872344,0,0,0
0,0.00451548332140373,0,0,0
0,0.00453051436959794,0,0,0
0,0.00454558861052163,0,0,0
0,0.00456070612271489,0,0,0
0,0.0045758669845508,0,0,0
0,0.00459107127423283,0,0,0
0,0.00460631906979228,0,0,0
0,0.00462161044908571,0,0,0
0,0.00463694548979237,0,0,0
0,0.00465232426941156,0,0,0
0,0.00466774686526002,0,0,0
0,0.00468321335446935,0,0,0
0,0.00469872381398331,0,0,0
0,0.00471427832055525,0,0,0
0,0.00472987695074537,0,0,0
0,0.0047455197809181,0,0,0
0,0.00476120688723941,0,0,0
0,0.00477693834567411,0,0,0
0,0.00479271423198315,0,0,0
0,0.00480853462172091,0,0,0
0,0.00482439959023248,0,0,0
0,0.00484030921265089,0,0,0
0,0.00485626356389439,0,0,0
0,0.0048722627186637,0,0,0
0,0.00488830675143922,0,0,0
0,0.00490439573647825,0,0,0
