time_index,V1,V2,V3
0,-0.00428447053548664,-0.06697163668370919,-0.08540090554210962
1,-0.09440804606554516,-0.11027861499008965,0.03602501966396922
2,0.047632290132769865,-0.21141620057038918,0.011438690841893653
3,0.04287793645719547,-0.053929911588172556,-0.02134086120747517
4,0.021851655814360854,0.014665164937735434,-0.07899997380619819
5,-0.03557186847253252,0.022733352589867598,-0.0016224740391155845
6,0.005834126463975381,0.04952510178385203,-0.07723282453810476
7,-0.007943322538030368,-0.010638945095788756,-0.036585428749451004
8,0.04536539630555384,0.056007152450954195,-0.07890285297662214
9,-0.12023373507343534,0.057325284957621514,0.06539727618907587
10,0.12964900116452327,-0.0909083252056772,-0.172675413225501
11,0.016082620570912733,0.04564805766401278,0.08355461392794028
12,-0.08808733715437345,0.07951513128949557,0.0064490977527186105
13,0.06750322060557325,-0.005665491388269522,-0.031508986471906586
14,0.05845401104813482,0.07879366079741212,-0.034247042702268984
15,-0.10714004223915498,0.04293226530144609,0.08547205026181637
16,0.00661233456959328,-0.1471548483228907,0.0389612270079146
17,0.044261922770325084,0.06265235940816444,0.02089062452385279
18,0.047992759648861946,-0.0005805793877928789,-0.12001327045392512
19,-0.06808300934076145,0.08788284365243595,0.08121219954478305
20,-0.05754369821933134,0.037828359973065634,0.06789292285945281
21,0.021697993020282032,0.00040903874954868746,-0.10591310468291484
22,-0.0015077280744173471,0.08396189261660653,0.0578535426594025
23,0.0022386998663372908,-0.04959538442652814,0.01096524384022031
24,-0.09386395779569764,0.05318198426030351,0.15202856311037435
25,0.019782083633702843,0.005810078605619121,0.005225138969742485
26,-0.07984397439326109,0.06731025786446808,0.07694731791655056
27,0.04662195510759491,-0.13485558580730878,-0.12774770017074805
28,-0.07553576407411362,-0.09246440484103416,0.1851614557384269
29,0.09918231767623542,-0.13149880449977336,-0.12608267557111733
30,-0.0915146598450825,-0.03367705387463713,0.15339047516995075
31,0.08018367132596532,-0.19187463949969158,-0.11445733994310738
32,0.04180461165195313,-0.05685625904043354,0.033918299120639706
33,-0.03975307153010385,0.08285788305114508,0.06316833748216306
34,0.07516229756337059,-0.050247778009217293,-0.11270423633717377
35,-0.09836092298153638,0.04737316020417945,0.1238158656745002
36,0.0030819080168753565,-0.08997211920694412,-0.10019758571993274
37,-0.09332151518620305,-0.04903330520323502,0.1863905468010883
38,0.13750040671932068,-0.1868470779665608,-0.30816905773822445
39,0.022317061307861152,0.022602022676325807,0.18741905116225177
40,0.007112526179176721,-0.051527654365729314,-0.13113006860345178
41,0.06184205581664903,-0.05548097017681501,-0.04498324578791369
42,-0.014458120573128954,0.061326308448246374,0.02018677356706154
43,0.0434444480536052,0.05766269781487475,-0.013548506180959367
44,-0.1100100795936806,0.1531589029775608,0.19235828776322364
45,-0.04813758208135952,-0.030042943911299226,-0.11442841340998455
46,0.051394264183843345,-0.11783141075417036,0.10194388282389184
47,-0.043508254476227456,0.06099088093996079,-0.09974087575230191
48,0.11959278746973326,-0.10594550454304062,-0.11135697616778167
49,0.02859555556647985,0.10385262007834876,-0.0010503277846482945
50,-0.09286897957450524,-0.016393620296434472,0.06878559810864043
51,0.1200516179310514,-0.1808363286427372,-0.18312178604617113
52,-0.13800880671952678,0.15867652774592825,0.19353786817906798
53,-0.015467933605836703,-0.06901925952313989,-0.08895775444977667
54,-0.046306784326305264,-0.011655273178986503,0.10090268947121458
55,0.0014134219881252047,0.04762334382859952,-0.09514561414269995
56,0.06989978495512679,0.0839848770768906,-0.029294397488980713
57,0.06079469953225225,0.07990125850122383,0.030924245875545806
58,0.008716964667670236,-0.01189036159493033,-0.12194987491287028
59,0.07218381073129859,-0.061954420929555595,-0.007807031816406129
60,-0.01917306798506701,-0.012272207055440298,0.060520479220065135
61,0.03891943787868546,-0.01967569346672351,0.031280178237686376
62,0.02847753008398573,0.10194218267058473,-0.010716011298782531
63,-0.0001333938827170738,0.14311894466965114,0.03569758127246981
64,0.03739416921483932,0.06434100271329288,-0.05795721102607424
65,0.0030201885310701566,0.016451580290598587,0.11085424442953602
66,-0.06868679857020225,-0.04507979895514338,-0.017805787587070493
67,-0.03851593360959306,0.011219991272870364,0.08955082990103178
68,0.09201611605200613,0.052854388898214325,-0.14911150864950218
69,0.037332067898551945,0.11959928420649711,0.10222962136485875
70,-0.06301867232440511,0.15525405404239295,0.05675544001921428
71,0.08803250624746697,0.05946522396653253,-0.18631349316739054
72,-0.06698761653805348,0.13014760649489207,0.1984328553003163
73,0.04724916203284024,0.03988832561977492,-0.21947726044862226
74,-0.07760725836428786,0.022396864998106704,0.2676586188100391
75,0.035848609627953464,0.020265432477025322,-0.2564011525236226
76,0.007166874186895496,0.09300298467091428,0.11448147267787902
77,0.08709727282490455,0.11615604041188575,-0.12208935152773598
78,0.007861022161239906,0.04335905107856511,0.0815717926759277
79,-0.01872056460815111,0.07361128279128103,0.030293289392546476
80,-0.010313634302336493,-0.04785064414585706,-0.0685114747028189
81,0.04325942142712152,0.04579002029445934,0.053421806981000346
82,-0.09910858770300765,0.0994204467628428,0.08142863654072835
83,0.02026255018796222,-0.026328149670543977,-0.09697512224167247
84,0.02924365513742721,0.05196782789843713,-0.004238927980203207
85,0.043584698301923144,0.01582040326784598,-0.016798216830377254
86,0.06624703685792827,0.10030755537759393,-0.07080641847046107
87,-0.040009539630246414,0.017553539655169453,0.15617460336318673
88,-0.0750562655151563,-0.07420538258967643,-0.09167122442559505
89,-0.026990724531632607,-0.17775250393057146,-0.029042148059466935
90,0.05936691472941043,-0.14460359575642315,-0.04717391216267338
91,-0.019158458387517667,0.07886560361902256,0.06696794643650175
92,0.018353070237541978,-0.012020830800673926,0.00716226717575319
93,0.057779860553982064,0.08504207076540989,0.03722210359694936
94,0.004575814802574657,0.08860161846889397,-0.010525401192495912
95,-0.05206452631233992,-0.01854934416005603,0.017563920798815708
96,-0.01411506903963589,-0.11455574988204054,-0.06046052247312118
97,-0.034854143219130676,-0.018273724120055235,0.1308887447231314
98,0.02947879450958044,-0.11555219349893277,-0.06105453916080603
99,-0.10841684827602997,-0.001739019215245166,0.17189004766744895
100,0.006425469018352142,-0.18488779336597622,-0.12039435044938376
101,-0.01978936670144288,0.004246821444918426,0.12218015474928162
102,-0.07512155963465303,0.04413157002274254,-0.052111429016251085
103,0.024363707662936586,0.0037172810906760043,0.006923432654439125
104,0.03940676387812154,0.025258564037032093,0.01550719538379218
105,-0.11060369857323381,-0.0284975422129016,0.11706732855000557
106,0.019461489826124674,-0.13344944276022508,0.005580782984929755
107,-0.003986869979582285,-0.07507763200383566,-0.07715029656929899
108,0.027701860173622098,-0.012405799896429329,0.11482300682289086
109,0.025505994135018827,-0.07288369837872788,-0.1425964187189941
110,0.020406866338955464,0.03247650002651746,-0.03730839070062843
111,-0.06821742433343277,0.04140119567927325,0.08480866214547936
112,0.03452362856365798,-0.06636346050606076,-0.01948445505946339
113,-0.008284518487026512,-0.04355864852213689,-0.06490505473779107
114,0.05481327754743949,-0.0998996568489462,0.07469780100756945
115,-0.0799560817567957,-0.0375952073409193,0.05732914886818671
116,-0.03259909338633959,-0.14509817990928342,0.0679489692499196
117,0.054900334752008,-0.041775752271145536,-0.1078974787308175
118,-0.09311623976152819,-0.02811025264225034,0.06314525286534219
119,-0.04936160460982073,-0.10555177791657079,-0.03360167023533437
120,-0.053127824546049265,-0.020104095754748356,0.06412148975387769
121,0.01035610330234823,-0.1547890971744152,-0.041823231989234974
122,-0.023172958770475895,-0.04575137161608235,0.0733222134086472
123,-0.07390048765301206,-0.09858509393357509,0.10096982140173924
124,0.052957620900581176,-0.08324989131306457,-0.005434324381640918
125,-0.004024951089894837,-0.02875208784011281,-0.04648844418766611
126,-0.04779746432143502,-0.0006633203079517858,0.004632383524670783
127,0.08547545691991601,0.0017164903218121405,-0.15210085373157944
128,0.052963224453220936,0.034868194509134164,0.13362225678984302
129,-0.0352658010067707,0.09720301165962293,0.00852455521500508
130,0.08343191392661764,-0.022274760028460072,-0.03321283557440003
131,0.023505000000405847,0.041891950502853735,-0.08582895890718754
132,0.045637024860993684,0.1320752007384961,0.08240842240686265
133,-0.07712554904680494,0.016368542156606103,0.015930033795278905
134,-0.05543621636198728,-0.00917048089681402,0.01699919788682017
135,0.07343545530341249,-0.03209756830361827,0.020378564416662276
136,-0.08939307856805723,0.06732280166703107,0.16153356409855785
137,0.07475254318847827,-0.11744997789203773,-0.21905524625131295
138,0.020813690643229667,-0.021453320684809582,0.11671177981829572
139,-0.09843276463747581,0.003561224990137387,-0.045782254807395145
140,0.0177959978808312,-0.1875357841592734,-0.035235640999650174
141,0.08675614167164658,-0.01802618716512849,-0.10617938356912965
142,-0.13370598876187467,-0.011766890288860646,0.15836323259600424
143,-0.022401507000833723,-0.0755368483168936,-0.13918746154100614
144,-0.021266364596461106,-0.08978731332009585,0.13590462247821383
145,-0.07461955634028425,-0.13590708312265232,0.07898815664275902
146,-0.010508267124897504,-0.08094077910653419,-0.03735439869215798
147,0.06234190700425546,-0.1295717501627166,-0.09982591192168568
148,0.05652779329685807,0.06561214117296849,-0.063947732433678
149,-0.04933860535156823,0.03567309802870198,0.05562542883509037
150,0.042160423648347184,-0.11697197948637572,-0.020045334439820407
151,0.07947315062669372,-0.05272367243351482,0.04057621086088946
152,-0.08538287612500398,0.057634705676930575,0.11353574679177639
153,0.011592638706990656,-0.12756089660322167,-0.09793963412488497
154,-0.07315897335121217,-0.10499517620238932,0.10319072370454518
155,0.08622465370805622,-0.13691272331529597,-0.10033783297176765
156,0.009747189868555745,0.0071045987665186786,0.11677629552021579
157,-0.05165138025491189,-0.0469832747182594,0.026972932578985233
158,0.06157207895776495,-0.07290303648548312,-0.05686611553713578
159,0.05065062368620122,-0.012379806316056584,-0.00951721657073145
160,-0.04573745880125202,0.0375172792755707,0.12409448128644993
161,-0.06871547449020769,0.05533774036437117,0.06743209001096517
162,-0.017816528662252896,0.04036526870409247,0.06086635699767166
163,0.0023348418210948733,-0.08368418875309008,-0.058152302534525066
164,-0.0636536199620075,-0.053470483007937636,0.10566674628110292
165,0.11987861976752799,-0.01095067535033728,-0.19736658947719576
166,-0.1261137664601897,0.06623895268776311,0.289327206821135
167,-0.007848046714949437,-0.009553537201273513,-0.24093999972066865
168,-0.007173084797507922,0.03717701446762205,0.13507981605806857
169,-0.09604050520185939,0.028869714355013412,-0.04961341511551229
170,0.13569685815489457,-0.0015342700786831892,-0.14426001767388108
171,-0.0442837706461168,0.04812605006074169,0.07475343731775384
172,0.02647044103143673,0.023614740555792924,-0.03925362072325017
173,0.05700787047870081,0.012480588089763059,0.05228358243453025
174,-0.09815285000315666,0.0855937226957489,0.12141502570266628
175,-0.024304854607211906,-0.16735647140425963,-0.051108607392515853
176,-0.02630065256272912,-0.053316428104028216,0.0165732648663545
177,0.003861469000095187,0.018566821534556216,-0.09266357316442093
178,-0.009942203320591307,-0.0026945316041272344,0.08876015534699791
179,-0.016659044700986298,0.020977158055573084,-0.037124341814028156
180,0.03754964498692816,-0.07259749082778409,0.08101595620547519
181,0.08135589257022534,0.023397365564110713,-0.07598305896072385
182,-0.03245446364098332,-0.01580620055810486,0.05604845847451842
183,-0.005489045995187569,0.00261986264130408,0.004977618025398124
184,-0.06063145625757277,0.051237217266585075,0.07115456599397482
185,-0.023749386894013274,-0.027744044102769323,-0.043641661779219326
186,0.012971025962614678,-0.09697852725331106,0.07644206911407368
187,-0.08245300190459805,0.06709226604461652,0.08301143334356618
188,0.07786926094093999,-0.02406412030652221,-0.14129328145735914
189,-0.12340944259842607,-0.007761208459493782,0.09914303850490572
190,0.030226724000814456,-0.10721815922581082,-0.12532906259481497
191,-0.09192610871987493,-0.07436700743801367,0.19860890930743919
192,0.004051734577962492,-0.17895614059707685,-0.15227587786659177
193,0.026695318152177242,0.04880873300388619,0.027129804632912112
194,0.033591314037598546,0.01133636352243788,-0.13739288888385615
195,-0.01894858960369858,0.12191587849725327,0.12675840114990572
196,0.02228725654036517,0.1087131909095463,-0.019858849126944272
197,-0.04602495718084897,0.04247053773007729,0.0668191757434953
198,-0.05857871149748109,-0.027706733188623066,0.10663433987421006
199,0.03630126181541998,-0.15164230346272525,-0.0744497929712484
200,-0.09162227025241586,-0.08893873989042281,0.04459642307787347
201,-0.010945393502759151,-0.2043437685801252,0.04433299591482195
202,-0.06199121380749129,-0.14043208064326484,0.019847018341473344
203,0.12001487087611024,-0.1504483625160295,-0.010787826532332623
204,-0.09605664120080612,0.09829108206252936,0.1809454490003299
205,0.05941566934837616,0.0002554254212637219,-0.14087968746165827
206,-0.08363883147244025,0.028851222563600395,0.22341425696182282
207,0.09822706164820091,-0.01932576519504281,-0.28514773409427363
208,0.005054055426183826,0.15918147089366064,0.18035690745317678
209,0.04901939179795176,0.08644637260843019,-0.14188974125936626
210,0.0751284560877397,0.008594216822889786,-0.08560984862388786
211,0.0541044494557178,-0.02004375698983374,-0.01797502567271334
212,-0.09424658564819771,0.1047666299433426,0.05225134176402104
213,0.10413077007353788,-0.01727265434570023,-0.08575780845835798
214,0.022319043377500986,0.10526392590148378,-0.06993309950562238
215,-0.012742403921671964,0.05813238383825972,0.11736973105566512
216,-0.06668357442441428,0.056643544416013006,-0.03031509684883003
217,-0.05826002706924212,0.0010252240885873926,-0.007195411487160644
218,0.006754734681995837,-0.1116418241150944,-0.03696861130169024
219,0.0741665263505961,0.018614773548357166,0.03786939073988459
220,-0.12760306627780002,0.10490483387988246,0.0062910031321141285
221,0.003276190727085876,-0.08158029731471998,-0.0016106731783921474
222,-0.07946156556472753,0.004636824235504076,0.018133090737478874
223,0.05567325715920363,-0.07130114335891961,-0.14442044025018658
224,0.032341786914221626,0.003288553570601392,-0.015138744268186163
225,-0.10594698717931335,0.10488727211536031,0.1135269951076785
226,-0.011462533817899204,-0.053278531056989306,-0.09514173514312667
227,0.05815621712415055,-0.07190080082148735,-0.003684477532097716
228,-0.0029320558974124805,-0.022143509871211935,0.04958975277473264
229,0.020241333487406143,0.08632401978486298,-0.07845993650386637
230,-0.09610446211649824,0.1382280446672944,0.11794323597398239
231,-0.01763811957885633,-0.14208765669219625,-0.05885467867624083
232,-0.09164402537930465,-0.06809410420476618,0.19543597930747558
233,-0.04243120917663817,-0.1580219866007768,-0.107237884155272
234,0.08055627914514356,-0.17392091015092956,-0.0370264411615624
235,0.012472688682632398,-0.040246036655461705,0.05996008747395774
236,0.0113724144191623,-0.03429267571624924,0.05933960766413387
237,-0.08406735372631907,-0.04395585681896372,0.02093208326615548
238,0.12340525003624422,-0.03136225232082644,-0.11782482444336861
239,0.024940922280601747,0.03212116209149159,0.12636394415419375
240,-0.09995199654737676,-0.008370193523488452,-0.07451612594177902
241,0.008487821820496226,-0.04487506921402367,0.1103250888520921
242,0.07616474914619387,0.024746475465345637,-0.1771562063025927
243,0.01970775542378459,0.16149934274246072,0.14771347575494287
244,-0.07857113869215016,0.05016970454648416,-0.037099191456702624
245,0.11275100051773446,0.023763994953829887,-0.13155615984890057
246,-0.10128779776053454,0.16443323894007833,0.11074206798285949
247,-0.040211706656493734,0.02515841856115423,0.06774124995674355
248,0.11541948673880376,-0.07277160436472721,-0.1465990316911459
249,-0.06717577305076163,-0.006160244609135071,0.18289653252664623
250,0.02045512833871866,-0.02236707886465989,-0.19884795696803914
251,0.024508500487703436,-0.036234074735060705,-0.004859359714248154
252,0.024083065632349868,-0.004886047658184888,0.02981780259862386
253,-0.024721622191475216,0.09764982181943602,-0.0265516604399516
254,-0.05976964190770974,0.013451364338503073,0.06433567898530232
255,0.11936217440872443,-0.14603469800437086,-0.2045545551841561
256,-0.09522153489052904,-0.01578568574865337,0.17095260511918375
257,0.08302818229504604,-0.12415980615868139,-0.0888308477648115
258,-0.032674169785681245,-0.054455085763993445,-0.012147608084310507
259,-0.017887953972987827,-0.04547583537372052,-0.05576636643352979
260,-0.07272066282189052,0.015927084702399515,0.11762796321689652
261,0.017757359242208285,-0.009797614614260194,-0.004246159398769225
262,0.06526268900041338,-0.06690435183919777,-0.06413033106090414
263,-0.01909761924506056,0.03961423016104056,-0.033650920357841424
264,0.027457557702982527,-0.061145354652122,-0.004394754069663398
265,0.04795795824007994,0.0024254246778175875,0.05399883169840605
266,-0.06708296494100066,0.05183769746006828,-0.06450582194255625
267,-0.032173850176582974,-0.1312957417592754,0.0008950772244321059
268,0.08838606614165281,-0.09179652915587808,-0.048800858835807454
269,-0.05646819983768419,0.14633462935225872,0.1603007478030224
270,0.02002479276360404,-0.06023000193712643,-0.13268560258376477
271,-0.0038987765306544688,-0.06017707581452229,0.060124431978582304
272,-0.005621713003799728,-0.0011221349231308221,-0.05094240357793661
273,-0.009865402253666875,-0.020483948956830964,0.10051767920894038
274,0.07752265750026689,0.06227324891496479,-0.14648219833137605
275,-0.07800269285150249,0.14278404047679424,0.11011975473348204
276,0.07942451133237588,0.031576121914736965,-0.17551882794831114
277,-0.10860029667991698,0.08867345905066581,0.2483413075961563
278,-0.0057760343622629065,0.018778983931008617,-0.026277570502425684
279,0.05567552896368818,0.07096159859331856,-0.04280284601857497
280,0.0247726379209107,0.1329396335059106,-0.029418472201866393
281,-0.012015362229398316,0.11672054466051535,0.03987685702236167
282,-0.03968716830472535,-0.07797747647980849,0.06072412934684548
283,5.09539135227742e-05,-0.13094249012308878,-0.07188236193372553
284,-0.08612506818204975,-0.1271798525631922,0.09955911416785479
285,-0.04270368382868546,-0.1332950601196234,0.03025907288826346
286,0.06870572115875292,0.0022238160989836997,-0.055996777199138065
287,-0.13116949220364982,-0.020751834387730664,0.20083891525205821
288,0.10235204870973696,-0.20433327966199344,-0.11352376385284425
289,-0.06607529279169207,-0.002604755529997206,0.04751801281297155
290,-0.04653357673821118,0.017119646834678426,0.05386741550442532
291,0.029218372263373163,-0.016472684433103523,-0.07286923671154587
292,-0.09311265157219248,-0.018936003183397276,0.08367101016905977
293,0.08061576353059094,-0.1147657867753665,-0.1261947301276153
294,-0.02976902181071228,0.048701599670856084,0.019832666722836498
295,0.0671376306522506,0.027863111821214884,-0.07068716431567737
296,-0.12611978474541313,0.06796249860845022,0.13486072755976414
297,0.093420755606207,-0.015097549871826169,-0.04917899999104171
298,-0.0013620679494958307,0.017831654642403938,0.08200649769550955
299,-0.08917200421831394,0.06569410879730693,0.08952759877320629
300,-0.014587513645813649,-0.12973717576879557,-0.04562207609118865
301,0.0021269259975637616,-0.029790968836172653,0.09460330373686426
302,0.053519644630147446,-0.04414268805723861,-0.15007034545054282
303,-0.01702928142700111,0.08366409807131159,0.08281465231103019
304,0.06648224137494174,-0.04509192301409497,-0.13048460050954627
305,-0.09940967959012945,0.007665061700714897,0.08149799789813479
306,0.14416354759717698,-0.007903928384291825,-0.15833227079385648
307,-0.13508660030047703,0.23317087910635526,0.24714284941786024
308,0.07661500358398901,-0.04287671815508015,-0.18252934494395964
309,-0.044040416962772395,0.023346996379425493,0.09248693136826194
310,-0.01058817387775609,-0.13454497113930072,0.057237553625687
311,-0.019848445951204594,-0.12615549753734023,0.08508633343414157
312,0.06362827691360452,-0.13815221349037565,-0.16586011639198522
313,0.015586910135013909,0.04656171559028744,0.1628604000104007
314,-0.094314970865068,-0.022317854713353485,0.077429517943615
315,-0.0014449746906610994,-0.16165159022438907,0.01665224185544959
316,-0.07952922061942748,-0.07471215454620338,0.11605940590577943
317,-0.009414123416413914,-0.16004488841125103,0.011223214493071114
318,-0.04834214440414815,-0.0943111895020667,-0.012633441144335851
319,0.0162328662889896,-0.06584104168530683,0.0011713691286955276
320,0.04230838429777199,-0.09883141851677654,0.06305107598128964
321,-0.009859791220966653,0.07707382592645462,-0.1139948445361467
322,-0.041626991428532344,0.010351158012445185,-0.003185664102657665
323,0.02956532512119966,-0.040261046138975166,0.02124117154432526
324,0.08130901591716835,0.06092284907016083,0.016000630616792494
325,-0.03867114962283164,0.08907879251530776,0.0473694777471917
326,0.05722685595558612,-0.040688434010119526,-0.16796127109309494
327,-0.1183255494534477,0.14172202153885863,0.09854517184420597
328,-0.03781809318503063,-0.12092722048309633,0.07955579591947814
329,-0.07922797216899725,-0.07520347655638852,0.061834254360120494
330,0.05233294660459299,-0.006945655801411807,-0.08106597017121381
331,-0.09503404080657689,-0.01019295311125324,0.20405383362052465
332,0.06498165247454721,-0.04089386471560115,-0.16488498630191806
333,-0.10220190404737714,0.009758609293207245,0.14634106648692616
334,0.10334696050667941,-0.17264382499298492,-0.0747001477384517
335,-0.06755342085006188,0.1370090981626273,0.05346462557341476
336,0.04958866831213568,0.06618320772058167,-0.1432971487338159
337,0.03938383274903114,0.07910004353427029,0.13575895232571392
338,-0.03351535899173314,0.044164048720962135,-0.06671266887775901
339,0.08706678243590814,0.05313330964110391,-0.08045476406670482
340,-0.10243761113157798,0.02706991190662364,0.13231406918891628
341,0.13416143670524516,-0.1767073024138192,-0.18304310814992603
342,-0.12078872080363776,0.12290435264163292,0.09704315787349582
343,0.1553873211328988,-0.012041988778831031,-0.15826636125834312
344,-0.05753785225098758,0.07808722396036415,0.10721050506192152
345,0.02032908537656939,-0.10810905227339547,-0.11003798672830127
346,0.022683485763526405,0.028699132684831784,0.13525407043094942
347,-0.004596214249592804,-0.04396000460915803,0.012083924394552789
348,0.014164093474230257,0.06284292992652306,0.03782003280688959
349,0.09180608606854743,-0.05783075098687943,-0.06823669426978544
350,0.026527347849233544,-0.009237063632788839,0.06561766770524802
351,0.07431809873488213,0.12153502471845266,-0.006566985154592558
352,-0.05530314602538907,0.04355417257671235,-0.02936021139708766
353,-0.032613276732048446,0.0030414438958280623,-0.04048088278015285
354,0.0027181500388476863,-0.08691896003347255,0.1043781326278865
355,-0.08480989783824293,-0.007564840049080427,-0.056219566226248865
356,-0.031337000042592024,-0.08936131966671494,-0.0011570416535663236
357,0.04520350926495222,0.03502124278174162,-0.06364065521064356
358,-0.07191762375746291,-0.04639327316422403,0.0533767008890544
359,-0.011497843453674328,-0.07055536732723727,-0.05035365499916927
360,0.07661187701860073,0.03595374843063863,-0.10881904859977734
361,-0.07514868207550235,0.05624979042722499,0.1381929927580717
362,0.02820953181668164,-0.02981236638678829,-0.09921993715039097
363,-0.0246326771262525,0.02862944019251016,0.13202042309438755
364,0.09422526234134643,0.0639629748015028,-0.04738490721219196
365,0.04685886100992698,0.06643713166752287,0.02940079465840284
366,-0.0635507272318906,0.02138746683732537,-0.049274836927340034
367,0.08497635811765515,-0.10501989741445011,-0.04091097202116896
368,-0.07595257365594918,0.04607504866354378,0.0866513056411286
369,-0.01638758203217313,-0.10684008634145659,-0.008574222400575794
370,0.005003647787109067,0.031202765852518605,-0.0277481457088689
371,-0.09342791720912591,-0.03883508062075594,0.021942967297892663
372,0.009320489285840242,-0.10910703490594699,-0.006696555617249893
373,0.007732495009974343,-0.07063190777975635,0.019762798643954842
374,0.08916014227971487,0.007269813899891373,-0.08643010785048144
375,-0.12552983764128545,-0.007355956349796647,0.15468442546368957
376,-0.024616792650280897,-0.2148718905818002,-0.11169404541438561
377,-0.07337609065423445,-0.1429193209606007,0.11667943371262511
378,-0.00807096766076583,-0.11700991703804216,-0.14869263521591222
379,-0.05924371813595775,-0.13721168259709945,0.1678955182743125
380,-0.0329200426196504,-0.03741633480554045,0.03181733702407719
381,-0.04555011956960012,-0.09605369069866174,0.02034884429828783
382,-0.04705673319167268,-0.05550855247035209,0.07996621809859338
383,0.10097934457883573,-0.03757169454752008,-0.049958928758195964
384,0.022041922595022453,0.08601661061780615,0.04788359875587524
385,0.05066235514447594,0.0010427147173492912,-0.07970502267680407
386,-0.07797456076094775,0.10675800807434381,0.00949148194947061
387,0.06902619906959019,-0.02193716206939373,-0.09735417402998173
388,-0.06647675771057937,0.12497445443058518,0.10850079312144147
389,-0.0649180417292169,-0.09438216990922542,-0.027214584167297204
390,0.04127102240142419,-0.15007340608606323,-0.06489539603954109
391,-0.08172778083898165,-0.006422087266405078,0.19071897446100122
392,0.10076652055980817,-0.15733628299933697,-0.1300757637906305
393,0.004715221326780469,0.1456793453547061,0.13591135614424718
394,0.05958934309054238,0.10098373043185735,-0.20650185752518685
395,-0.10264098762498773,0.035908164829747055,0.0990664330998573
396,0.055076923953746026,-0.16051664112846675,-0.17518351950009753
397,0.06814848997871067,0.05471635677885539,0.12334885103793947
398,-0.0471747416961668,0.008565837548126773,0.04475081299565855
399,0.021100999638219278,-0.05211218639318746,0.022323864371172362
400,-0.06188606918336211,-0.003083627951486501,0.13581765152687925
401,0.07605167177099686,0.016834867435348358,-0.05111479471669121
402,-0.10624818265316156,0.12832821800150318,0.2099461346037568
403,-0.0265885486688884,-0.14368811834638,-0.12466845157276636
404,-0.08689626226820829,-0.10323228007527428,0.07554597803908006
405,0.06018334026479537,-0.14227067436436644,-0.06784887588347706
406,0.06555012494633625,-0.002169436839361695,0.009629631660423823
407,-0.12150322079534065,0.1174207531454993,0.004904289340248072
408,0.12766086177324157,-0.09069134147225905,-0.20756837333955952
409,-0.07887310622018653,0.11362974530742212,0.22587836886242046
410,-0.032476804986167083,-0.051299210325193835,-0.09685839858125381
411,0.010186697355405191,0.00672947959604827,0.042629436205022506
412,-0.004920089450803225,0.08309069170315514,0.06708536405057464
413,-0.056576872033931185,0.08039645201614577,0.020855234602457907
414,0.03252288707458624,-0.08045021487692508,-0.09150326349557061
415,0.01857051657430167,-0.07161012914066257,0.04812713186261684
416,-0.07099860191593313,-0.05516997918618042,0.07677387287274323
417,0.003952501065380969,-0.0557335681764595,0.004217527166275485
418,0.05640537489434485,-0.06977982992208025,-0.06498036559191614
419,0.03732693569991424,0.09820334956563401,0.03204173072162406
420,0.02791989926785776,0.11917549421716067,-0.08412039844543523
421,0.021759853335585166,0.11131158412491113,0.00426199208792527
422,0.07019017962714617,0.04119571666482658,0.034728414701584255
423,-0.12176222057736427,0.0013529247521816973,0.05283027967244813
424,0.07749867706103494,-0.07980318426258104,0.0015755889114792837
425,-0.0358688891297272,0.0025578778259478865,0.0926639030503584
426,0.08546932054563372,-0.03191123450071194,-0.04538825930594284
427,-0.022125271723134766,0.11722105286837572,0.07044644029266625
428,-0.04120968362937409,0.018819882248013772,0.02830111459395203
429,0.11211338249557373,-0.1143990067084267,-0.03142868507521744
430,-0.0019105156985813054,0.09558134555945917,0.043053439914424126
431,0.06035133029719666,-0.059553620249888306,-0.04761283677867486
432,0.041589668209904285,0.09597747499389518,-0.09032093348673789
433,0.07545707961217778,0.10402426610096399,0.03267494092077211
434,-0.04938353040824178,0.11090687719567614,0.05069020745290431
435,0.07040634846016341,0.046044794557803304,-0.08187616436204054
436,0.0239908321839766,0.05493381587052822,0.10293185045655857
437,-0.09090141087973465,0.12296317317760724,0.12222491623327211
438,0.033952984336990774,-0.1437991300742844,-0.17108448084543992
439,0.0441704629593985,0.03823106922307121,0.07490437175800066
440,0.04600212335283276,0.0755609302329758,-0.10085795207809689
441,-0.11685148832568609,0.15474833680363817,0.1294403672474712
442,0.0683421559023365,-0.15811416127787373,-0.17209187065229797
443,-0.09313614390060454,0.03626953527540823,0.09333796967655207
444,0.13613137955077426,-0.047144544459946744,-0.25025016082839235
445,-0.15076062684074404,0.19623535042665524,0.22058103437984533
446,-0.019144858317975896,-0.138133310864997,-0.07962338597970321
447,0.022311594498808412,-0.055132428092609674,0.04837038126646975
448,0.07676027050039269,-0.06974790639851992,-0.03496824863072301
449,-0.032349334496415576,-0.039703590022586076,0.12741987035839114
450,-0.007837488716254141,-0.11297517285240227,-0.07591331751681893
451,0.013918130953427348,0.02946940531785861,-0.04096110139599054
452,-0.09951882186572072,0.05880297155989733,0.0931512407066461
453,0.12169530018986012,-0.1079580251084042,-0.05313379113541805
454,-0.048853233994454556,0.1072895645142075,0.046328815898757494
455,-0.009804111846690302,0.019768965273496905,-0.08155776709965419
456,-0.013219186042224294,0.07178637029210982,0.09281068481640878
457,-0.05105661367500708,-0.06791306404649053,-0.05830378850542689
458,0.11858277774768775,-0.11868422992117385,-0.005419520646889789
459,-0.09125613370830657,0.11900985459564305,0.16209634041940757
460,-0.03316881232910029,0.01844251547630877,-0.08793827472262383
461,0.06274257025396944,-0.09211075608439503,0.09190197339466522
462,-0.01584745352986148,-0.051131933524361954,-0.06750544289095595
463,0.09503317613520547,-0.009990517867555684,0.010290253017253219
464,-0.011940312429408018,0.1174420569799594,-0.08838198831123997
465,-0.05708328484520884,0.08878075138451962,0.12697261263151777
466,-0.018746005357991802,-0.10437670526775002,-0.03430118109102157
467,-0.006360153994925181,0.003720198285641685,-0.020088731015288845
468,-0.05728858353051088,0.009435359484519764,0.047412313339112694
469,-0.041464954278608745,-0.08444667653007915,0.08420694802084794
470,0.09253634086847772,-0.005947618094905079,-0.14372998910111623
471,-0.08957499809958636,0.03158878136054212,0.2256438851035829
472,-0.03126632744235319,-0.05570065767379348,-0.06729949670094482
473,-0.006158394657397592,-0.12971275459661086,0.07423120153960316
474,0.063293777025763,-0.11112206184533271,-0.08616920882465695
475,-0.10742990252225246,0.011669971458586552,0.17570940263571008
476,0.1268374505950428,-0.018830644959530185,-0.1158446109185873
477,-0.1237746593336021,0.02521542786077284,0.08652956322164648
478,0.08722183533785907,-0.11785529882038596,-0.10686507945541387
479,0.05053925050412096,0.11612803597865771,0.10713376781405966
480,-0.034805878667881096,0.08049064053648171,0.007988005147987517
481,-0.026944003647824927,-0.001814096949055809,-0.053012454214300786
482,0.017047995073634446,-0.014503802976872671,0.06427620328569572
483,-0.09244535973896792,0.03425874636606823,0.12229469135664055
484,0.05614834295703511,-0.12923114769449484,-0.05717181135943686
485,-0.11311526046500646,-0.07722115675213029,0.1962507384078118
486,0.05727785661677626,-0.1593578871945919,-0.1476562663628033
487,-0.06287799957536172,0.062381441960139124,0.07391802571595453
488,0.04494889398033958,-0.03623510884312407,-0.05230601417667771
489,0.051690033287759354,0.04252879209124783,0.07941697572748546
490,0.009831262588391874,0.08718569466580461,-0.11655773348151235
491,0.03733856981138573,0.01599127542447728,0.028643390198024424
492,-0.07404584320506735,-0.04020522039452134,0.0978873417558464
493,0.12430694888382005,-0.13385326781486084,-0.1853497045059655
494,-0.010699852573339344,0.04139959086832769,0.19145934009619459
495,0.09105042484835471,-0.08238372313791448,-0.1305703731589078
496,0.03060788542459439,0.07031922733570785,-0.036370112685388534
497,-0.11070022559346888,0.025953461975390373,0.08734726979354407
498,0.14081755713959415,-0.1328181644785721,-0.06793817147015946
499,-0.09066015530627826,0.060292295080973314,0.12520000729294578
500,0.09488351722852714,-0.1555572965530828,-0.19314375677652418
501,-0.11203996703540034,0.0918107456400521,0.16063016245050626
502,0.0463705375834292,-0.03914490110684202,-0.0845499692896293
503,0.010722479137304782,-0.0022345772647838352,-0.011904520315974554
504,0.08336422981942657,0.10394710097721724,-0.04095484425314814
505,0.05025468546788381,0.02997477717301368,-0.012824996136961912
506,-0.06823282043629966,0.054217934742916765,0.04059559091133514
507,0.12418947092136773,0.003114954848922352,-0.14911572113282046
508,0.032708553722005894,0.09270473977590392,0.07049516276442887
509,0.009015139638442462,0.1062852785882816,-0.0462873089556056
510,0.06369971252444519,0.08843678479430007,-0.07010211679667568
511,-0.09119541551955535,0.1467586384556403,0.06302578633532993
512,0.09996091872313365,-0.0436850083879936,-0.12519902302188018
513,-0.016016146636920504,0.011595950016481393,0.16759349206203233
514,0.09028581484724543,-0.05631673944420429,-0.22666580906049005
515,-0.03585821215645565,0.0654906824181457,0.13477863547011154
516,-0.08106465871600053,0.012121994512192858,-0.0664322714599187
517,0.025490482990183493,-0.15795444518135254,0.001162018663438187
518,-0.04395940857901551,0.06511443575699145,0.055557283480128686
519,0.00682835751412115,-0.10509744128027504,-0.0908242608276063
520,-0.015887932083327942,-0.11516990935023341,0.052152999800492345
521,0.041252904996529005,0.04933461916287062,-0.11545400765589539
522,-0.03590068393976604,0.05348388681134287,0.11385237636720312
523,0.04317393520583156,-0.001194221306661039,-0.08268648989452154
524,-0.10679692472655394,0.1330003830892637,0.22003000240285236
525,-0.031148591347253646,-0.0030767987378275616,-0.1747628588127742
526,0.00949421365558808,-0.06495107868870369,0.16155398340095917
527,-0.07911859664874693,-0.10164538958336516,0.04700083095523107
528,0.0652906336046379,-0.0374494639164875,-0.16832911973366207
529,0.06138139379739548,-0.016450414206381422,-0.038081845569111566
530,0.0613982666558298,0.10237434072341331,-0.022707885356439708
531,-0.06201101197604082,0.12438177253758036,0.021805805355819018
532,0.05705586114777808,-0.0062025677444121526,-0.13208227836418146
533,-0.10295741529054875,0.1042598745879927,0.22335935014905378
534,0.0882660688653007,-0.023197018021705977,-0.2178947804936393
535,-0.11132274788089777,0.08956197759371964,0.18971517094545406
536,0.1365658605643179,-0.1282178891936275,-0.1392596700344902
537,0.008537291862507054,0.13465748217273027,0.03411304664038187
538,0.007088704185599882,0.12620998233082184,0.06432750407590905
539,0.02582183838105927,0.0970910072052053,-0.04180294299469664
540,-0.03883473057910682,-0.03156301021935698,-0.02271332749510415
541,0.11275763689998483,0.05426874012125962,-0.13743275006975478
542,0.03548723315117578,0.11234928941362293,-0.03257434638768361
543,-0.008206976775928776,0.03567054509142255,0.10536847608523464
544,0.05487674179742062,-0.07419411835365348,-0.10875426309480024
545,0.04593640443162257,0.0034353173374916807,0.10121585351484794
546,-0.011895280302180233,0.12627056590827795,-0.11112789720189169
547,-0.03639375361000514,0.045004468547358914,0.16743175122713125
548,0.021832503624426774,-0.07019789305821336,-0.12318859260436334
549,0.00815634664558441,0.019075222910035983,-0.029367589493794623
550,-0.05318466687540726,-0.0720795404356903,0.13145013587244955
551,0.03070319446236327,-0.038068981928510416,-0.09920582648632813
552,-0.06494800886030658,0.01100518707164436,0.03520010200538294
553,-0.011010911172356419,-0.12578173760860092,-0.10436144026250235
554,-0.03628172656915548,0.02676353588221663,0.11151077580208121
555,0.055887749625240186,-0.0029946570632369586,-0.11200591151674716
556,0.015621239057758491,0.11145486293466014,0.09075601181522527
557,0.020318379071015417,-0.004004656797920156,-0.12780204119666186
558,-0.06729565073751977,-0.03464814653251526,0.11483432399671546
559,0.0521658521971234,-0.10328449293902286,-0.18463033456804484
560,-0.09329030483970382,0.027338896751234108,0.16058980205184858
561,-0.0090216150746677,-0.05725709792295486,-0.12119419475714605
562,-0.05259822645874227,0.07511014970688731,0.16068541484458393
563,0.025024664744029108,-0.1106997356955776,-0.11332934691039896
564,-0.03656856753731737,-0.028821282076316977,0.038850959815095745
565,-0.0032935042184745814,-0.05009114654373741,-0.08189872274546023
566,-0.013206186600852158,-0.0434791833167355,0.13896675745070414
567,0.030433006666585015,-0.05797457848016824,-0.11153425077039432
568,0.01975142257609383,0.008013278349891361,0.13360406913398654
569,-0.09921450777911893,0.0752797803694866,-0.028600080398157077
570,0.007560470124310374,-0.1282542045068983,0.04137609528523022
571,0.005903676327311501,-0.008708096839649852,-0.019032523070586088
572,0.0871750659795634,0.09747854879208996,-0.03913917610699669
573,-0.12523262227907303,0.16444587006552303,0.20249603911719372
574,0.12028332890789403,-0.03830475625430071,-0.1168735164673759
575,-0.061648559384742986,0.17490947825295067,0.18780987457581808
576,0.009790024650682298,-0.07166757831808156,-0.11640715487633249
577,-0.06753292057600416,0.032558062027580346,0.021568780937414295
578,0.02673945106530888,-0.037388202957308145,-0.12202551623649942
579,-0.0520053012146201,-0.07361058076232863,0.07089429836471559
580,0.04418408562943661,-0.018931864200644744,0.02090579597415232
581,-0.08387307421564817,-0.04930029457163584,-0.006783496848820389
582,0.03523054774299454,-0.17355822098045953,-0.12091270607964653
583,-0.03614491414904166,-0.002316624110410467,0.14480364097932275
584,-0.07714647625150256,-0.0945235946633276,0.026358510380648348
585,0.09532342319086896,-0.1742896411442345,-0.004660424121806159
586,-0.13828102552794141,-0.034854904796248816,0.1050977857259506
587,-0.03199578523183706,-0.15514225019133376,-0.06537423822505488
588,0.03206003335917333,-0.010930829018366381,0.09491348957931203
589,-0.016600921079888607,0.01572290234411392,0.049144680871119596
590,-0.08704986686428884,0.04833814885655118,-0.021617916853833782
591,0.09037758094401058,-0.09310768198490091,-0.13306433377832844
592,0.00783367559320855,0.09410616512307954,0.10084509258689245
593,0.0016671419110414762,0.12722570177496287,-0.057250110607009796
594,0.07382160629217907,0.017905512782409882,-0.029174465903367648
595,-0.07403202340128937,0.14704408176906958,0.026349279246926212
596,0.06453218806905389,-0.059394223670440366,-0.0100553048660173
597,0.05496879026977112,0.0855663852172318,0.05900702214000734
598,0.05027312971340392,0.16626019803909708,0.022949203600444473
599,-0.01167652113585842,0.11731266597744293,0.023002455528155497
600,0.01201171118306929,0.11843413395340802,-0.1014463547534311
601,-0.07153594463195187,0.09027892093468964,0.03099769198850734
602,0.056402408857996966,0.04660108361152433,-0.13359009034958705
603,0.07219094218516911,0.1288766943403083,0.014857916175134583
604,-0.06705352610904655,0.07418513972292966,0.08340802092946861
605,0.025005589083726392,-0.06291551756703198,-0.12704656294677968
606,-0.08142243413928585,-0.018721568379669793,0.059472026933321806
607,-0.03508340853192849,-0.03854763052847937,-0.0729308761994776
608,-0.027980736663608213,0.022537578463966645,0.1414144757283038
609,-0.02879582493122386,-0.011287038375459206,0.03200759652099274
610,0.010061819790728368,-0.1275868396727266,0.002034565392189467
611,0.08684959611150189,0.0639460963929323,-0.16212164480497393
612,-0.03474748260721926,0.04924904472952932,0.0638357486091719
613,-0.011047763213760484,-0.02745691440946813,-0.07666995576408543
614,0.07254771724674043,-0.022070702549825873,-0.08637428703685547
615,-0.014653232005738252,0.03995502823576117,0.04324102521429607
616,-0.05191824436989749,0.03473206769612922,0.05447491681501294
617,0.043633562699713,0.05568807036211113,-0.15705487194124362
618,-0.011662989583751148,-0.017337045469860153,0.12336903523617188
619,0.04730641302124779,-0.0073921378298237635,-0.19811247655973413
620,0.03850918607387443,0.1287357635532457,0.14078348042379832
621,-0.06079490926268142,0.11166281741375716,0.038012329996148536
622,-0.03472720211762095,-0.0512116039519484,0.05925186407572573
623,-0.04634858164466288,0.02183432322230662,-0.08634722051654398
624,-0.006783608243674428,-0.060679565138406555,0.07275290147632657
625,-0.06273909247954607,0.042190220681332616,-0.029666271183601226
626,-0.0011168714122263106,0.027024099799858932,0.08061710687030815
627,-0.08609010767279295,0.06177517537640175,0.12883598008738206
628,0.044048176416061235,-0.002440555285390819,-0.19154486118876532
629,-0.06477677286581601,0.1306852162022175,0.08293849327574758
630,-0.05530145088984862,0.023199094228516945,0.06268728204729587
631,0.05833807594997645,-0.07130708811507382,-0.020462359510021212
632,-0.019939425356661475,0.10568325029101304,0.1024638941097236
633,-0.04499911128764987,-0.07969107231462123,0.015935766288486614
634,-0.01758802909328728,-0.12601949326675344,0.044482810916281694
635,-0.02124647540595387,0.0050215026298920315,0.041381097386955626
636,-0.010337288711981309,-0.061384100879235515,0.077464014185395
637,0.07075336302269764,-0.09357516675159971,-0.061052612195021116
638,0.05970569546366464,-0.038986508261529385,-0.062269867837576896
639,-0.09227409388537733,0.11319456584212428,0.055917008279591396
640,0.04508024034010961,-0.042145885085428235,-0.10873848632316573
641,0.03552603585208067,-0.003309119167148579,-0.049844246234500185
642,-0.09693136451489139,-0.02583599430048992,0.038120744503457635
643,0.01071377596135304,-0.19763129626580905,0.06585191189305922
644,-0.06145195501835518,0.022132724031623974,0.043916868204905216
645,-0.016083736251235707,-0.1376495620322635,-0.10182514008642285
646,-0.04609826981554687,-0.1470012624064114,0.02619008592146889
647,0.006494081242752357,-0.0628229495481381,-0.01622862719882405
648,0.06225142352271866,0.05960037912093777,-0.09477728647940999
649,-0.020933677819551997,0.16773359689121012,0.12152599934710308
650,0.059952666899886584,0.06976667399941425,-0.03554691566552429
651,0.042041438832514225,0.1714593916805622,0.001995400296338455
652,-0.06509163131714847,0.004650023638465825,0.001487301588036699
653,0.014808303824617942,-0.016713603311134362,0.04732150627814241
654,0.08569392121710187,-0.05145940506303801,-0.0850764214518118
655,-0.053581797816973406,0.08386862502160425,0.0698754469716478
656,0.028009463009454175,-0.004647248510805113,-0.10820212429780493
657,-0.007201582157842843,0.0796085510705235,-0.033314999789747696
658,-0.028881869425194405,-0.03089094812009889,-2.8527357397375996e-05
659,-0.04118776368901641,-0.016593848854745727,0.12782348054614928
660,0.10961818187646033,0.037203000223858355,-0.2362571065137723
661,-0.0704178787787445,0.0658714598164884,0.10937167094687411
662,-0.043568019074590444,0.0032361572992614038,-0.03675319046462773
663,0.06317899447672337,-0.020030737157439502,0.0025102489925269353
664,-0.057450058046638,0.03468130874299541,0.12674988809037555
665,0.11693256998081938,0.031055226709331113,-0.2194970918338901
666,-0.11634456470516256,0.08751831596017494,0.15381351890567063
667,0.14521982215148677,-0.033092874975775594,-0.10320467651792303
668,-0.15453987691546986,0.044647685682904156,0.14611772124807024
669,0.08785472726140096,-0.06447613449262483,-0.17160816728325443
670,-0.06379707199709597,0.06891137501348235,0.13694560519362997
671,0.06874082232671358,-0.030861264718087915,-0.12266727244597392
672,-0.0845694910759322,-0.041705555990804666,0.1789130975384556
673,0.05685943433742942,-0.004698406429194807,-0.22970301640079055
674,-0.12081451080576891,0.02147144832406547,0.16301659270083713
675,0.03888042984666429,-0.18964960769989003,-0.14296910416613093
676,-0.01619389212740312,0.0629217018585499,0.1045361730537116
677,-0.008567846637624946,0.04977462824089515,-0.14567749752414616
678,-0.04436170247869967,-0.0590080434066317,0.02365131737571677
679,0.08321718612530994,-0.06425901327579589,-0.05949702734171405
680,-0.10253117251973826,0.015188882257812127,0.08266879085015211
681,0.06771141513458856,-0.10757632274187762,-0.16235406976362213
682,-0.00449913429238516,0.05054358300066826,0.08239568313315312
683,0.002443303038113189,-0.02787864004939122,0.047074377168042456
684,0.05618046256049943,0.061349973685320504,-0.027991088505424172
685,-0.0007209495679975364,0.10349323300599139,0.023431045566073137
686,0.005724128915119076,0.02050796565579543,-0.09523668525000153
687,0.08895696869356524,0.1097970648486736,0.05536673502623373
688,-0.0646359980654465,0.07608412147497746,0.07402272734675575
689,0.06523683901041347,0.03208492194099877,-0.05315263705086937
690,-0.015878884237985568,-0.02364739350134068,0.14003497631058548
691,-0.08593780474092753,-0.1187120469311368,0.022090450236000387
692,0.033391270245859646,-0.20532873206867633,0.040084290224094
693,0.05610948691845561,-0.013422268073031747,-0.09311130737322218
694,0.0054137574446676134,0.08863205186962705,0.025641017461630968
695,0.03805060432376114,0.01597710565650053,-0.038469483850666175
696,-0.03192087642156399,-0.019695809323153762,0.04726435428995021
697,-0.07008560699550691,-0.07427995363405988,0.11869159072944839
698,0.11700461177207341,-0.03235052323455326,-0.10874150609370609
699,0.02802327588922507,0.005669838276222111,-0.029110325681745174
700,-0.10480036880422777,0.084249178656356,0.010525765900331413
701,0.06726537010138492,-0.05185541306097427,-0.14585682191830568
702,0.060478112217840226,0.007030816379063963,-0.021039713886851268
703,0.01223404853529177,0.03671926355157272,-0.08573181502638717
704,-0.09089100299579293,0.018097545245712658,0.1542159324605086
705,0.08014441134523319,-0.015785543562242155,-0.23717149618319838
706,0.051327320744485525,0.04626875464558426,0.1572540742767855
707,-0.07979383829619897,0.08263470719813183,-0.028133797451926124
708,0.08674866359340441,0.008619851744069103,-0.1253603411623463
709,-0.08288015473564153,-0.008985844497734721,0.14271297197376762
710,0.034544590731086,-0.11284932231307437,-0.029529050425434147
711,-0.034164091192105395,0.008986160282269132,0.001913174713072771
712,0.09686906709997944,0.05054271570437146,0.017218486745833164
713,0.031484751571591946,0.07090975007653444,0.013209534780252448
714,0.03318086694881102,-0.013239348596188374,-0.12999300119494164
715,0.03634344445933718,0.10721669336695219,-0.00555299710190451
716,0.01578490713517572,0.029265517715256983,0.054238130447338884
717,-0.006665601630820019,0.10794532178130237,0.04246203451784285
718,0.04639739517746314,0.08488954163052226,-0.03675556897213199
719,-0.07926193879575527,0.06804460832499142,0.06654328033890433
720,0.043696732192717726,-0.09972536285760146,0.01257035863797834
721,-0.0957615285751218,-0.05909488561251344,0.07603566166908979
722,0.11677596071779814,-0.13962667998966846,-0.15196959617412292
723,-0.01847363160529218,0.1285940901366332,0.09813647940945953
724,0.0051552436414437595,0.06107831820721572,-0.1419533802767824
725,0.06686314361158568,0.018773421492456692,0.09185915773609821
726,-0.03114982881903961,0.029091646538852337,0.0712579818996007
727,0.03136947846776338,-0.10610003738797469,-0.12879692256588998
728,0.015595408609146112,-0.04529019702414459,0.060925866711274285
729,-0.061192222962869615,0.07937176364563536,0.00847192378035658
730,0.11471674310649216,-0.040155513958191585,-0.09640092395798014
731,-0.14564501124641793,0.1750967622381742,0.08749152631338214
732,0.02407790439735885,-0.007616387640324601,0.026041311273622803
733,0.08754803234462503,-0.07063393067087831,-0.11596736497247151
734,-0.03680005108938225,0.10971959027513371,0.13645414422102514
735,-0.01700973368390164,0.046961732202013655,0.038490234742615946
736,0.011119713074112305,0.015062890952464504,0.020381767555721797
737,0.045121775303089764,0.10725883880795004,-0.03543879373951833
738,0.05953281909961319,0.12125404985407594,-0.10829508793018441
739,-0.0877292482014802,0.0811814708663741,0.17112618898398524
740,0.062372927876390004,-0.09793247558801668,-0.11375455074471455
741,0.00978280417965929,0.03017672189681663,-0.04447247984838326
742,-0.03236951604258118,0.06761751789857362,0.09980016686774633
743,0.09252138070963802,-0.06885926174345516,-0.18635002209586107
744,-0.0988393752493611,-0.0011974269002679727,0.25657992083790554
745,0.006828071163677701,-0.09346363227720232,-0.2312485933593661
746,0.02734359221915843,0.06203862077800641,0.19522411580043136
747,-0.06520096255310542,0.10446013725349577,-0.11021709950572231
748,0.016244198390212596,-0.1007234953381739,0.13179471068138465
749,-0.018307314454436938,0.016439939241290773,-0.09633166008787705
750,-0.06675699356833667,-0.036088011080820596,0.06599907456058784
751,0.020139924432574896,-0.0736179873883528,-0.021000730139728977
752,0.023883895772653527,0.020002832010531515,-0.09300661821871475
753,0.05314729602952929,0.11715995964480802,-0.07389148747784294
754,-0.009703356681782606,0.17926683313748926,0.021350234284488512
755,-0.052596731674910295,0.13579595433823013,-0.03654663770772219
756,0.10986808534684123,-0.014305743895288507,-0.15163572219349525
757,-0.10318889438907693,0.1642576783668012,0.19373299861163573
758,-0.0003811030039152924,-0.12526099773567848,-0.07502548462470954
759,-0.03964953901597774,-0.012859957437016886,0.0657886795830525
760,0.10688007643867035,-0.12195016530024623,-0.147074699264436
761,-0.09942386332412523,-0.007498277737343337,0.24860844807248053
762,0.0679958018365347,-0.1092244620896547,-0.21970921139047955
763,0.0156836487071274,0.07025526916277829,0.06365471009193663
764,-0.028114578643026626,-0.028855699003914895,0.026062492573545898
765,-0.032654296722318815,0.0032535187587874395,-0.011319305803258206
766,0.0038761987324730223,-0.07645235180230522,0.0876919241831486
767,-0.05160140477913582,0.006493277501857849,0.020360551350014647
768,0.04365798878868031,-0.14634030204392756,-0.06596843462444812
769,-0.04563427781306372,0.08420670695713295,0.07067946404185127
770,0.04947646932068135,0.035646430889168204,-0.0569564566101552
771,0.01846403310543168,0.1347550452534362,-0.06052078558374499
772,0.025716602892145203,0.029571058469108683,-0.07343156667080958
773,-0.03578410072967119,-0.04396817012634932,0.0331611435915182
774,-0.07847292908460282,-0.12104411376450389,0.05083840891669167
775,-0.019646710434288013,-0.07721399477366302,-0.06912175038158654
776,-0.056536755373154654,-0.10011049230686184,0.12517683495153673
777,0.11909108009953268,-0.10504865837810073,-0.07628950610217869
778,-0.08380457892140691,0.13642883897357377,0.18148422607933618
779,0.06625881880777343,-0.10681721115510204,-0.13857859128080074
780,-0.06331492542247746,-0.005387594357980231,0.06400576848694717
781,-0.03242719228726397,-0.06891105574490991,0.03990322043866283
782,0.022467685709490384,0.036692615444393076,-0.04436064233678216
783,0.07675723036967608,0.03278652786021165,-0.12322303951594635
784,-0.028832655726038506,0.037745696502363764,0.17359606368766806
785,-0.012607819591748552,-0.049566586332525184,-0.0453217388552528
786,-0.026438621344790126,0.009104995053969615,0.046408248356239495
787,-0.059666733123401205,-0.09902163137850896,-0.0009789448542681344
788,0.10895329194724371,-0.008726782618802123,-0.1897760269202902
789,-0.009203277464008681,0.012133505670400238,0.17148067770480913
790,0.06387817007457319,-0.0040301254396481485,-0.16526322112622385
791,0.0542401302147754,0.02380507722198697,0.020694586189759983
792,-0.07467806947095999,0.09922195854051295,-0.03061773526042666
793,0.11361736052795662,-0.08410793344995393,-0.028211729878219176
794,-0.1262942268231258,0.03273572544596313,0.0803838932835152
795,0.018132799177067685,-0.011166738219003672,0.0017765643240270912
796,0.05689802423113345,0.014860542028020042,-0.11489537177066508
797,0.03197638545675584,0.10333214649806505,-0.006283097118991297
798,-0.08104267842946637,-0.016825800454193754,0.030031150037047018
799,-0.04505880994169422,-0.17366320359599452,0.05119972385501084
800,0.1057646787336558,-0.13355400164613648,-0.0857575056666489
801,-0.012228885671883925,0.1600459601317204,0.008430961661285867
802,0.09234186645264694,0.13214769455584552,-0.15819352800232195
803,-0.1361161027017913,0.04465771215396716,0.09571858891940593
804,-0.02371626116024217,-0.1741787779076607,-0.044730857579126024
805,0.01573220569909085,-0.05086561007337624,-0.04771980221269058
806,-0.000977967437313194,0.08434965868578892,0.08798765159469484
807,0.0829337939934056,0.051702866984231405,-0.14038212240677952
808,-0.06725950044262251,0.18802391835316834,0.06996308072320048
809,0.055888259692336725,0.0692876723358995,-0.18072031717949733
810,-0.022938151156508033,0.06593732524448456,0.07106789516680076
811,-0.025590120586593098,0.04201293524731009,-0.0005621014950721176
812,-0.01073906550572377,-0.00868369476912298,0.06992086348609981
813,-0.08501491636665529,-0.017060919110937097,0.1021730323938175
814,-0.042256736142914676,-0.1557288591105574,-0.02971321373689728
815,0.09024732451337081,-0.09822137484789435,-0.1563330870158793
816,-0.11952366440329007,-0.007279583682194224,0.18806492565389957
817,0.04875834288255498,-0.14839068576858283,-0.12604768429816796
818,0.048237965550362916,-0.009461181706479626,0.05047374968413662
819,-0.019015712606591503,0.05893453695275376,-0.08555345416440795
820,0.03233039010963819,-0.0689562704529173,0.07842739383037858
821,0.07659835675304678,0.07433487532353072,-0.01865649528095996
822,-0.028073264244727104,-0.005968856107976567,0.12399590984677558
823,0.10627559668728102,-0.04026846035504435,-0.06808751843056482
824,-0.11135560598774782,0.1681787944470588,0.06813752263509548
825,0.11516006597909562,-0.10910099751613644,-0.2138975341469146
826,-0.05681077157892715,0.09290086911377916,0.20101516471313208
827,0.056708115914382504,0.047912286192582136,-0.22491326597124162
828,0.0724659406528293,0.07592062082605136,-0.016308020722165723
829,-0.13285423156181936,0.12599988450131694,0.052862064239603546
830,0.049810782253358,-0.037679138771974985,-0.030901195073096133
831,-0.02586840825982828,0.0659984818869237,0.05269260820247499
832,0.055448923419686505,-0.05641537402217215,0.021778702091580976
833,-0.0846757189820478,-0.050177949823465726,0.04926925696158726
834,-0.028964843362815233,-0.1459092353735641,-0.04712936865492441
835,0.004911586572167509,-0.08521870420342169,0.05617642830168028
836,0.01406508689161458,0.026946075024569065,0.0222029819264999
837,0.06678621282613924,0.03258975116265833,0.03175505108357157
838,-0.0807358714091641,0.05363707429082967,0.05895958943268195
839,0.13346049081821024,-0.04563513399960331,-0.12310511177957588
840,-0.043650403811934954,0.14094451076958128,0.05565491517917881
841,-0.03903738391990397,-0.083259724285213,-0.027135023973517476
842,-0.012320690445965645,0.002149677294569996,0.07425138361709552
843,0.04107224770220914,0.023771921825716615,-0.03282661823570434
844,-0.1026960040743091,-0.00031319967071414406,0.03351417955302796
845,0.05736967583515812,-0.003478696743347151,-0.13111336109709204
846,0.04170280092660296,0.11734326385113135,0.09825052189499553
847,-0.0883108400310617,0.1433757988160122,-0.0637813321999555
848,0.05996733797854405,0.02634976529298396,-0.07253069924600558
849,-0.027331257478272978,0.07247855343542622,0.11599381825029043
850,0.046498456019695183,-0.07499627703691158,-0.11534247034712493
851,-0.0068631385578929865,0.10913495695551367,0.07133533422538858
852,-0.07311139805501163,-0.06184974757049641,-0.014930104133155257
853,0.06103296368170529,0.0009043423218859092,-0.10860323722380287
854,0.05770040329147352,0.021843243952247765,-0.08578014861161229
855,-0.037841833182117014,0.09191863886236758,0.1166132304539775
856,0.10201216203565058,-0.06366332489433349,-0.1301896178956863
857,-0.06371475717399261,0.14549242730437179,0.14874294717307854
858,0.10518978480033594,-0.04139033767666428,-0.1389957265130443
859,-0.13706243572397558,0.18645267652683678,0.08863141564764924
860,0.03909018036582887,-0.14550316673695146,-0.008275182185924643
861,-0.11095805552563985,0.08306526391015076,0.08994650507744836
862,-0.004415644213846,-0.03686912991362076,0.05094452719250353
863,-0.010290865364207386,0.0636709346180781,0.022212862724458743
864,0.07580222237522696,-0.03752437574759595,-0.15543396077692773
865,-0.012458258191170753,0.15012809047596432,-0.003441194143453827
866,0.027028584820826672,-0.0025808385332020053,-0.06104257793463426
867,-0.09631900504184565,0.10200465254355642,0.18032468790841713
868,0.006192907622591448,-0.017634947513414323,-0.14982640889620671
869,0.08541562812581305,-0.001338570202012345,0.08577355629721771
870,0.04193246796616125,0.12977344439134286,-0.059160401982230035
871,-0.10055602057266914,0.03244828288911347,0.20100138278940813
872,0.06972900209927205,0.00971920624630998,-0.17832807476969764
873,-0.015915549908459767,0.03228000696601901,0.055270491316707145
874,0.07205451781522625,-0.0496370049632885,-0.1837232600632418
875,-0.07384276104111206,0.07622645615212546,0.10830200773985894
876,0.0541008836474572,-0.11413399781292811,-0.14094877902733124
877,-0.05111354351893807,-0.02178621218145666,0.0528142772870544
878,0.04865084712165066,0.007931971763451937,0.009679407334936774
879,0.05761372105230641,0.0024727625907517425,-0.13660130919393496
880,-0.1047604600634529,0.12938826552549926,0.19730073000182546
881,-0.033594697554288365,-0.06004848773696505,-0.0914747874733153
882,-0.07158607704103942,-0.05776553721698002,0.04430410603588604
883,0.07577742241009239,-0.07194176112678012,-0.005720680950792936
884,-0.05327107260964131,0.010674537368090563,-0.009956100658336228
885,0.005726684240906128,-0.08879670569640125,0.03804618516550852
886,-0.09208210063222041,-0.000195553040870846,0.14082290085939494
887,0.08263900567005439,-0.09899031901999532,-0.06328630237543166
888,-0.11317664148146601,0.09040607594889014,0.1485490544464988
889,0.11634818610390496,-0.03903588886855883,-0.0833023172079748
890,-0.13742774544488306,0.12364920339199471,0.1953912374132196
891,0.07850920180506955,-0.1876530874543202,-0.16418653026669205
892,0.0552592544381749,0.03379170699428781,0.07399812318568233
893,-0.04896087498554646,0.13680477920217946,0.07785996605627378
894,0.10874550823855778,0.0735521542186161,-0.09381130928607634
895,-0.11710684386219253,0.040507788865785974,0.0696284283006661
896,0.07332933995937473,-0.07284122949997791,-0.13286083250202554
897,-0.04470303168023069,0.02128663926136035,0.022574076934732026
898,0.08281379194151478,0.03322445981265873,-0.052550458607714165
899,-0.0030859869661073805,0.05709188471169964,0.0591006194977371
900,-0.005523234359600273,0.015432582008072017,-0.022094381334855303
901,0.01422400515318362,-0.012430234431099703,-0.04057895131854239
902,0.002606061904599174,-0.07814961659612102,0.007648628022149783
903,-0.04737955073336714,0.04182919287892728,-0.0033967183210389107
904,-0.04110645978789827,0.0009676034155271379,0.11553653400052649
905,-0.03801948352275865,-0.08228231891578093,-0.1271782743365099
906,0.0014826692878653278,-0.1353991872279353,0.026305267620500644
907,0.07891290108604185,-0.1102468939182947,-0.017315975072710488
908,0.036362899860670164,0.014635985130892485,-0.017169168389730278
909,-0.059187296982523355,-4.1087409488375914e-05,0.08979306580561035
910,0.04729211526308877,-0.09838260125675566,-0.147949475249384
911,-0.08506916443229212,0.02272699215214958,0.16238315506161505
912,-0.015715265636408134,-0.06491578405045897,0.004741089180028829
913,0.0026260887489773944,0.03333802745590399,-0.021612325003036923
914,-0.10002813989081662,0.10813816049263246,0.030358132135782007
915,0.09138554385763566,-0.12329974930446502,-0.04777530623220658
916,-0.0976538786105659,-0.007460630463893482,0.1672677495127521
917,-0.0294059507244743,-0.059967145826661496,-0.09144118511853215
918,0.0831801159397082,-0.02586441381570845,-0.02219145504764723
919,-0.004551882399209312,0.15305359833167895,0.04219967947449972
920,-0.04471610169497673,0.09462592517602354,0.02108480322408877
921,0.00021192583274800073,0.012271395191079528,0.060671386199826066
922,-0.06782406345558878,0.02876173655676605,-0.06482381898657202
923,0.02730101392653408,-0.13406123585509733,0.026677376074031867
924,-0.007436392010125208,-0.06737792958037764,0.012783093866676778
925,0.036545575918456044,-0.10417828078790424,-0.05690506552880602
926,-0.10442041308136366,0.05276178038194091,0.17217908282813343
927,0.13647951774542408,-0.007492802132312862,-0.19738690968596917
928,0.00869345248908579,0.1787406755218052,0.03167235267674105
929,0.09037606626395216,0.05321231333978045,0.00387902134002166
930,0.03211360606697823,0.1325190010870797,0.003189483338332546
931,-0.010666511838759512,0.08417015235295772,0.020826939625295283
932,-0.014376881048910179,-0.02267898187050965,0.07391018408012943
933,0.04363361059177327,0.04665399571056887,-0.08559829324144673
934,-0.042390470669992575,0.10838503929751936,-0.015270810045775962
935,0.0752718644313089,-0.03347245155071448,-0.022253731744140158
936,0.033509771661784864,0.1155628420261311,0.011220448800567714
937,-0.10573473944499548,0.06702125025894516,0.10088655997140375
938,-0.01582435350732065,-0.028531753432672335,0.046700558221474335
939,0.022831920234318806,-0.02472820593417531,-0.007609634109195004
940,-0.008613722298141073,-0.08100725535845263,-0.03025809742628933
941,-0.028113710767162854,0.04318030960211866,0.03191615755452147
942,-0.030496500532603655,-0.0991701109681256,-0.0469644820252757
943,-0.08468532399905944,-0.10206144775004722,0.1351362166364764
944,0.1233922060950886,-0.016766293613551725,-0.24935362469896324
945,-0.11095002286268249,0.18434548163171732,0.24841980226480806
946,0.125939293612146,-0.12722567239605537,-0.15311353672585593
947,-0.09142461494314488,0.041308800071144784,0.22591009030821796
948,-0.05120363971238163,-0.15604983583186838,-0.09700330893544573
949,-0.06305879086343451,-0.18797309218855618,0.02015877271494479
950,-0.07031866271301132,-0.08081201305651864,0.10061257951317851
951,0.022886119016552853,-0.13438375560778604,-0.056905117024634896
952,-0.017935180273514102,0.02576684911985471,0.006318207457624833
953,-0.017811185080583387,0.07108949262711702,0.06516644454621554
954,-0.006760235404528917,0.021080377008854335,-0.020442658456714537
955,0.10250797137265165,-0.09048372230480649,0.019611183964415357
956,0.042714395508152106,0.09019558080602964,-0.11765127995192162
957,-0.11719399659851083,0.06172795581438111,0.20541282691839757
958,0.11103303285751764,-0.1574733111694367,-0.2750617156456886
959,-0.04093075685873787,0.06697817048037356,0.20602788129926128
960,-0.02217001569617253,0.049465552601827376,-0.17853036505914013
961,-0.08014412116878258,-0.045774063296353605,0.1455132672491104
962,0.07504616589534988,0.0021566445420945907,-0.0893179456263595
963,-0.02065566995086055,-0.011208564921897951,0.03640700421054559
964,-0.0703877520316635,-0.10809643132523103,0.08134161497792143
965,0.11431828817847546,-0.061294331651547004,-0.062235322247938554
966,-0.026310570304450675,0.1448660197049297,0.10503680894758785
967,-0.07715739539561195,0.06932501144064812,-0.006422494186214274
968,-0.014119011777364805,0.04324736128395813,0.10736249570966326
969,0.10591301512434602,-0.042273803082623206,-0.06252995760008014
970,0.048220358503909,0.1567304938478882,-0.09465676480998123
971,-0.08665724260728333,0.16370333116766583,0.11948394265273334
972,0.10358066690320432,-0.0929957646502948,-0.11813075988465059
973,-0.09850890986361678,0.03154199924993407,0.14233442185118314
974,-0.02222757601081339,-0.15143611955441474,0.03550898738013274
975,-0.02820070386769056,-0.1287342758761914,0.04743112219068467
976,0.05487308702108119,-0.15014640800136708,-0.04391969246810093
977,-0.08318133819070993,-0.023323228097634978,0.050713821406585646
978,-0.040348654706342434,-0.14892930370726093,0.0009602200197868843
979,-0.05861804989960576,-0.017074010632596046,0.05128096306637682
980,0.06807779467146238,-0.1378383591506425,-0.009916885910075696
981,0.05575383507100387,-0.07299511877447282,-0.09225766728427419
982,0.05678246922492277,-0.035007224925101096,-0.07414585387354436
983,-0.0759157954835066,0.1399729901527954,0.09107992242668761
984,-0.0016420921176974815,0.010308722978728618,0.05158526897227566
985,-0.02019753554905043,-0.06648188226387644,0.03358481375746669
986,0.038788862895164686,-0.08277860505971042,0.01838925250606596
987,0.0530105461276698,0.07667247494075154,-0.1018391153120053
988,0.008005889726089045,-0.002994355252390446,0.10246398295799758
989,0.03909848815180533,0.022292426446327396,-0.021645757878953717
990,-0.004740023500168052,-0.013457491717116514,0.06891616774982462
991,0.042496924980189844,-0.08381801505342482,-0.11974827154755635
992,-0.06572684087785727,0.07523098623562588,0.051642582260419304
993,0.025762148336309538,-0.037823470986299394,-0.08199234222012333
994,0.07832169084549052,0.0972099550646831,-0.005511638316530978
995,0.04916438523478632,0.026353638898512777,-0.034535271549203286
996,-0.0232897331736385,0.08978167812956717,0.07485475634747442
997,0.0547402974470718,-0.02495418827043114,-0.10890195938554659
998,-0.052561828733644754,0.11119232914144195,0.007432129494261933
999,0.06067611200158041,0.05088457981608673,-0.13285605829995867
